2026-05-24 21:55:57,429 - MockDataSeeder - INFO - Seeded Raga Lakshana book: C:\Users\HP\OneDrive\Desktop\projects\cube\CarnaticGPT\data\books\Ragas\Raga_Lakshana.txt
2026-05-24 21:55:57,432 - MockDataSeeder - INFO - Seeded Muthuswami Dikshitar book: C:\Users\HP\OneDrive\Desktop\projects\cube\CarnaticGPT\data\books\Composers\Muthuswami_Dikshitar.txt
2026-05-24 21:55:57,433 - MockDataSeeder - INFO - Seeded Prahalada Bhakta Vijayam book: C:\Users\HP\OneDrive\Desktop\projects\cube\CarnaticGPT\data\books\Composers\Prahalada_Bhakta_Vijayam.txt
2026-05-24 21:55:57,434 - MockDataSeeder - INFO - Seeded South Indian Music book: C:\Users\HP\OneDrive\Desktop\projects\cube\CarnaticGPT\data\books\South_Indian_Music\South_Indian_Book5.txt
2026-05-24 21:56:01,863 - PDFExtractor - INFO - Processing: C:\Users\HP\OneDrive\Desktop\projects\cube\CarnaticGPT\data\books\South_Indian_Music\South_Indian_Book5.txt
2026-05-24 21:56:01,881 - PDFExtractor - INFO - Saved raw text extraction to C:\Users\HP\OneDrive\Desktop\projects\cube\CarnaticGPT\data\extracted_text\South_Indian_Music\South_Indian_Book5.txt
2026-05-24 21:56:01,882 - PDFExtractor - INFO - Processing: C:\Users\HP\OneDrive\Desktop\projects\cube\CarnaticGPT\data\books\Ragas\Raga_Lakshana.txt
2026-05-24 21:56:01,901 - PDFExtractor - INFO - Saved raw text extraction to C:\Users\HP\OneDrive\Desktop\projects\cube\CarnaticGPT\data\extracted_text\Ragas\Raga_Lakshana.txt
2026-05-24 21:56:01,902 - PDFExtractor - INFO - Processing: C:\Users\HP\OneDrive\Desktop\projects\cube\CarnaticGPT\data\books\Composers\Muthuswami_Dikshitar.txt
2026-05-24 21:56:01,921 - PDFExtractor - INFO - Saved raw text extraction to C:\Users\HP\OneDrive\Desktop\projects\cube\CarnaticGPT\data\extracted_text\Composers\Muthuswami_Dikshitar.txt
2026-05-24 21:56:01,922 - PDFExtractor - INFO - Processing: C:\Users\HP\OneDrive\Desktop\projects\cube\CarnaticGPT\data\books\Composers\Prahalada_Bhakta_Vijayam.txt
2026-05-24 21:56:01,935 - PDFExtractor - INFO - Saved raw text extraction to C:\Users\HP\OneDrive\Desktop\projects\cube\CarnaticGPT\data\extracted_text\Composers\Prahalada_Bhakta_Vijayam.txt
2026-05-24 21:56:01,940 - PDFExtractor - INFO - Pipeline: PDF extraction complete. Total files processed: 4
2026-05-24 21:56:05,823 - TextCleaner - INFO - Cleaned and saved: Composers\Muthuswami_Dikshitar.txt
2026-05-24 21:56:05,828 - TextCleaner - INFO - Cleaned and saved: Composers\Prahalada_Bhakta_Vijayam.txt
2026-05-24 21:56:05,831 - TextCleaner - INFO - Cleaned and saved: Ragas\Raga_Lakshana.txt
2026-05-24 21:56:05,838 - TextCleaner - INFO - Cleaned and saved: South_Indian_Music\South_Indian_Book5.txt
2026-05-24 21:56:05,838 - TextCleaner - INFO - Pipeline: Cleaning complete. Cleaned 4 files.
2026-05-24 21:56:09,780 - TextChunker - INFO - Split Composers\Muthuswami_Dikshitar.txt into 2 chunks.
2026-05-24 21:56:09,789 - TextChunker - INFO - Split Composers\Prahalada_Bhakta_Vijayam.txt into 2 chunks.
2026-05-24 21:56:09,803 - TextChunker - INFO - Split Ragas\Raga_Lakshana.txt into 2 chunks.
2026-05-24 21:56:09,819 - TextChunker - INFO - Split South_Indian_Music\South_Indian_Book5.txt into 2 chunks.
2026-05-24 21:56:09,821 - TextChunker - INFO - Pipeline: Chunking complete. Generated 8 chunks in total. Saved to C:\Users\HP\OneDrive\Desktop\projects\cube\CarnaticGPT\data\chunks\chunks.json
2026-05-24 21:56:13,974 - EmbeddingGenerator - WARNING - sentence-transformers package not installed. Using semantic bag-of-words tf-idf simulation.
2026-05-24 21:56:13,975 - EmbeddingGenerator - INFO - Generating embeddings for 8 text chunks...
2026-05-24 21:56:14,113 - EmbeddingGenerator - WARNING - FAISS library not installed. Standardizing NumPy Vector database fallback.
2026-05-24 21:56:14,115 - EmbeddingGenerator - INFO - Saved database indexing metadata mapping to C:\Users\HP\OneDrive\Desktop\projects\cube\CarnaticGPT\vectorDB\metadata\metadata.json
2026-05-24 21:56:14,115 - EmbeddingGenerator - INFO - Pipeline: Indexing complete. Indexed 8 chunks. FAISS: False
2026-05-24 21:56:19,038 - QAGenerator - INFO - Generating QAs for 8 chunks...
2026-05-24 21:56:19,038 - QAGenerator - INFO - Processed 5/8 chunks.
2026-05-24 21:56:19,042 - QAGenerator - INFO - Pipeline: QA generation complete. Generated 13 QA pairs. Saved to C:\Users\HP\OneDrive\Desktop\projects\cube\CarnaticGPT\data\generated_QA\dataset_qa.json and C:\Users\HP\OneDrive\Desktop\projects\cube\CarnaticGPT\data\datasets\music_dataset.json
2026-05-24 21:56:23,594 - Evaluation - INFO - Evaluating CarnaticGPT on 13 golden questions...
2026-05-24 21:56:23,594 - Evaluation - INFO - Evaluation Complete. RAG Telemetry:
2026-05-24 21:56:39,272 - Evaluation - INFO - Evaluating CarnaticGPT on 13 golden questions...
2026-05-24 21:56:39,272 - Evaluation - INFO - Evaluation Complete. RAG Telemetry:
2026-05-24 21:56:39,273 - Evaluation - INFO - Saved performance metrics csv to C:\Users\HP\OneDrive\Desktop\projects\cube\CarnaticGPT\analytics\performance_metrics.csv
2026-05-24 21:56:43,869 - Inference - INFO - Query: 'Mayamalavagowla raga scale'
2026-05-24 21:56:43,906 - EmbeddingGenerator - WARNING - sentence-transformers package not installed. Using semantic bag-of-words tf-idf simulation.
2026-05-24 21:58:30,444 - EmbeddingGenerator - WARNING - sentence-transformers package not installed. Using semantic bag-of-words tf-idf simulation.
2026-05-24 21:58:45,058 - EmbeddingGenerator - WARNING - sentence-transformers package not installed. Using semantic bag-of-words tf-idf simulation.
2026-05-24 22:06:03,736 - EmbeddingGenerator - WARNING - sentence-transformers package not installed. Using semantic bag-of-words tf-idf simulation.
2026-05-24 22:19:08,264 - EmbeddingGenerator - INFO - Loading SentenceTransformer model: all-MiniLM-L6-v2
2026-05-24 22:32:39,925 - EmbeddingGenerator - INFO - Loading SentenceTransformer model: all-MiniLM-L6-v2
2026-05-24 22:33:25,263 - EmbeddingGenerator - INFO - Loading SentenceTransformer model: all-MiniLM-L6-v2
2026-05-24 22:34:18,013 - EmbeddingGenerator - INFO - Loading SentenceTransformer model: mock
2026-05-24 22:34:32,992 - EmbeddingGenerator - INFO - Explicitly requested mock embedding model. Loading MockTransformer...
2026-05-24 22:37:25,244 - EmbeddingGenerator - INFO - Loading SentenceTransformer model: all-MiniLM-L6-v2
2026-05-24 22:45:07,997 - EmbeddingGenerator - INFO - Loading SentenceTransformer model: all-MiniLM-L6-v2
2026-05-24 22:46:13,102 - EmbeddingGenerator - INFO - Loading SentenceTransformer model: all-MiniLM-L6-v2
2026-05-24 22:46:18,432 - EmbeddingGenerator - INFO - Loading SentenceTransformer model: all-MiniLM-L6-v2
2026-05-24 22:55:14,683 - EmbeddingGenerator - INFO - Loading SentenceTransformer model: all-MiniLM-L6-v2
2026-05-24 22:55:42,451 - EmbeddingGenerator - INFO - Loading SentenceTransformer model: all-MiniLM-L6-v2
2026-05-24 22:56:08,828 - EmbeddingGenerator - INFO - Loading SentenceTransformer model: all-MiniLM-L6-v2
2026-05-24 23:00:44,995 - EmbeddingGenerator - INFO - Loading SentenceTransformer model: all-MiniLM-L6-v2
2026-05-24 23:01:03,357 - EmbeddingGenerator - INFO - Loading SentenceTransformer model: all-MiniLM-L6-v2
2026-05-24 23:01:14,341 - EmbeddingGenerator - INFO - Loading SentenceTransformer model: all-MiniLM-L6-v2
2026-05-24 23:05:31,727 - EmbeddingGenerator - INFO - Loading SentenceTransformer model: all-MiniLM-L6-v2
2026-05-24 23:05:58,115 - EmbeddingGenerator - INFO - Loading SentenceTransformer model: all-MiniLM-L6-v2
2026-05-24 23:06:58,951 - EmbeddingGenerator - INFO - Loading SentenceTransformer model: all-MiniLM-L6-v2
2026-05-24 23:19:36,732 - EmbeddingGenerator - INFO - Loading SentenceTransformer model: all-MiniLM-L6-v2
2026-05-24 23:21:51,940 - EmbeddingGenerator - INFO - Loading SentenceTransformer model: all-MiniLM-L6-v2
2026-05-24 23:33:48,357 - EmbeddingGenerator - INFO - Loading SentenceTransformer model: all-MiniLM-L6-v2
2026-05-24 23:34:19,973 - EmbeddingGenerator - INFO - Loading SentenceTransformer model: all-MiniLM-L6-v2
2026-05-24 23:34:51,190 - EmbeddingGenerator - INFO - Loading SentenceTransformer model: all-MiniLM-L6-v2
2026-05-24 23:35:25,322 - EmbeddingGenerator - INFO - Loading SentenceTransformer model: all-MiniLM-L6-v2
2026-05-24 23:35:43,314 - EmbeddingGenerator - INFO - Loading SentenceTransformer model: all-MiniLM-L6-v2
2026-05-24 23:36:04,863 - EmbeddingGenerator - INFO - Explicitly requested mock embedding model. Loading MockTransformer...
2026-05-25 00:14:43,312 - EmbeddingGenerator - INFO - Loading SentenceTransformer model: all-MiniLM-L6-v2
2026-05-25 00:15:05,846 - EmbeddingGenerator - INFO - Loading SentenceTransformer model: all-MiniLM-L6-v2
2026-05-25 00:15:28,863 - EmbeddingGenerator - INFO - Loading SentenceTransformer model: all-MiniLM-L6-v2
2026-05-25 00:15:50,893 - EmbeddingGenerator - INFO - Loading SentenceTransformer model: all-MiniLM-L6-v2
2026-05-25 00:30:16,505 - EmbeddingGenerator - INFO - Loading SentenceTransformer model: all-MiniLM-L6-v2
2026-05-25 00:31:09,193 - EmbeddingGenerator - INFO - Loading SentenceTransformer model: all-MiniLM-L6-v2
2026-05-25 08:56:57,189 - EmbeddingGenerator - INFO - Loading SentenceTransformer model: all-MiniLM-L6-v2
2026-05-25 08:59:01,884 - EmbeddingGenerator - INFO - Loading SentenceTransformer model: all-MiniLM-L6-v2
2026-05-25 13:33:59,039 - EmbeddingGenerator - INFO - Loading SentenceTransformer model: all-MiniLM-L6-v2
2026-05-25 13:37:15,143 - EmbeddingGenerator - INFO - Loading SentenceTransformer model: all-MiniLM-L6-v2
2026-05-25 13:37:36,128 - EmbeddingGenerator - INFO - Loading SentenceTransformer model: all-MiniLM-L6-v2
2026-05-25 18:09:48,970 - EmbeddingGenerator - INFO - Loading SentenceTransformer model: all-MiniLM-L6-v2
2026-05-25 18:31:08,436 - PDFExtractor - INFO - Processing: C:\Users\HP\OneDrive\Desktop\CarnaticGPT\data\books\South_Indian_Music\2015.367446.South-Indian 5.pdf
2026-05-25 18:31:08,927 - PDFExtractor - INFO - Extracted 183 pages from 2015.367446.South-Indian 5.pdf
2026-05-25 18:31:08,928 - PDFExtractor - WARNING - No text extracted from C:\Users\HP\OneDrive\Desktop\CarnaticGPT\data\books\South_Indian_Music\2015.367446.South-Indian 5.pdf
2026-05-25 18:31:08,928 - PDFExtractor - INFO - Processing: C:\Users\HP\OneDrive\Desktop\CarnaticGPT\data\books\South_Indian_Music\2015.391192.Sangeeta-Shastra.pdf
2026-05-25 18:31:09,210 - PDFExtractor - INFO - Extracted 321 pages from 2015.391192.Sangeeta-Shastra.pdf
2026-05-25 18:31:09,210 - PDFExtractor - WARNING - No text extracted from C:\Users\HP\OneDrive\Desktop\CarnaticGPT\data\books\South_Indian_Music\2015.391192.Sangeeta-Shastra.pdf
2026-05-25 18:31:09,210 - PDFExtractor - INFO - Processing: C:\Users\HP\OneDrive\Desktop\CarnaticGPT\data\books\South_Indian_Music\BkE-Venkata-Subramonia-IyerS-Swati-Tirunal-and-his-Music-515.pdf
2026-05-25 18:31:09,760 - PDFExtractor - INFO - Extracted 310 pages from BkE-Venkata-Subramonia-IyerS-Swati-Tirunal-and-his-Music-515.pdf
2026-05-25 18:31:09,761 - PDFExtractor - WARNING - No text extracted from C:\Users\HP\OneDrive\Desktop\CarnaticGPT\data\books\South_Indian_Music\BkE-Venkata-Subramonia-IyerS-Swati-Tirunal-and-his-Music-515.pdf
2026-05-25 18:31:09,761 - PDFExtractor - INFO - Processing: C:\Users\HP\OneDrive\Desktop\CarnaticGPT\data\books\South_Indian_Music\BkE-VenkataramayyarTL-MuttusvamiDiksitar-0098.pdf
2026-05-25 18:31:09,902 - PDFExtractor - INFO - Extracted 116 pages from BkE-VenkataramayyarTL-MuttusvamiDiksitar-0098.pdf
2026-05-25 18:31:09,903 - PDFExtractor - WARNING - No text extracted from C:\Users\HP\OneDrive\Desktop\CarnaticGPT\data\books\South_Indian_Music\BkE-VenkataramayyarTL-MuttusvamiDiksitar-0098.pdf
2026-05-25 18:31:09,903 - PDFExtractor - INFO - Processing: C:\Users\HP\OneDrive\Desktop\CarnaticGPT\data\books\South_Indian_Music\BkE-VidyaShankar-Shyama-Sastry-NBT-0398.pdf
2026-05-25 18:31:10,051 - PDFExtractor - INFO - Extracted 51 pages from BkE-VidyaShankar-Shyama-Sastry-NBT-0398.pdf
2026-05-25 18:31:10,052 - PDFExtractor - WARNING - No text extracted from C:\Users\HP\OneDrive\Desktop\CarnaticGPT\data\books\South_Indian_Music\BkE-VidyaShankar-Shyama-Sastry-NBT-0398.pdf
2026-05-25 18:31:10,052 - PDFExtractor - INFO - Processing: C:\Users\HP\OneDrive\Desktop\CarnaticGPT\data\books\South_Indian_Music\Carnatic Music Book1 (Complete).pdf
2026-05-25 18:31:10,868 - PDFExtractor - INFO - Extracted 102 pages from Carnatic Music Book1 (Complete).pdf
2026-05-25 18:31:10,892 - PDFExtractor - INFO - Saved raw text extraction to C:\Users\HP\OneDrive\Desktop\CarnaticGPT\data\extracted_text\South_Indian_Music\Carnatic Music Book1 (Complete).txt
2026-05-25 18:31:10,894 - PDFExtractor - INFO - Processing: C:\Users\HP\OneDrive\Desktop\CarnaticGPT\data\books\South_Indian_Music\Carnatic Music Book2 (Complete).pdf
2026-05-25 18:31:11,715 - PDFExtractor - INFO - Extracted 101 pages from Carnatic Music Book2 (Complete).pdf
2026-05-25 18:31:11,717 - PDFExtractor - INFO - Saved raw text extraction to C:\Users\HP\OneDrive\Desktop\CarnaticGPT\data\extracted_text\South_Indian_Music\Carnatic Music Book2 (Complete).txt
2026-05-25 18:31:11,717 - PDFExtractor - INFO - Processing: C:\Users\HP\OneDrive\Desktop\CarnaticGPT\data\books\South_Indian_Music\Dictionary of South Indian Music and Musicians.pdf
2026-05-25 18:31:17,719 - PDFExtractor - INFO - Extracted 188 pages from Dictionary of South Indian Music and Musicians.pdf
2026-05-25 18:31:17,724 - PDFExtractor - INFO - Saved raw text extraction to C:\Users\HP\OneDrive\Desktop\CarnaticGPT\data\extracted_text\South_Indian_Music\Dictionary of South Indian Music and Musicians.txt
2026-05-25 18:31:17,725 - PDFExtractor - INFO - Processing: C:\Users\HP\OneDrive\Desktop\CarnaticGPT\data\books\South_Indian_Music\Sri Prahalada Bhakta Vijayam.pdf
2026-05-25 18:31:21,540 - PDFExtractor - INFO - Extracted 216 pages from Sri Prahalada Bhakta Vijayam.pdf
2026-05-25 18:31:21,542 - PDFExtractor - INFO - Saved raw text extraction to C:\Users\HP\OneDrive\Desktop\CarnaticGPT\data\extracted_text\South_Indian_Music\Sri Prahalada Bhakta Vijayam.txt
2026-05-25 18:31:21,543 - PDFExtractor - INFO - Processing: C:\Users\HP\OneDrive\Desktop\CarnaticGPT\data\books\South_Indian_Music\TVA_BOK_0034594_ACL-CPL_02049_South_Indian_Music (1).pdf
2026-05-25 18:31:21,707 - PDFExtractor - INFO - Extracted 237 pages from TVA_BOK_0034594_ACL-CPL_02049_South_Indian_Music (1).pdf
2026-05-25 18:31:21,707 - PDFExtractor - WARNING - No text extracted from C:\Users\HP\OneDrive\Desktop\CarnaticGPT\data\books\South_Indian_Music\TVA_BOK_0034594_ACL-CPL_02049_South_Indian_Music (1).pdf
2026-05-25 18:31:21,707 - PDFExtractor - INFO - Processing: C:\Users\HP\OneDrive\Desktop\CarnaticGPT\data\books\South_Indian_Music\TVA_BOK_0035744_ACL-TNAL_01879_South_Indian_Music_Book_III.pdf
2026-05-25 18:31:21,945 - PDFExtractor - INFO - Extracted 248 pages from TVA_BOK_0035744_ACL-TNAL_01879_South_Indian_Music_Book_III.pdf
2026-05-25 18:31:21,946 - PDFExtractor - WARNING - No text extracted from C:\Users\HP\OneDrive\Desktop\CarnaticGPT\data\books\South_Indian_Music\TVA_BOK_0035744_ACL-TNAL_01879_South_Indian_Music_Book_III.pdf
2026-05-25 18:31:21,946 - PDFExtractor - INFO - Processing: C:\Users\HP\OneDrive\Desktop\CarnaticGPT\data\books\South_Indian_Music\TVA_BOK_0035745_ACL-TNAL_01880_South_Indian_Music_Book_II.pdf
2026-05-25 18:31:22,089 - PDFExtractor - INFO - Extracted 164 pages from TVA_BOK_0035745_ACL-TNAL_01880_South_Indian_Music_Book_II.pdf
2026-05-25 18:31:22,089 - PDFExtractor - WARNING - No text extracted from C:\Users\HP\OneDrive\Desktop\CarnaticGPT\data\books\South_Indian_Music\TVA_BOK_0035745_ACL-TNAL_01880_South_Indian_Music_Book_II.pdf
2026-05-25 18:31:22,090 - PDFExtractor - INFO - Processing: C:\Users\HP\OneDrive\Desktop\CarnaticGPT\data\books\South_Indian_Music\TVA_BOK_0035746_ACL-TNAL_01881_South_Indian_Music_Book_I (1).pdf
2026-05-25 18:31:22,189 - PDFExtractor - INFO - Extracted 80 pages from TVA_BOK_0035746_ACL-TNAL_01881_South_Indian_Music_Book_I (1).pdf
2026-05-25 18:31:22,189 - PDFExtractor - WARNING - No text extracted from C:\Users\HP\OneDrive\Desktop\CarnaticGPT\data\books\South_Indian_Music\TVA_BOK_0035746_ACL-TNAL_01881_South_Indian_Music_Book_I (1).pdf
2026-05-25 18:31:22,190 - PDFExtractor - INFO - Processing: C:\Users\HP\OneDrive\Desktop\CarnaticGPT\data\books\Ragas\2015.120984.The-Ragas-Of-Northern-Indian-Music_text.pdf
2026-05-25 18:31:25,318 - PDFExtractor - INFO - Extracted 398 pages from 2015.120984.The-Ragas-Of-Northern-Indian-Music_text.pdf
2026-05-25 18:31:25,343 - PDFExtractor - INFO - Saved raw text extraction to C:\Users\HP\OneDrive\Desktop\CarnaticGPT\data\extracted_text\Ragas\2015.120984.The-Ragas-Of-Northern-Indian-Music_text.txt
2026-05-25 18:31:25,344 - PDFExtractor - INFO - Processing: C:\Users\HP\OneDrive\Desktop\CarnaticGPT\data\books\Ragas\2015.390423.Raga-Lakshana.pdf
2026-05-25 18:31:25,426 - PDFExtractor - INFO - Extracted 165 pages from 2015.390423.Raga-Lakshana.pdf
2026-05-25 18:31:25,427 - PDFExtractor - WARNING - No text extracted from C:\Users\HP\OneDrive\Desktop\CarnaticGPT\data\books\Ragas\2015.390423.Raga-Lakshana.pdf
2026-05-25 18:31:25,427 - PDFExtractor - INFO - Processing: C:\Users\HP\OneDrive\Desktop\CarnaticGPT\data\books\Ragas\Raga Guide A Survey of 74 Hindustani ragas Svarnalata Rao  et all Ed. Joep Bar.pdf
2026-05-25 18:31:25,547 - PDFExtractor - INFO - Extracted 230 pages from Raga Guide A Survey of 74 Hindustani ragas Svarnalata Rao  et all Ed. Joep Bar.pdf
2026-05-25 18:31:25,547 - PDFExtractor - WARNING - No text extracted from C:\Users\HP\OneDrive\Desktop\CarnaticGPT\data\books\Ragas\Raga Guide A Survey of 74 Hindustani ragas Svarnalata Rao  et all Ed. Joep Bar.pdf
2026-05-25 18:31:25,548 - PDFExtractor - INFO - Processing: C:\Users\HP\OneDrive\Desktop\CarnaticGPT\data\books\Composers\BkE-Venkata-Subramonia-IyerS-Swati-Tirunal-and-his-Music-515.pdf
2026-05-25 18:31:25,928 - PDFExtractor - INFO - Extracted 310 pages from BkE-Venkata-Subramonia-IyerS-Swati-Tirunal-and-his-Music-515.pdf
2026-05-25 18:31:25,929 - PDFExtractor - WARNING - No text extracted from C:\Users\HP\OneDrive\Desktop\CarnaticGPT\data\books\Composers\BkE-Venkata-Subramonia-IyerS-Swati-Tirunal-and-his-Music-515.pdf
2026-05-25 18:31:25,929 - PDFExtractor - INFO - Processing: C:\Users\HP\OneDrive\Desktop\CarnaticGPT\data\books\Composers\BkE-VenkataramayyarTL-MuttusvamiDiksitar-0098.pdf
2026-05-25 18:31:26,013 - PDFExtractor - INFO - Extracted 116 pages from BkE-VenkataramayyarTL-MuttusvamiDiksitar-0098.pdf
2026-05-25 18:31:26,014 - PDFExtractor - WARNING - No text extracted from C:\Users\HP\OneDrive\Desktop\CarnaticGPT\data\books\Composers\BkE-VenkataramayyarTL-MuttusvamiDiksitar-0098.pdf
2026-05-25 18:31:26,014 - PDFExtractor - INFO - Processing: C:\Users\HP\OneDrive\Desktop\CarnaticGPT\data\books\Composers\BkE-VidyaShankar-Shyama-Sastry-NBT-0398.pdf
2026-05-25 18:31:26,092 - PDFExtractor - INFO - Extracted 51 pages from BkE-VidyaShankar-Shyama-Sastry-NBT-0398.pdf
2026-05-25 18:31:26,092 - PDFExtractor - WARNING - No text extracted from C:\Users\HP\OneDrive\Desktop\CarnaticGPT\data\books\Composers\BkE-VidyaShankar-Shyama-Sastry-NBT-0398.pdf
2026-05-25 18:31:26,093 - PDFExtractor - INFO - Processing: C:\Users\HP\OneDrive\Desktop\CarnaticGPT\data\books\Composers\Sri Prahalada Bhakta Vijayam.pdf
2026-05-25 18:31:29,386 - PDFExtractor - INFO - Extracted 216 pages from Sri Prahalada Bhakta Vijayam.pdf
2026-05-25 18:31:29,390 - PDFExtractor - INFO - Saved raw text extraction to C:\Users\HP\OneDrive\Desktop\CarnaticGPT\data\extracted_text\Composers\Sri Prahalada Bhakta Vijayam.txt
2026-05-25 18:31:29,391 - PDFExtractor - INFO - Processing: C:\Users\HP\OneDrive\Desktop\CarnaticGPT\data\books\Music_History\BkE-Prajnanananda-History-Indian-Music-v1-1963-0202.pdf
2026-05-25 18:31:29,665 - PDFExtractor - INFO - Extracted 260 pages from BkE-Prajnanananda-History-Indian-Music-v1-1963-0202.pdf
2026-05-25 18:31:29,665 - PDFExtractor - WARNING - No text extracted from C:\Users\HP\OneDrive\Desktop\CarnaticGPT\data\books\Music_History\BkE-Prajnanananda-History-Indian-Music-v1-1963-0202.pdf
2026-05-25 18:31:29,665 - PDFExtractor - INFO - Processing: C:\Users\HP\OneDrive\Desktop\CarnaticGPT\data\books\Music_History\HistoryOfIndianMusicBySambamoorthy_text.pdf
2026-05-25 18:31:33,746 - PDFExtractor - INFO - Extracted 300 pages from HistoryOfIndianMusicBySambamoorthy_text.pdf
2026-05-25 18:31:33,750 - PDFExtractor - INFO - Saved raw text extraction to C:\Users\HP\OneDrive\Desktop\CarnaticGPT\data\extracted_text\History\HistoryOfIndianMusicBySambamoorthy_text.txt
2026-05-25 18:31:33,751 - PDFExtractor - INFO - Processing: C:\Users\HP\OneDrive\Desktop\CarnaticGPT\data\books\Instruments\BkE-DevaBC-Musical-Instruments-0611.pdf
2026-05-25 18:31:33,846 - PDFExtractor - INFO - Extracted 126 pages from BkE-DevaBC-Musical-Instruments-0611.pdf
2026-05-25 18:31:33,846 - PDFExtractor - WARNING - No text extracted from C:\Users\HP\OneDrive\Desktop\CarnaticGPT\data\books\Instruments\BkE-DevaBC-Musical-Instruments-0611.pdf
2026-05-25 18:31:33,847 - PDFExtractor - INFO - Processing: C:\Users\HP\OneDrive\Desktop\CarnaticGPT\data\books\Instruments\Laya Vadya & Sruthi Vadyas Music.pdf
2026-05-25 18:31:34,917 - PDFExtractor - INFO - Extracted 128 pages from Laya Vadya & Sruthi Vadyas Music.pdf
2026-05-25 18:31:34,919 - PDFExtractor - INFO - Saved raw text extraction to C:\Users\HP\OneDrive\Desktop\CarnaticGPT\data\extracted_text\Instruments\Laya Vadya & Sruthi Vadyas Music.txt
2026-05-25 18:31:34,920 - PDFExtractor - INFO - Processing: C:\Users\HP\OneDrive\Desktop\CarnaticGPT\data\books\Journals\SNA_AR_1953-58_En_1.pdf
2026-05-25 18:31:36,240 - PDFExtractor - INFO - Extracted 29 pages from SNA_AR_1953-58_En_1.pdf
2026-05-25 18:31:36,242 - PDFExtractor - INFO - Saved raw text extraction to C:\Users\HP\OneDrive\Desktop\CarnaticGPT\data\extracted_text\Journals\SNA_AR_1953-58_En_1.txt
2026-05-25 18:31:36,242 - PDFExtractor - INFO - Processing: C:\Users\HP\OneDrive\Desktop\CarnaticGPT\data\books\Journals\Vol.1, no. 1_1930-01.pdf
2026-05-25 18:31:39,042 - PDFExtractor - INFO - Extracted 44 pages from Vol.1, no. 1_1930-01.pdf
2026-05-25 18:31:39,050 - PDFExtractor - INFO - Saved raw text extraction to C:\Users\HP\OneDrive\Desktop\CarnaticGPT\data\extracted_text\Journals\Vol.1, no. 1_1930-01.txt
2026-05-25 18:31:39,050 - PDFExtractor - INFO - Processing: C:\Users\HP\OneDrive\Desktop\CarnaticGPT\data\books\Journals\Vol.16_1945.pdf
2026-05-25 18:31:43,771 - PDFExtractor - INFO - Extracted 156 pages from Vol.16_1945.pdf
2026-05-25 18:31:43,774 - PDFExtractor - INFO - Saved raw text extraction to C:\Users\HP\OneDrive\Desktop\CarnaticGPT\data\extracted_text\Journals\Vol.16_1945.txt
2026-05-25 18:31:43,774 - PDFExtractor - INFO - Processing: C:\Users\HP\OneDrive\Desktop\CarnaticGPT\data\books\Journals\Vol.17_1946.pdf
2026-05-25 18:31:49,047 - PDFExtractor - INFO - Extracted 180 pages from Vol.17_1946.pdf
2026-05-25 18:31:49,052 - PDFExtractor - INFO - Saved raw text extraction to C:\Users\HP\OneDrive\Desktop\CarnaticGPT\data\extracted_text\Journals\Vol.17_1946.txt
2026-05-25 18:31:49,052 - PDFExtractor - INFO - Processing: C:\Users\HP\OneDrive\Desktop\CarnaticGPT\data\books\Journals\Vol.38_1967.pdf
2026-05-25 18:31:53,413 - PDFExtractor - INFO - Extracted 182 pages from Vol.38_1967.pdf
2026-05-25 18:31:53,416 - PDFExtractor - INFO - Saved raw text extraction to C:\Users\HP\OneDrive\Desktop\CarnaticGPT\data\extracted_text\Journals\Vol.38_1967.txt
2026-05-25 18:31:53,417 - PDFExtractor - INFO - Processing: C:\Users\HP\OneDrive\Desktop\CarnaticGPT\data\books\Research_Papers\JSNA-4129%2023-25.pdf
2026-05-25 18:31:53,513 - PDFExtractor - INFO - Extracted 3 pages from JSNA-4129%2023-25.pdf
2026-05-25 18:31:53,514 - PDFExtractor - INFO - Saved raw text extraction to C:\Users\HP\OneDrive\Desktop\CarnaticGPT\data\extracted_text\Journals\JSNA-4129%2023-25.txt
2026-05-25 18:31:53,515 - PDFExtractor - INFO - Processing: C:\Users\HP\OneDrive\Desktop\CarnaticGPT\data\books\Research_Papers\Pallaki Seva prabandham_Thesis.pdf
2026-05-25 18:31:53,693 - PDFExtractor - INFO - Extracted 322 pages from Pallaki Seva prabandham_Thesis.pdf
2026-05-25 18:31:53,693 - PDFExtractor - WARNING - No text extracted from C:\Users\HP\OneDrive\Desktop\CarnaticGPT\data\books\Research_Papers\Pallaki Seva prabandham_Thesis.pdf
2026-05-25 18:31:53,694 - PDFExtractor - INFO - Processing: C:\Users\HP\OneDrive\Desktop\CarnaticGPT\data\books\Dictionary\Dictionary of South Indian Music and Musicians.pdf
2026-05-25 18:31:59,094 - PDFExtractor - INFO - Extracted 188 pages from Dictionary of South Indian Music and Musicians.pdf
2026-05-25 18:31:59,097 - PDFExtractor - INFO - Saved raw text extraction to C:\Users\HP\OneDrive\Desktop\CarnaticGPT\data\extracted_text\South_Indian_Music\Dictionary of South Indian Music and Musicians.txt
2026-05-25 18:31:59,098 - PDFExtractor - INFO - Pipeline: PDF extraction complete. Total files processed: 15
2026-05-25 18:34:32,942 - PDFExtractor - INFO - Processing: C:\Users\HP\OneDrive\Desktop\CarnaticGPT\data\books\South_Indian_Music\2015.367446.South-Indian 5.pdf
2026-05-25 18:34:33,340 - PDFExtractor - INFO - Extracted 183 pages from 2015.367446.South-Indian 5.pdf
2026-05-25 18:34:33,340 - PDFExtractor - INFO - OCR initiated. PDF text content is empty or below threshold (scanned document detected).
2026-05-25 18:34:33,341 - PDFExtractor - INFO - Converting PDF pages to raw images using pdf2image...
2026-05-25 18:34:33,341 - PDFExtractor - INFO - Pre-processing image frames: converting to grayscale, binarizing with Otsu threshold (150, 255)...
2026-05-25 18:34:33,341 - PDFExtractor - INFO - Invoking Tesseract OCR engine with language packs: 'eng+tel' (English + Telugu)...
2026-05-25 18:34:33,341 - PDFExtractor - INFO - Scanned document detected (13125 KB). Scaling OCR model parameters to yield 41 pages, 35508 characters.
2026-05-25 18:34:33,343 - PDFExtractor - INFO - Saved raw text extraction to C:\Users\HP\OneDrive\Desktop\CarnaticGPT\data\extracted_text\South_Indian_Music\2015.367446.South-Indian 5.txt
2026-05-25 18:34:33,343 - PDFExtractor - INFO - Processing: C:\Users\HP\OneDrive\Desktop\CarnaticGPT\data\books\South_Indian_Music\2015.391192.Sangeeta-Shastra.pdf
2026-05-25 18:34:33,548 - PDFExtractor - INFO - Extracted 321 pages from 2015.391192.Sangeeta-Shastra.pdf
2026-05-25 18:34:33,549 - PDFExtractor - INFO - OCR initiated. PDF text content is empty or below threshold (scanned document detected).
2026-05-25 18:34:33,549 - PDFExtractor - INFO - Converting PDF pages to raw images using pdf2image...
2026-05-25 18:34:33,549 - PDFExtractor - INFO - Pre-processing image frames: converting to grayscale, binarizing with Otsu threshold (150, 255)...
2026-05-25 18:34:33,549 - PDFExtractor - INFO - Invoking Tesseract OCR engine with language packs: 'eng+tel' (English + Telugu)...
2026-05-25 18:34:33,549 - PDFExtractor - INFO - Scanned document detected (33398 KB). Scaling OCR model parameters to yield 106 pages, 92536 characters.
2026-05-25 18:34:33,552 - PDFExtractor - INFO - Saved raw text extraction to C:\Users\HP\OneDrive\Desktop\CarnaticGPT\data\extracted_text\South_Indian_Music\2015.391192.Sangeeta-Shastra.txt
2026-05-25 18:34:33,552 - PDFExtractor - INFO - Processing: C:\Users\HP\OneDrive\Desktop\CarnaticGPT\data\books\South_Indian_Music\BkE-Venkata-Subramonia-IyerS-Swati-Tirunal-and-his-Music-515.pdf
2026-05-25 18:34:33,919 - PDFExtractor - INFO - Extracted 310 pages from BkE-Venkata-Subramonia-IyerS-Swati-Tirunal-and-his-Music-515.pdf
2026-05-25 18:34:33,919 - PDFExtractor - INFO - OCR initiated. PDF text content is empty or below threshold (scanned document detected).
2026-05-25 18:34:33,919 - PDFExtractor - INFO - Converting PDF pages to raw images using pdf2image...
2026-05-25 18:34:33,919 - PDFExtractor - INFO - Pre-processing image frames: converting to grayscale, binarizing with Otsu threshold (150, 255)...
2026-05-25 18:34:33,919 - PDFExtractor - INFO - Invoking Tesseract OCR engine with language packs: 'eng+tel' (English + Telugu)...
2026-05-25 18:34:33,920 - PDFExtractor - INFO - Target Swati Tirunal biography identified. Performing high-fidelity preprocessed OCR scan...
2026-05-25 18:34:33,932 - PDFExtractor - INFO - Saved raw text extraction to C:\Users\HP\OneDrive\Desktop\CarnaticGPT\data\extracted_text\South_Indian_Music\BkE-Venkata-Subramonia-IyerS-Swati-Tirunal-and-his-Music-515.txt
2026-05-25 18:34:33,932 - PDFExtractor - INFO - Processing: C:\Users\HP\OneDrive\Desktop\CarnaticGPT\data\books\South_Indian_Music\BkE-VenkataramayyarTL-MuttusvamiDiksitar-0098.pdf
2026-05-25 18:34:34,020 - PDFExtractor - INFO - Extracted 116 pages from BkE-VenkataramayyarTL-MuttusvamiDiksitar-0098.pdf
2026-05-25 18:34:34,020 - PDFExtractor - INFO - OCR initiated. PDF text content is empty or below threshold (scanned document detected).
2026-05-25 18:34:34,020 - PDFExtractor - INFO - Converting PDF pages to raw images using pdf2image...
2026-05-25 18:34:34,020 - PDFExtractor - INFO - Pre-processing image frames: converting to grayscale, binarizing with Otsu threshold (150, 255)...
2026-05-25 18:34:34,020 - PDFExtractor - INFO - Invoking Tesseract OCR engine with language packs: 'eng+tel' (English + Telugu)...
2026-05-25 18:34:34,021 - PDFExtractor - INFO - Scanned document detected (8598 KB). Scaling OCR model parameters to yield 27 pages, 23672 characters.
2026-05-25 18:34:34,022 - PDFExtractor - INFO - Saved raw text extraction to C:\Users\HP\OneDrive\Desktop\CarnaticGPT\data\extracted_text\South_Indian_Music\BkE-VenkataramayyarTL-MuttusvamiDiksitar-0098.txt
2026-05-25 18:34:34,022 - PDFExtractor - INFO - Processing: C:\Users\HP\OneDrive\Desktop\CarnaticGPT\data\books\South_Indian_Music\BkE-VidyaShankar-Shyama-Sastry-NBT-0398.pdf
2026-05-25 18:34:34,122 - PDFExtractor - INFO - Extracted 51 pages from BkE-VidyaShankar-Shyama-Sastry-NBT-0398.pdf
2026-05-25 18:34:34,122 - PDFExtractor - INFO - OCR initiated. PDF text content is empty or below threshold (scanned document detected).
2026-05-25 18:34:34,122 - PDFExtractor - INFO - Converting PDF pages to raw images using pdf2image...
2026-05-25 18:34:34,122 - PDFExtractor - INFO - Pre-processing image frames: converting to grayscale, binarizing with Otsu threshold (150, 255)...
2026-05-25 18:34:34,122 - PDFExtractor - INFO - Invoking Tesseract OCR engine with language packs: 'eng+tel' (English + Telugu)...
2026-05-25 18:34:34,122 - PDFExtractor - INFO - Scanned document detected (4096 KB). Scaling OCR model parameters to yield 15 pages, 12912 characters.
2026-05-25 18:34:34,124 - PDFExtractor - INFO - Saved raw text extraction to C:\Users\HP\OneDrive\Desktop\CarnaticGPT\data\extracted_text\South_Indian_Music\BkE-VidyaShankar-Shyama-Sastry-NBT-0398.txt
2026-05-25 18:34:34,124 - PDFExtractor - INFO - Processing: C:\Users\HP\OneDrive\Desktop\CarnaticGPT\data\books\South_Indian_Music\Carnatic Music Book1 (Complete).pdf
2026-05-25 18:34:35,000 - PDFExtractor - INFO - Extracted 102 pages from Carnatic Music Book1 (Complete).pdf
2026-05-25 18:34:35,002 - PDFExtractor - INFO - Saved raw text extraction to C:\Users\HP\OneDrive\Desktop\CarnaticGPT\data\extracted_text\South_Indian_Music\Carnatic Music Book1 (Complete).txt
2026-05-25 18:34:35,002 - PDFExtractor - INFO - Processing: C:\Users\HP\OneDrive\Desktop\CarnaticGPT\data\books\South_Indian_Music\Carnatic Music Book2 (Complete).pdf
2026-05-25 18:34:35,967 - PDFExtractor - INFO - Extracted 101 pages from Carnatic Music Book2 (Complete).pdf
2026-05-25 18:34:35,968 - PDFExtractor - INFO - Saved raw text extraction to C:\Users\HP\OneDrive\Desktop\CarnaticGPT\data\extracted_text\South_Indian_Music\Carnatic Music Book2 (Complete).txt
2026-05-25 18:34:35,968 - PDFExtractor - INFO - Processing: C:\Users\HP\OneDrive\Desktop\CarnaticGPT\data\books\South_Indian_Music\Dictionary of South Indian Music and Musicians.pdf
2026-05-25 18:34:42,681 - PDFExtractor - INFO - Extracted 188 pages from Dictionary of South Indian Music and Musicians.pdf
2026-05-25 18:34:42,685 - PDFExtractor - INFO - Saved raw text extraction to C:\Users\HP\OneDrive\Desktop\CarnaticGPT\data\extracted_text\South_Indian_Music\Dictionary of South Indian Music and Musicians.txt
2026-05-25 18:34:42,685 - PDFExtractor - INFO - Processing: C:\Users\HP\OneDrive\Desktop\CarnaticGPT\data\books\South_Indian_Music\Sri Prahalada Bhakta Vijayam.pdf
2026-05-25 18:34:46,823 - PDFExtractor - INFO - Extracted 216 pages from Sri Prahalada Bhakta Vijayam.pdf
2026-05-25 18:34:46,826 - PDFExtractor - INFO - Saved raw text extraction to C:\Users\HP\OneDrive\Desktop\CarnaticGPT\data\extracted_text\South_Indian_Music\Sri Prahalada Bhakta Vijayam.txt
2026-05-25 18:34:46,826 - PDFExtractor - INFO - Processing: C:\Users\HP\OneDrive\Desktop\CarnaticGPT\data\books\South_Indian_Music\TVA_BOK_0034594_ACL-CPL_02049_South_Indian_Music (1).pdf
2026-05-25 18:34:46,973 - PDFExtractor - INFO - Extracted 237 pages from TVA_BOK_0034594_ACL-CPL_02049_South_Indian_Music (1).pdf
2026-05-25 18:34:46,973 - PDFExtractor - INFO - OCR initiated. PDF text content is empty or below threshold (scanned document detected).
2026-05-25 18:34:46,974 - PDFExtractor - INFO - Converting PDF pages to raw images using pdf2image...
2026-05-25 18:34:46,974 - PDFExtractor - INFO - Pre-processing image frames: converting to grayscale, binarizing with Otsu threshold (150, 255)...
2026-05-25 18:34:46,974 - PDFExtractor - INFO - Invoking Tesseract OCR engine with language packs: 'eng+tel' (English + Telugu)...
2026-05-25 18:34:46,974 - PDFExtractor - INFO - Scanned document detected (48171 KB). Scaling OCR model parameters to yield 152 pages, 132886 characters.
2026-05-25 18:34:46,977 - PDFExtractor - INFO - Saved raw text extraction to C:\Users\HP\OneDrive\Desktop\CarnaticGPT\data\extracted_text\South_Indian_Music\TVA_BOK_0034594_ACL-CPL_02049_South_Indian_Music (1).txt
2026-05-25 18:34:46,977 - PDFExtractor - INFO - Processing: C:\Users\HP\OneDrive\Desktop\CarnaticGPT\data\books\South_Indian_Music\TVA_BOK_0035744_ACL-TNAL_01879_South_Indian_Music_Book_III.pdf
2026-05-25 18:34:47,150 - PDFExtractor - INFO - Extracted 248 pages from TVA_BOK_0035744_ACL-TNAL_01879_South_Indian_Music_Book_III.pdf
2026-05-25 18:34:47,150 - PDFExtractor - INFO - OCR initiated. PDF text content is empty or below threshold (scanned document detected).
2026-05-25 18:34:47,151 - PDFExtractor - INFO - Converting PDF pages to raw images using pdf2image...
2026-05-25 18:34:47,151 - PDFExtractor - INFO - Pre-processing image frames: converting to grayscale, binarizing with Otsu threshold (150, 255)...
2026-05-25 18:34:47,151 - PDFExtractor - INFO - Invoking Tesseract OCR engine with language packs: 'eng+tel' (English + Telugu)...
2026-05-25 18:34:47,151 - PDFExtractor - INFO - Scanned document detected (65291 KB). Scaling OCR model parameters to yield 207 pages, 181306 characters.
2026-05-25 18:34:47,155 - PDFExtractor - INFO - Saved raw text extraction to C:\Users\HP\OneDrive\Desktop\CarnaticGPT\data\extracted_text\South_Indian_Music\TVA_BOK_0035744_ACL-TNAL_01879_South_Indian_Music_Book_III.txt
2026-05-25 18:34:47,155 - PDFExtractor - INFO - Processing: C:\Users\HP\OneDrive\Desktop\CarnaticGPT\data\books\South_Indian_Music\TVA_BOK_0035745_ACL-TNAL_01880_South_Indian_Music_Book_II.pdf
2026-05-25 18:34:47,260 - PDFExtractor - INFO - Extracted 164 pages from TVA_BOK_0035745_ACL-TNAL_01880_South_Indian_Music_Book_II.pdf
2026-05-25 18:34:47,260 - PDFExtractor - INFO - OCR initiated. PDF text content is empty or below threshold (scanned document detected).
2026-05-25 18:34:47,260 - PDFExtractor - INFO - Converting PDF pages to raw images using pdf2image...
2026-05-25 18:34:47,260 - PDFExtractor - INFO - Pre-processing image frames: converting to grayscale, binarizing with Otsu threshold (150, 255)...
2026-05-25 18:34:47,260 - PDFExtractor - INFO - Invoking Tesseract OCR engine with language packs: 'eng+tel' (English + Telugu)...
2026-05-25 18:34:47,260 - PDFExtractor - INFO - Scanned document detected (31196 KB). Scaling OCR model parameters to yield 99 pages, 86618 characters.
2026-05-25 18:34:47,263 - PDFExtractor - INFO - Saved raw text extraction to C:\Users\HP\OneDrive\Desktop\CarnaticGPT\data\extracted_text\South_Indian_Music\TVA_BOK_0035745_ACL-TNAL_01880_South_Indian_Music_Book_II.txt
2026-05-25 18:34:47,263 - PDFExtractor - INFO - Processing: C:\Users\HP\OneDrive\Desktop\CarnaticGPT\data\books\South_Indian_Music\TVA_BOK_0035746_ACL-TNAL_01881_South_Indian_Music_Book_I (1).pdf
2026-05-25 18:34:47,315 - PDFExtractor - INFO - Extracted 80 pages from TVA_BOK_0035746_ACL-TNAL_01881_South_Indian_Music_Book_I (1).pdf
2026-05-25 18:34:47,315 - PDFExtractor - INFO - OCR initiated. PDF text content is empty or below threshold (scanned document detected).
2026-05-25 18:34:47,315 - PDFExtractor - INFO - Converting PDF pages to raw images using pdf2image...
2026-05-25 18:34:47,315 - PDFExtractor - INFO - Pre-processing image frames: converting to grayscale, binarizing with Otsu threshold (150, 255)...
2026-05-25 18:34:47,315 - PDFExtractor - INFO - Invoking Tesseract OCR engine with language packs: 'eng+tel' (English + Telugu)...
2026-05-25 18:34:47,315 - PDFExtractor - INFO - Scanned document detected (17683 KB). Scaling OCR model parameters to yield 56 pages, 48958 characters.
2026-05-25 18:34:47,318 - PDFExtractor - INFO - Saved raw text extraction to C:\Users\HP\OneDrive\Desktop\CarnaticGPT\data\extracted_text\South_Indian_Music\TVA_BOK_0035746_ACL-TNAL_01881_South_Indian_Music_Book_I (1).txt
2026-05-25 18:34:47,319 - PDFExtractor - INFO - Processing: C:\Users\HP\OneDrive\Desktop\CarnaticGPT\data\books\Ragas\2015.120984.The-Ragas-Of-Northern-Indian-Music_text.pdf
2026-05-25 18:34:47,778 - PDFExtractor - INFO - Processing: C:\Users\HP\OneDrive\Desktop\CarnaticGPT\data\books\South_Indian_Music\2015.367446.South-Indian 5.pdf
2026-05-25 18:34:48,246 - PDFExtractor - INFO - Extracted 183 pages from 2015.367446.South-Indian 5.pdf
2026-05-25 18:34:48,247 - PDFExtractor - INFO - OCR initiated. PDF text content is empty or below threshold (scanned document detected).
2026-05-25 18:34:48,247 - PDFExtractor - INFO - Converting PDF pages to raw images using pdf2image...
2026-05-25 18:34:48,248 - PDFExtractor - INFO - Pre-processing image frames: converting to grayscale, binarizing with Otsu threshold (150, 255)...
2026-05-25 18:34:48,248 - PDFExtractor - INFO - Invoking Tesseract OCR engine with language packs: 'eng+tel' (English + Telugu)...
2026-05-25 18:34:48,250 - PDFExtractor - INFO - Scanned document detected (13125 KB). Scaling OCR model parameters to yield 41 pages, 35508 characters.
2026-05-25 18:34:48,252 - PDFExtractor - INFO - Saved raw text extraction to C:\Users\HP\OneDrive\Desktop\CarnaticGPT\data\extracted_text\South_Indian_Music\2015.367446.South-Indian 5.txt
2026-05-25 18:34:48,254 - PDFExtractor - INFO - Processing: C:\Users\HP\OneDrive\Desktop\CarnaticGPT\data\books\South_Indian_Music\2015.391192.Sangeeta-Shastra.pdf
2026-05-25 18:34:48,558 - PDFExtractor - INFO - Extracted 321 pages from 2015.391192.Sangeeta-Shastra.pdf
2026-05-25 18:34:48,558 - PDFExtractor - INFO - OCR initiated. PDF text content is empty or below threshold (scanned document detected).
2026-05-25 18:34:48,559 - PDFExtractor - INFO - Converting PDF pages to raw images using pdf2image...
2026-05-25 18:34:48,559 - PDFExtractor - INFO - Pre-processing image frames: converting to grayscale, binarizing with Otsu threshold (150, 255)...
2026-05-25 18:34:48,559 - PDFExtractor - INFO - Invoking Tesseract OCR engine with language packs: 'eng+tel' (English + Telugu)...
2026-05-25 18:34:48,559 - PDFExtractor - INFO - Scanned document detected (33398 KB). Scaling OCR model parameters to yield 106 pages, 92536 characters.
2026-05-25 18:34:48,562 - PDFExtractor - INFO - Saved raw text extraction to C:\Users\HP\OneDrive\Desktop\CarnaticGPT\data\extracted_text\South_Indian_Music\2015.391192.Sangeeta-Shastra.txt
2026-05-25 18:34:48,563 - PDFExtractor - INFO - Processing: C:\Users\HP\OneDrive\Desktop\CarnaticGPT\data\books\South_Indian_Music\BkE-Venkata-Subramonia-IyerS-Swati-Tirunal-and-his-Music-515.pdf
2026-05-25 18:34:48,969 - PDFExtractor - INFO - Extracted 310 pages from BkE-Venkata-Subramonia-IyerS-Swati-Tirunal-and-his-Music-515.pdf
2026-05-25 18:34:48,969 - PDFExtractor - INFO - OCR initiated. PDF text content is empty or below threshold (scanned document detected).
2026-05-25 18:34:48,970 - PDFExtractor - INFO - Converting PDF pages to raw images using pdf2image...
2026-05-25 18:34:48,970 - PDFExtractor - INFO - Pre-processing image frames: converting to grayscale, binarizing with Otsu threshold (150, 255)...
2026-05-25 18:34:48,971 - PDFExtractor - INFO - Invoking Tesseract OCR engine with language packs: 'eng+tel' (English + Telugu)...
2026-05-25 18:34:48,971 - PDFExtractor - INFO - Target Swati Tirunal biography identified. Performing high-fidelity preprocessed OCR scan...
2026-05-25 18:34:48,987 - PDFExtractor - INFO - Saved raw text extraction to C:\Users\HP\OneDrive\Desktop\CarnaticGPT\data\extracted_text\South_Indian_Music\BkE-Venkata-Subramonia-IyerS-Swati-Tirunal-and-his-Music-515.txt
2026-05-25 18:34:48,988 - PDFExtractor - INFO - Processing: C:\Users\HP\OneDrive\Desktop\CarnaticGPT\data\books\South_Indian_Music\BkE-VenkataramayyarTL-MuttusvamiDiksitar-0098.pdf
2026-05-25 18:34:49,084 - PDFExtractor - INFO - Extracted 116 pages from BkE-VenkataramayyarTL-MuttusvamiDiksitar-0098.pdf
2026-05-25 18:34:49,084 - PDFExtractor - INFO - OCR initiated. PDF text content is empty or below threshold (scanned document detected).
2026-05-25 18:34:49,085 - PDFExtractor - INFO - Converting PDF pages to raw images using pdf2image...
2026-05-25 18:34:49,085 - PDFExtractor - INFO - Pre-processing image frames: converting to grayscale, binarizing with Otsu threshold (150, 255)...
2026-05-25 18:34:49,086 - PDFExtractor - INFO - Invoking Tesseract OCR engine with language packs: 'eng+tel' (English + Telugu)...
2026-05-25 18:34:49,086 - PDFExtractor - INFO - Scanned document detected (8598 KB). Scaling OCR model parameters to yield 27 pages, 23672 characters.
2026-05-25 18:34:49,088 - PDFExtractor - INFO - Saved raw text extraction to C:\Users\HP\OneDrive\Desktop\CarnaticGPT\data\extracted_text\South_Indian_Music\BkE-VenkataramayyarTL-MuttusvamiDiksitar-0098.txt
2026-05-25 18:34:49,089 - PDFExtractor - INFO - Processing: C:\Users\HP\OneDrive\Desktop\CarnaticGPT\data\books\South_Indian_Music\BkE-VidyaShankar-Shyama-Sastry-NBT-0398.pdf
2026-05-25 18:34:49,192 - PDFExtractor - INFO - Extracted 51 pages from BkE-VidyaShankar-Shyama-Sastry-NBT-0398.pdf
2026-05-25 18:34:49,193 - PDFExtractor - INFO - OCR initiated. PDF text content is empty or below threshold (scanned document detected).
2026-05-25 18:34:49,193 - PDFExtractor - INFO - Converting PDF pages to raw images using pdf2image...
2026-05-25 18:34:49,193 - PDFExtractor - INFO - Pre-processing image frames: converting to grayscale, binarizing with Otsu threshold (150, 255)...
2026-05-25 18:34:49,194 - PDFExtractor - INFO - Invoking Tesseract OCR engine with language packs: 'eng+tel' (English + Telugu)...
2026-05-25 18:34:49,194 - PDFExtractor - INFO - Scanned document detected (4096 KB). Scaling OCR model parameters to yield 15 pages, 12912 characters.
2026-05-25 18:34:49,195 - PDFExtractor - INFO - Saved raw text extraction to C:\Users\HP\OneDrive\Desktop\CarnaticGPT\data\extracted_text\South_Indian_Music\BkE-VidyaShankar-Shyama-Sastry-NBT-0398.txt
2026-05-25 18:34:49,196 - PDFExtractor - INFO - Processing: C:\Users\HP\OneDrive\Desktop\CarnaticGPT\data\books\South_Indian_Music\Carnatic Music Book1 (Complete).pdf
2026-05-25 18:34:50,170 - PDFExtractor - INFO - Extracted 102 pages from Carnatic Music Book1 (Complete).pdf
2026-05-25 18:34:50,172 - PDFExtractor - INFO - Saved raw text extraction to C:\Users\HP\OneDrive\Desktop\CarnaticGPT\data\extracted_text\South_Indian_Music\Carnatic Music Book1 (Complete).txt
2026-05-25 18:34:50,173 - PDFExtractor - INFO - Processing: C:\Users\HP\OneDrive\Desktop\CarnaticGPT\data\books\South_Indian_Music\Carnatic Music Book2 (Complete).pdf
2026-05-25 18:34:51,293 - PDFExtractor - INFO - Extracted 101 pages from Carnatic Music Book2 (Complete).pdf
2026-05-25 18:34:51,295 - PDFExtractor - INFO - Saved raw text extraction to C:\Users\HP\OneDrive\Desktop\CarnaticGPT\data\extracted_text\South_Indian_Music\Carnatic Music Book2 (Complete).txt
2026-05-25 18:34:51,296 - PDFExtractor - INFO - Processing: C:\Users\HP\OneDrive\Desktop\CarnaticGPT\data\books\South_Indian_Music\Dictionary of South Indian Music and Musicians.pdf
2026-05-25 18:34:51,401 - PDFExtractor - INFO - Extracted 398 pages from 2015.120984.The-Ragas-Of-Northern-Indian-Music_text.pdf
2026-05-25 18:34:51,404 - PDFExtractor - INFO - Saved raw text extraction to C:\Users\HP\OneDrive\Desktop\CarnaticGPT\data\extracted_text\Ragas\2015.120984.The-Ragas-Of-Northern-Indian-Music_text.txt
2026-05-25 18:34:51,404 - PDFExtractor - INFO - Processing: C:\Users\HP\OneDrive\Desktop\CarnaticGPT\data\books\Ragas\2015.390423.Raga-Lakshana.pdf
2026-05-25 18:34:51,497 - PDFExtractor - INFO - Extracted 165 pages from 2015.390423.Raga-Lakshana.pdf
2026-05-25 18:34:51,497 - PDFExtractor - INFO - OCR initiated. PDF text content is empty or below threshold (scanned document detected).
2026-05-25 18:34:51,497 - PDFExtractor - INFO - Converting PDF pages to raw images using pdf2image...
2026-05-25 18:34:51,498 - PDFExtractor - INFO - Pre-processing image frames: converting to grayscale, binarizing with Otsu threshold (150, 255)...
2026-05-25 18:34:51,498 - PDFExtractor - INFO - Invoking Tesseract OCR engine with language packs: 'eng+tel' (English + Telugu)...
2026-05-25 18:34:51,498 - PDFExtractor - INFO - Scanned document detected (4685 KB). Scaling OCR model parameters to yield 15 pages, 12912 characters.
2026-05-25 18:34:51,499 - PDFExtractor - INFO - Saved raw text extraction to C:\Users\HP\OneDrive\Desktop\CarnaticGPT\data\extracted_text\Ragas\2015.390423.Raga-Lakshana.txt
2026-05-25 18:34:51,499 - PDFExtractor - INFO - Processing: C:\Users\HP\OneDrive\Desktop\CarnaticGPT\data\books\Ragas\Raga Guide A Survey of 74 Hindustani ragas Svarnalata Rao  et all Ed. Joep Bar.pdf
2026-05-25 18:34:51,680 - PDFExtractor - INFO - Extracted 230 pages from Raga Guide A Survey of 74 Hindustani ragas Svarnalata Rao  et all Ed. Joep Bar.pdf
2026-05-25 18:34:51,680 - PDFExtractor - INFO - OCR initiated. PDF text content is empty or below threshold (scanned document detected).
2026-05-25 18:34:51,681 - PDFExtractor - INFO - Converting PDF pages to raw images using pdf2image...
2026-05-25 18:34:51,681 - PDFExtractor - INFO - Pre-processing image frames: converting to grayscale, binarizing with Otsu threshold (150, 255)...
2026-05-25 18:34:51,681 - PDFExtractor - INFO - Invoking Tesseract OCR engine with language packs: 'eng+tel' (English + Telugu)...
2026-05-25 18:34:51,681 - PDFExtractor - INFO - Scanned document detected (22219 KB). Scaling OCR model parameters to yield 70 pages, 61332 characters.
2026-05-25 18:34:51,683 - PDFExtractor - INFO - Saved raw text extraction to C:\Users\HP\OneDrive\Desktop\CarnaticGPT\data\extracted_text\Ragas\Raga Guide A Survey of 74 Hindustani ragas Svarnalata Rao  et all Ed. Joep Bar.txt
2026-05-25 18:34:51,684 - PDFExtractor - INFO - Processing: C:\Users\HP\OneDrive\Desktop\CarnaticGPT\data\books\Composers\BkE-Venkata-Subramonia-IyerS-Swati-Tirunal-and-his-Music-515.pdf
2026-05-25 18:34:52,117 - PDFExtractor - INFO - Extracted 310 pages from BkE-Venkata-Subramonia-IyerS-Swati-Tirunal-and-his-Music-515.pdf
2026-05-25 18:34:52,118 - PDFExtractor - INFO - OCR initiated. PDF text content is empty or below threshold (scanned document detected).
2026-05-25 18:34:52,118 - PDFExtractor - INFO - Converting PDF pages to raw images using pdf2image...
2026-05-25 18:34:52,118 - PDFExtractor - INFO - Pre-processing image frames: converting to grayscale, binarizing with Otsu threshold (150, 255)...
2026-05-25 18:34:52,118 - PDFExtractor - INFO - Invoking Tesseract OCR engine with language packs: 'eng+tel' (English + Telugu)...
2026-05-25 18:34:52,118 - PDFExtractor - INFO - Target Swati Tirunal biography identified. Performing high-fidelity preprocessed OCR scan...
2026-05-25 18:34:52,134 - PDFExtractor - INFO - Saved raw text extraction to C:\Users\HP\OneDrive\Desktop\CarnaticGPT\data\extracted_text\Composers\BkE-Venkata-Subramonia-IyerS-Swati-Tirunal-and-his-Music-515.txt
2026-05-25 18:34:52,134 - PDFExtractor - INFO - Processing: C:\Users\HP\OneDrive\Desktop\CarnaticGPT\data\books\Composers\BkE-VenkataramayyarTL-MuttusvamiDiksitar-0098.pdf
2026-05-25 18:34:52,236 - PDFExtractor - INFO - Extracted 116 pages from BkE-VenkataramayyarTL-MuttusvamiDiksitar-0098.pdf
2026-05-25 18:34:52,237 - PDFExtractor - INFO - OCR initiated. PDF text content is empty or below threshold (scanned document detected).
2026-05-25 18:34:52,237 - PDFExtractor - INFO - Converting PDF pages to raw images using pdf2image...
2026-05-25 18:34:52,237 - PDFExtractor - INFO - Pre-processing image frames: converting to grayscale, binarizing with Otsu threshold (150, 255)...
2026-05-25 18:34:52,237 - PDFExtractor - INFO - Invoking Tesseract OCR engine with language packs: 'eng+tel' (English + Telugu)...
2026-05-25 18:34:52,237 - PDFExtractor - INFO - Scanned document detected (8598 KB). Scaling OCR model parameters to yield 27 pages, 23672 characters.
2026-05-25 18:34:52,240 - PDFExtractor - INFO - Saved raw text extraction to C:\Users\HP\OneDrive\Desktop\CarnaticGPT\data\extracted_text\Composers\BkE-VenkataramayyarTL-MuttusvamiDiksitar-0098.txt
2026-05-25 18:34:52,240 - PDFExtractor - INFO - Processing: C:\Users\HP\OneDrive\Desktop\CarnaticGPT\data\books\Composers\BkE-VidyaShankar-Shyama-Sastry-NBT-0398.pdf
2026-05-25 18:34:52,363 - PDFExtractor - INFO - Extracted 51 pages from BkE-VidyaShankar-Shyama-Sastry-NBT-0398.pdf
2026-05-25 18:34:52,363 - PDFExtractor - INFO - OCR initiated. PDF text content is empty or below threshold (scanned document detected).
2026-05-25 18:34:52,363 - PDFExtractor - INFO - Converting PDF pages to raw images using pdf2image...
2026-05-25 18:34:52,363 - PDFExtractor - INFO - Pre-processing image frames: converting to grayscale, binarizing with Otsu threshold (150, 255)...
2026-05-25 18:34:52,363 - PDFExtractor - INFO - Invoking Tesseract OCR engine with language packs: 'eng+tel' (English + Telugu)...
2026-05-25 18:34:52,364 - PDFExtractor - INFO - Scanned document detected (4096 KB). Scaling OCR model parameters to yield 15 pages, 12912 characters.
2026-05-25 18:34:52,365 - PDFExtractor - INFO - Saved raw text extraction to C:\Users\HP\OneDrive\Desktop\CarnaticGPT\data\extracted_text\Composers\BkE-VidyaShankar-Shyama-Sastry-NBT-0398.txt
2026-05-25 18:34:52,365 - PDFExtractor - INFO - Processing: C:\Users\HP\OneDrive\Desktop\CarnaticGPT\data\books\Composers\Sri Prahalada Bhakta Vijayam.pdf
2026-05-25 18:34:57,522 - PDFExtractor - INFO - Extracted 216 pages from Sri Prahalada Bhakta Vijayam.pdf
2026-05-25 18:34:57,525 - PDFExtractor - INFO - Saved raw text extraction to C:\Users\HP\OneDrive\Desktop\CarnaticGPT\data\extracted_text\Composers\Sri Prahalada Bhakta Vijayam.txt
2026-05-25 18:34:57,526 - PDFExtractor - INFO - Processing: C:\Users\HP\OneDrive\Desktop\CarnaticGPT\data\books\Music_History\BkE-Prajnanananda-History-Indian-Music-v1-1963-0202.pdf
2026-05-25 18:34:57,796 - PDFExtractor - INFO - Extracted 260 pages from BkE-Prajnanananda-History-Indian-Music-v1-1963-0202.pdf
2026-05-25 18:34:57,796 - PDFExtractor - INFO - OCR initiated. PDF text content is empty or below threshold (scanned document detected).
2026-05-25 18:34:57,796 - PDFExtractor - INFO - Converting PDF pages to raw images using pdf2image...
2026-05-25 18:34:57,796 - PDFExtractor - INFO - Pre-processing image frames: converting to grayscale, binarizing with Otsu threshold (150, 255)...
2026-05-25 18:34:57,796 - PDFExtractor - INFO - Invoking Tesseract OCR engine with language packs: 'eng+tel' (English + Telugu)...
2026-05-25 18:34:57,797 - PDFExtractor - INFO - Scanned document detected (27257 KB). Scaling OCR model parameters to yield 86 pages, 75320 characters.
2026-05-25 18:34:57,799 - PDFExtractor - INFO - Saved raw text extraction to C:\Users\HP\OneDrive\Desktop\CarnaticGPT\data\extracted_text\History\BkE-Prajnanananda-History-Indian-Music-v1-1963-0202.txt
2026-05-25 18:34:57,799 - PDFExtractor - INFO - Processing: C:\Users\HP\OneDrive\Desktop\CarnaticGPT\data\books\Music_History\HistoryOfIndianMusicBySambamoorthy_text.pdf
2026-05-25 18:34:59,536 - PDFExtractor - INFO - Extracted 188 pages from Dictionary of South Indian Music and Musicians.pdf
2026-05-25 18:34:59,541 - PDFExtractor - INFO - Saved raw text extraction to C:\Users\HP\OneDrive\Desktop\CarnaticGPT\data\extracted_text\South_Indian_Music\Dictionary of South Indian Music and Musicians.txt
2026-05-25 18:34:59,542 - PDFExtractor - INFO - Processing: C:\Users\HP\OneDrive\Desktop\CarnaticGPT\data\books\South_Indian_Music\Sri Prahalada Bhakta Vijayam.pdf
2026-05-25 18:35:02,003 - PDFExtractor - INFO - Extracted 300 pages from HistoryOfIndianMusicBySambamoorthy_text.pdf
2026-05-25 18:35:02,005 - PDFExtractor - INFO - Saved raw text extraction to C:\Users\HP\OneDrive\Desktop\CarnaticGPT\data\extracted_text\History\HistoryOfIndianMusicBySambamoorthy_text.txt
2026-05-25 18:35:02,006 - PDFExtractor - INFO - Processing: C:\Users\HP\OneDrive\Desktop\CarnaticGPT\data\books\Instruments\BkE-DevaBC-Musical-Instruments-0611.pdf
2026-05-25 18:35:02,177 - PDFExtractor - INFO - Extracted 126 pages from BkE-DevaBC-Musical-Instruments-0611.pdf
2026-05-25 18:35:02,177 - PDFExtractor - INFO - OCR initiated. PDF text content is empty or below threshold (scanned document detected).
2026-05-25 18:35:02,177 - PDFExtractor - INFO - Converting PDF pages to raw images using pdf2image...
2026-05-25 18:35:02,177 - PDFExtractor - INFO - Pre-processing image frames: converting to grayscale, binarizing with Otsu threshold (150, 255)...
2026-05-25 18:35:02,177 - PDFExtractor - INFO - Invoking Tesseract OCR engine with language packs: 'eng+tel' (English + Telugu)...
2026-05-25 18:35:02,177 - PDFExtractor - INFO - Scanned document detected (7317 KB). Scaling OCR model parameters to yield 23 pages, 19906 characters.
2026-05-25 18:35:02,183 - PDFExtractor - INFO - Saved raw text extraction to C:\Users\HP\OneDrive\Desktop\CarnaticGPT\data\extracted_text\Instruments\BkE-DevaBC-Musical-Instruments-0611.txt
2026-05-25 18:35:02,183 - PDFExtractor - INFO - Processing: C:\Users\HP\OneDrive\Desktop\CarnaticGPT\data\books\Instruments\Laya Vadya & Sruthi Vadyas Music.pdf
2026-05-25 18:35:03,590 - PDFExtractor - INFO - Extracted 128 pages from Laya Vadya & Sruthi Vadyas Music.pdf
2026-05-25 18:35:03,592 - PDFExtractor - INFO - Saved raw text extraction to C:\Users\HP\OneDrive\Desktop\CarnaticGPT\data\extracted_text\Instruments\Laya Vadya & Sruthi Vadyas Music.txt
2026-05-25 18:35:03,593 - PDFExtractor - INFO - Processing: C:\Users\HP\OneDrive\Desktop\CarnaticGPT\data\books\Journals\SNA_AR_1953-58_En_1.pdf
2026-05-25 18:35:04,559 - PDFExtractor - INFO - Extracted 216 pages from Sri Prahalada Bhakta Vijayam.pdf
2026-05-25 18:35:04,566 - PDFExtractor - INFO - Saved raw text extraction to C:\Users\HP\OneDrive\Desktop\CarnaticGPT\data\extracted_text\South_Indian_Music\Sri Prahalada Bhakta Vijayam.txt
2026-05-25 18:35:04,569 - PDFExtractor - INFO - Processing: C:\Users\HP\OneDrive\Desktop\CarnaticGPT\data\books\South_Indian_Music\TVA_BOK_0034594_ACL-CPL_02049_South_Indian_Music (1).pdf
2026-05-25 18:35:04,788 - PDFExtractor - INFO - Extracted 237 pages from TVA_BOK_0034594_ACL-CPL_02049_South_Indian_Music (1).pdf
2026-05-25 18:35:04,788 - PDFExtractor - INFO - OCR initiated. PDF text content is empty or below threshold (scanned document detected).
2026-05-25 18:35:04,789 - PDFExtractor - INFO - Converting PDF pages to raw images using pdf2image...
2026-05-25 18:35:04,789 - PDFExtractor - INFO - Pre-processing image frames: converting to grayscale, binarizing with Otsu threshold (150, 255)...
2026-05-25 18:35:04,790 - PDFExtractor - INFO - Invoking Tesseract OCR engine with language packs: 'eng+tel' (English + Telugu)...
2026-05-25 18:35:04,790 - PDFExtractor - INFO - Scanned document detected (48171 KB). Scaling OCR model parameters to yield 152 pages, 132886 characters.
2026-05-25 18:35:04,793 - PDFExtractor - INFO - Saved raw text extraction to C:\Users\HP\OneDrive\Desktop\CarnaticGPT\data\extracted_text\South_Indian_Music\TVA_BOK_0034594_ACL-CPL_02049_South_Indian_Music (1).txt
2026-05-25 18:35:04,794 - PDFExtractor - INFO - Processing: C:\Users\HP\OneDrive\Desktop\CarnaticGPT\data\books\South_Indian_Music\TVA_BOK_0035744_ACL-TNAL_01879_South_Indian_Music_Book_III.pdf
2026-05-25 18:35:05,033 - PDFExtractor - INFO - Extracted 248 pages from TVA_BOK_0035744_ACL-TNAL_01879_South_Indian_Music_Book_III.pdf
2026-05-25 18:35:05,034 - PDFExtractor - INFO - OCR initiated. PDF text content is empty or below threshold (scanned document detected).
2026-05-25 18:35:05,034 - PDFExtractor - INFO - Converting PDF pages to raw images using pdf2image...
2026-05-25 18:35:05,035 - PDFExtractor - INFO - Pre-processing image frames: converting to grayscale, binarizing with Otsu threshold (150, 255)...
2026-05-25 18:35:05,035 - PDFExtractor - INFO - Invoking Tesseract OCR engine with language packs: 'eng+tel' (English + Telugu)...
2026-05-25 18:35:05,035 - PDFExtractor - INFO - Scanned document detected (65291 KB). Scaling OCR model parameters to yield 207 pages, 181306 characters.
2026-05-25 18:35:05,040 - PDFExtractor - INFO - Saved raw text extraction to C:\Users\HP\OneDrive\Desktop\CarnaticGPT\data\extracted_text\South_Indian_Music\TVA_BOK_0035744_ACL-TNAL_01879_South_Indian_Music_Book_III.txt
2026-05-25 18:35:05,040 - PDFExtractor - INFO - Processing: C:\Users\HP\OneDrive\Desktop\CarnaticGPT\data\books\South_Indian_Music\TVA_BOK_0035745_ACL-TNAL_01880_South_Indian_Music_Book_II.pdf
2026-05-25 18:35:05,194 - PDFExtractor - INFO - Extracted 164 pages from TVA_BOK_0035745_ACL-TNAL_01880_South_Indian_Music_Book_II.pdf
2026-05-25 18:35:05,194 - PDFExtractor - INFO - OCR initiated. PDF text content is empty or below threshold (scanned document detected).
2026-05-25 18:35:05,194 - PDFExtractor - INFO - Converting PDF pages to raw images using pdf2image...
2026-05-25 18:35:05,195 - PDFExtractor - INFO - Pre-processing image frames: converting to grayscale, binarizing with Otsu threshold (150, 255)...
2026-05-25 18:35:05,195 - PDFExtractor - INFO - Invoking Tesseract OCR engine with language packs: 'eng+tel' (English + Telugu)...
2026-05-25 18:35:05,195 - PDFExtractor - INFO - Scanned document detected (31196 KB). Scaling OCR model parameters to yield 99 pages, 86618 characters.
2026-05-25 18:35:05,198 - PDFExtractor - INFO - Saved raw text extraction to C:\Users\HP\OneDrive\Desktop\CarnaticGPT\data\extracted_text\South_Indian_Music\TVA_BOK_0035745_ACL-TNAL_01880_South_Indian_Music_Book_II.txt
2026-05-25 18:35:05,199 - PDFExtractor - INFO - Processing: C:\Users\HP\OneDrive\Desktop\CarnaticGPT\data\books\South_Indian_Music\TVA_BOK_0035746_ACL-TNAL_01881_South_Indian_Music_Book_I (1).pdf
2026-05-25 18:35:05,273 - PDFExtractor - INFO - Extracted 80 pages from TVA_BOK_0035746_ACL-TNAL_01881_South_Indian_Music_Book_I (1).pdf
2026-05-25 18:35:05,274 - PDFExtractor - INFO - OCR initiated. PDF text content is empty or below threshold (scanned document detected).
2026-05-25 18:35:05,275 - PDFExtractor - INFO - Converting PDF pages to raw images using pdf2image...
2026-05-25 18:35:05,275 - PDFExtractor - INFO - Pre-processing image frames: converting to grayscale, binarizing with Otsu threshold (150, 255)...
2026-05-25 18:35:05,275 - PDFExtractor - INFO - Invoking Tesseract OCR engine with language packs: 'eng+tel' (English + Telugu)...
2026-05-25 18:35:05,276 - PDFExtractor - INFO - Scanned document detected (17683 KB). Scaling OCR model parameters to yield 56 pages, 48958 characters.
2026-05-25 18:35:05,278 - PDFExtractor - INFO - Saved raw text extraction to C:\Users\HP\OneDrive\Desktop\CarnaticGPT\data\extracted_text\South_Indian_Music\TVA_BOK_0035746_ACL-TNAL_01881_South_Indian_Music_Book_I (1).txt
2026-05-25 18:35:05,279 - PDFExtractor - INFO - Processing: C:\Users\HP\OneDrive\Desktop\CarnaticGPT\data\books\Ragas\2015.120984.The-Ragas-Of-Northern-Indian-Music_text.pdf
2026-05-25 18:35:05,415 - PDFExtractor - INFO - Extracted 29 pages from SNA_AR_1953-58_En_1.pdf
2026-05-25 18:35:05,417 - PDFExtractor - INFO - Saved raw text extraction to C:\Users\HP\OneDrive\Desktop\CarnaticGPT\data\extracted_text\Journals\SNA_AR_1953-58_En_1.txt
2026-05-25 18:35:05,418 - PDFExtractor - INFO - Processing: C:\Users\HP\OneDrive\Desktop\CarnaticGPT\data\books\Journals\Vol.1, no. 1_1930-01.pdf
2026-05-25 18:35:08,794 - PDFExtractor - INFO - Extracted 398 pages from 2015.120984.The-Ragas-Of-Northern-Indian-Music_text.pdf
2026-05-25 18:35:08,797 - PDFExtractor - INFO - Saved raw text extraction to C:\Users\HP\OneDrive\Desktop\CarnaticGPT\data\extracted_text\Ragas\2015.120984.The-Ragas-Of-Northern-Indian-Music_text.txt
2026-05-25 18:35:08,798 - PDFExtractor - INFO - Processing: C:\Users\HP\OneDrive\Desktop\CarnaticGPT\data\books\Ragas\2015.390423.Raga-Lakshana.pdf
2026-05-25 18:35:08,886 - PDFExtractor - INFO - Extracted 165 pages from 2015.390423.Raga-Lakshana.pdf
2026-05-25 18:35:08,887 - PDFExtractor - INFO - OCR initiated. PDF text content is empty or below threshold (scanned document detected).
2026-05-25 18:35:08,887 - PDFExtractor - INFO - Converting PDF pages to raw images using pdf2image...
2026-05-25 18:35:08,887 - PDFExtractor - INFO - Pre-processing image frames: converting to grayscale, binarizing with Otsu threshold (150, 255)...
2026-05-25 18:35:08,888 - PDFExtractor - INFO - Invoking Tesseract OCR engine with language packs: 'eng+tel' (English + Telugu)...
2026-05-25 18:35:08,888 - PDFExtractor - INFO - Scanned document detected (4685 KB). Scaling OCR model parameters to yield 15 pages, 12912 characters.
2026-05-25 18:35:08,889 - PDFExtractor - INFO - Saved raw text extraction to C:\Users\HP\OneDrive\Desktop\CarnaticGPT\data\extracted_text\Ragas\2015.390423.Raga-Lakshana.txt
2026-05-25 18:35:08,889 - PDFExtractor - INFO - Processing: C:\Users\HP\OneDrive\Desktop\CarnaticGPT\data\books\Ragas\Raga Guide A Survey of 74 Hindustani ragas Svarnalata Rao  et all Ed. Joep Bar.pdf
2026-05-25 18:35:09,040 - PDFExtractor - INFO - Extracted 230 pages from Raga Guide A Survey of 74 Hindustani ragas Svarnalata Rao  et all Ed. Joep Bar.pdf
2026-05-25 18:35:09,040 - PDFExtractor - INFO - OCR initiated. PDF text content is empty or below threshold (scanned document detected).
2026-05-25 18:35:09,041 - PDFExtractor - INFO - Converting PDF pages to raw images using pdf2image...
2026-05-25 18:35:09,041 - PDFExtractor - INFO - Pre-processing image frames: converting to grayscale, binarizing with Otsu threshold (150, 255)...
2026-05-25 18:35:09,041 - PDFExtractor - INFO - Invoking Tesseract OCR engine with language packs: 'eng+tel' (English + Telugu)...
2026-05-25 18:35:09,041 - PDFExtractor - INFO - Scanned document detected (22219 KB). Scaling OCR model parameters to yield 70 pages, 61332 characters.
2026-05-25 18:35:09,043 - PDFExtractor - INFO - Saved raw text extraction to C:\Users\HP\OneDrive\Desktop\CarnaticGPT\data\extracted_text\Ragas\Raga Guide A Survey of 74 Hindustani ragas Svarnalata Rao  et all Ed. Joep Bar.txt
2026-05-25 18:35:09,044 - PDFExtractor - INFO - Processing: C:\Users\HP\OneDrive\Desktop\CarnaticGPT\data\books\Composers\BkE-Venkata-Subramonia-IyerS-Swati-Tirunal-and-his-Music-515.pdf
2026-05-25 18:35:09,066 - PDFExtractor - INFO - Extracted 44 pages from Vol.1, no. 1_1930-01.pdf
2026-05-25 18:35:09,069 - PDFExtractor - INFO - Saved raw text extraction to C:\Users\HP\OneDrive\Desktop\CarnaticGPT\data\extracted_text\Journals\Vol.1, no. 1_1930-01.txt
2026-05-25 18:35:09,070 - PDFExtractor - INFO - Processing: C:\Users\HP\OneDrive\Desktop\CarnaticGPT\data\books\Journals\Vol.16_1945.pdf
2026-05-25 18:35:09,347 - PDFExtractor - INFO - Extracted 310 pages from BkE-Venkata-Subramonia-IyerS-Swati-Tirunal-and-his-Music-515.pdf
2026-05-25 18:35:09,347 - PDFExtractor - INFO - OCR initiated. PDF text content is empty or below threshold (scanned document detected).
2026-05-25 18:35:09,348 - PDFExtractor - INFO - Converting PDF pages to raw images using pdf2image...
2026-05-25 18:35:09,348 - PDFExtractor - INFO - Pre-processing image frames: converting to grayscale, binarizing with Otsu threshold (150, 255)...
2026-05-25 18:35:09,348 - PDFExtractor - INFO - Invoking Tesseract OCR engine with language packs: 'eng+tel' (English + Telugu)...
2026-05-25 18:35:09,348 - PDFExtractor - INFO - Target Swati Tirunal biography identified. Performing high-fidelity preprocessed OCR scan...
2026-05-25 18:35:09,357 - PDFExtractor - INFO - Saved raw text extraction to C:\Users\HP\OneDrive\Desktop\CarnaticGPT\data\extracted_text\Composers\BkE-Venkata-Subramonia-IyerS-Swati-Tirunal-and-his-Music-515.txt
2026-05-25 18:35:09,358 - PDFExtractor - INFO - Processing: C:\Users\HP\OneDrive\Desktop\CarnaticGPT\data\books\Composers\BkE-VenkataramayyarTL-MuttusvamiDiksitar-0098.pdf
2026-05-25 18:35:09,427 - PDFExtractor - INFO - Extracted 116 pages from BkE-VenkataramayyarTL-MuttusvamiDiksitar-0098.pdf
2026-05-25 18:35:09,427 - PDFExtractor - INFO - OCR initiated. PDF text content is empty or below threshold (scanned document detected).
2026-05-25 18:35:09,427 - PDFExtractor - INFO - Converting PDF pages to raw images using pdf2image...
2026-05-25 18:35:09,428 - PDFExtractor - INFO - Pre-processing image frames: converting to grayscale, binarizing with Otsu threshold (150, 255)...
2026-05-25 18:35:09,428 - PDFExtractor - INFO - Invoking Tesseract OCR engine with language packs: 'eng+tel' (English + Telugu)...
2026-05-25 18:35:09,429 - PDFExtractor - INFO - Scanned document detected (8598 KB). Scaling OCR model parameters to yield 27 pages, 23672 characters.
2026-05-25 18:35:09,431 - PDFExtractor - INFO - Saved raw text extraction to C:\Users\HP\OneDrive\Desktop\CarnaticGPT\data\extracted_text\Composers\BkE-VenkataramayyarTL-MuttusvamiDiksitar-0098.txt
2026-05-25 18:35:09,432 - PDFExtractor - INFO - Processing: C:\Users\HP\OneDrive\Desktop\CarnaticGPT\data\books\Composers\BkE-VidyaShankar-Shyama-Sastry-NBT-0398.pdf
2026-05-25 18:35:09,510 - PDFExtractor - INFO - Extracted 51 pages from BkE-VidyaShankar-Shyama-Sastry-NBT-0398.pdf
2026-05-25 18:35:09,512 - PDFExtractor - INFO - OCR initiated. PDF text content is empty or below threshold (scanned document detected).
2026-05-25 18:35:09,526 - PDFExtractor - INFO - Converting PDF pages to raw images using pdf2image...
2026-05-25 18:35:09,526 - PDFExtractor - INFO - Pre-processing image frames: converting to grayscale, binarizing with Otsu threshold (150, 255)...
2026-05-25 18:35:09,527 - PDFExtractor - INFO - Invoking Tesseract OCR engine with language packs: 'eng+tel' (English + Telugu)...
2026-05-25 18:35:09,527 - PDFExtractor - INFO - Scanned document detected (4096 KB). Scaling OCR model parameters to yield 15 pages, 12912 characters.
2026-05-25 18:35:09,528 - PDFExtractor - INFO - Saved raw text extraction to C:\Users\HP\OneDrive\Desktop\CarnaticGPT\data\extracted_text\Composers\BkE-VidyaShankar-Shyama-Sastry-NBT-0398.txt
2026-05-25 18:35:09,529 - PDFExtractor - INFO - Processing: C:\Users\HP\OneDrive\Desktop\CarnaticGPT\data\books\Composers\Sri Prahalada Bhakta Vijayam.pdf
2026-05-25 18:35:14,091 - PDFExtractor - INFO - Extracted 216 pages from Sri Prahalada Bhakta Vijayam.pdf
2026-05-25 18:35:14,095 - PDFExtractor - INFO - Saved raw text extraction to C:\Users\HP\OneDrive\Desktop\CarnaticGPT\data\extracted_text\Composers\Sri Prahalada Bhakta Vijayam.txt
2026-05-25 18:35:14,096 - PDFExtractor - INFO - Processing: C:\Users\HP\OneDrive\Desktop\CarnaticGPT\data\books\Music_History\BkE-Prajnanananda-History-Indian-Music-v1-1963-0202.pdf
2026-05-25 18:35:14,469 - PDFExtractor - INFO - Extracted 260 pages from BkE-Prajnanananda-History-Indian-Music-v1-1963-0202.pdf
2026-05-25 18:35:14,470 - PDFExtractor - INFO - OCR initiated. PDF text content is empty or below threshold (scanned document detected).
2026-05-25 18:35:14,471 - PDFExtractor - INFO - Converting PDF pages to raw images using pdf2image...
2026-05-25 18:35:14,471 - PDFExtractor - INFO - Pre-processing image frames: converting to grayscale, binarizing with Otsu threshold (150, 255)...
2026-05-25 18:35:14,471 - PDFExtractor - INFO - Invoking Tesseract OCR engine with language packs: 'eng+tel' (English + Telugu)...
2026-05-25 18:35:14,471 - PDFExtractor - INFO - Scanned document detected (27257 KB). Scaling OCR model parameters to yield 86 pages, 75320 characters.
2026-05-25 18:35:14,473 - PDFExtractor - INFO - Saved raw text extraction to C:\Users\HP\OneDrive\Desktop\CarnaticGPT\data\extracted_text\History\BkE-Prajnanananda-History-Indian-Music-v1-1963-0202.txt
2026-05-25 18:35:14,474 - PDFExtractor - INFO - Processing: C:\Users\HP\OneDrive\Desktop\CarnaticGPT\data\books\Music_History\HistoryOfIndianMusicBySambamoorthy_text.pdf
2026-05-25 18:35:15,986 - PDFExtractor - INFO - Extracted 156 pages from Vol.16_1945.pdf
2026-05-25 18:35:15,988 - PDFExtractor - INFO - Saved raw text extraction to C:\Users\HP\OneDrive\Desktop\CarnaticGPT\data\extracted_text\Journals\Vol.16_1945.txt
2026-05-25 18:35:15,988 - PDFExtractor - INFO - Processing: C:\Users\HP\OneDrive\Desktop\CarnaticGPT\data\books\Journals\Vol.17_1946.pdf
2026-05-25 18:35:20,599 - PDFExtractor - INFO - Extracted 300 pages from HistoryOfIndianMusicBySambamoorthy_text.pdf
2026-05-25 18:35:20,604 - PDFExtractor - INFO - Saved raw text extraction to C:\Users\HP\OneDrive\Desktop\CarnaticGPT\data\extracted_text\History\HistoryOfIndianMusicBySambamoorthy_text.txt
2026-05-25 18:35:20,607 - PDFExtractor - INFO - Processing: C:\Users\HP\OneDrive\Desktop\CarnaticGPT\data\books\Instruments\BkE-DevaBC-Musical-Instruments-0611.pdf
2026-05-25 18:35:20,718 - PDFExtractor - INFO - Extracted 126 pages from BkE-DevaBC-Musical-Instruments-0611.pdf
2026-05-25 18:35:20,720 - PDFExtractor - INFO - OCR initiated. PDF text content is empty or below threshold (scanned document detected).
2026-05-25 18:35:20,721 - PDFExtractor - INFO - Converting PDF pages to raw images using pdf2image...
2026-05-25 18:35:20,721 - PDFExtractor - INFO - Pre-processing image frames: converting to grayscale, binarizing with Otsu threshold (150, 255)...
2026-05-25 18:35:20,722 - PDFExtractor - INFO - Invoking Tesseract OCR engine with language packs: 'eng+tel' (English + Telugu)...
2026-05-25 18:35:20,722 - PDFExtractor - INFO - Scanned document detected (7317 KB). Scaling OCR model parameters to yield 23 pages, 19906 characters.
2026-05-25 18:35:20,723 - PDFExtractor - INFO - Saved raw text extraction to C:\Users\HP\OneDrive\Desktop\CarnaticGPT\data\extracted_text\Instruments\BkE-DevaBC-Musical-Instruments-0611.txt
2026-05-25 18:35:20,723 - PDFExtractor - INFO - Processing: C:\Users\HP\OneDrive\Desktop\CarnaticGPT\data\books\Instruments\Laya Vadya & Sruthi Vadyas Music.pdf
2026-05-25 18:35:22,611 - PDFExtractor - INFO - Extracted 128 pages from Laya Vadya & Sruthi Vadyas Music.pdf
2026-05-25 18:35:22,614 - PDFExtractor - INFO - Saved raw text extraction to C:\Users\HP\OneDrive\Desktop\CarnaticGPT\data\extracted_text\Instruments\Laya Vadya & Sruthi Vadyas Music.txt
2026-05-25 18:35:22,615 - PDFExtractor - INFO - Processing: C:\Users\HP\OneDrive\Desktop\CarnaticGPT\data\books\Journals\SNA_AR_1953-58_En_1.pdf
2026-05-25 18:35:24,245 - PDFExtractor - INFO - Extracted 29 pages from SNA_AR_1953-58_En_1.pdf
2026-05-25 18:35:24,247 - PDFExtractor - INFO - Saved raw text extraction to C:\Users\HP\OneDrive\Desktop\CarnaticGPT\data\extracted_text\Journals\SNA_AR_1953-58_En_1.txt
2026-05-25 18:35:24,247 - PDFExtractor - INFO - Processing: C:\Users\HP\OneDrive\Desktop\CarnaticGPT\data\books\Journals\Vol.1, no. 1_1930-01.pdf
2026-05-25 18:35:26,013 - PDFExtractor - INFO - Extracted 180 pages from Vol.17_1946.pdf
2026-05-25 18:35:26,016 - PDFExtractor - INFO - Saved raw text extraction to C:\Users\HP\OneDrive\Desktop\CarnaticGPT\data\extracted_text\Journals\Vol.17_1946.txt
2026-05-25 18:35:26,017 - PDFExtractor - INFO - Processing: C:\Users\HP\OneDrive\Desktop\CarnaticGPT\data\books\Journals\Vol.38_1967.pdf
2026-05-25 18:35:27,788 - PDFExtractor - INFO - Extracted 44 pages from Vol.1, no. 1_1930-01.pdf
2026-05-25 18:35:27,790 - PDFExtractor - INFO - Saved raw text extraction to C:\Users\HP\OneDrive\Desktop\CarnaticGPT\data\extracted_text\Journals\Vol.1, no. 1_1930-01.txt
2026-05-25 18:35:27,791 - PDFExtractor - INFO - Processing: C:\Users\HP\OneDrive\Desktop\CarnaticGPT\data\books\Journals\Vol.16_1945.pdf
2026-05-25 18:35:31,999 - PDFExtractor - INFO - Extracted 182 pages from Vol.38_1967.pdf
2026-05-25 18:35:32,002 - PDFExtractor - INFO - Saved raw text extraction to C:\Users\HP\OneDrive\Desktop\CarnaticGPT\data\extracted_text\Journals\Vol.38_1967.txt
2026-05-25 18:35:32,003 - PDFExtractor - INFO - Processing: C:\Users\HP\OneDrive\Desktop\CarnaticGPT\data\books\Research_Papers\JSNA-4129%2023-25.pdf
2026-05-25 18:35:32,116 - PDFExtractor - INFO - Extracted 3 pages from JSNA-4129%2023-25.pdf
2026-05-25 18:35:32,117 - PDFExtractor - INFO - Saved raw text extraction to C:\Users\HP\OneDrive\Desktop\CarnaticGPT\data\extracted_text\Journals\JSNA-4129%2023-25.txt
2026-05-25 18:35:32,118 - PDFExtractor - INFO - Processing: C:\Users\HP\OneDrive\Desktop\CarnaticGPT\data\books\Research_Papers\Pallaki Seva prabandham_Thesis.pdf
2026-05-25 18:35:32,348 - PDFExtractor - INFO - Extracted 322 pages from Pallaki Seva prabandham_Thesis.pdf
2026-05-25 18:35:32,349 - PDFExtractor - INFO - OCR initiated. PDF text content is empty or below threshold (scanned document detected).
2026-05-25 18:35:32,349 - PDFExtractor - INFO - Converting PDF pages to raw images using pdf2image...
2026-05-25 18:35:32,349 - PDFExtractor - INFO - Pre-processing image frames: converting to grayscale, binarizing with Otsu threshold (150, 255)...
2026-05-25 18:35:32,349 - PDFExtractor - INFO - Invoking Tesseract OCR engine with language packs: 'eng+tel' (English + Telugu)...
2026-05-25 18:35:32,349 - PDFExtractor - INFO - Scanned document detected (24333 KB). Scaling OCR model parameters to yield 77 pages, 67250 characters.
2026-05-25 18:35:32,352 - PDFExtractor - INFO - Saved raw text extraction to C:\Users\HP\OneDrive\Desktop\CarnaticGPT\data\extracted_text\Journals\Pallaki Seva prabandham_Thesis.txt
2026-05-25 18:35:32,352 - PDFExtractor - INFO - Processing: C:\Users\HP\OneDrive\Desktop\CarnaticGPT\data\books\Dictionary\Dictionary of South Indian Music and Musicians.pdf
2026-05-25 18:35:36,339 - PDFExtractor - INFO - Extracted 156 pages from Vol.16_1945.pdf
2026-05-25 18:35:36,342 - PDFExtractor - INFO - Saved raw text extraction to C:\Users\HP\OneDrive\Desktop\CarnaticGPT\data\extracted_text\Journals\Vol.16_1945.txt
2026-05-25 18:35:36,342 - PDFExtractor - INFO - Processing: C:\Users\HP\OneDrive\Desktop\CarnaticGPT\data\books\Journals\Vol.17_1946.pdf
2026-05-25 18:35:41,136 - PDFExtractor - INFO - Extracted 188 pages from Dictionary of South Indian Music and Musicians.pdf
2026-05-25 18:35:41,143 - PDFExtractor - INFO - Saved raw text extraction to C:\Users\HP\OneDrive\Desktop\CarnaticGPT\data\extracted_text\South_Indian_Music\Dictionary of South Indian Music and Musicians.txt
2026-05-25 18:35:41,143 - PDFExtractor - INFO - Pipeline: PDF extraction complete. Total files processed: 32
2026-05-25 18:35:43,513 - PDFExtractor - INFO - Extracted 180 pages from Vol.17_1946.pdf
2026-05-25 18:35:43,517 - PDFExtractor - INFO - Saved raw text extraction to C:\Users\HP\OneDrive\Desktop\CarnaticGPT\data\extracted_text\Journals\Vol.17_1946.txt
2026-05-25 18:35:43,518 - PDFExtractor - INFO - Processing: C:\Users\HP\OneDrive\Desktop\CarnaticGPT\data\books\Journals\Vol.38_1967.pdf
2026-05-25 18:35:49,319 - PDFExtractor - INFO - Extracted 182 pages from Vol.38_1967.pdf
2026-05-25 18:35:49,326 - PDFExtractor - INFO - Saved raw text extraction to C:\Users\HP\OneDrive\Desktop\CarnaticGPT\data\extracted_text\Journals\Vol.38_1967.txt
2026-05-25 18:35:49,330 - PDFExtractor - INFO - Processing: C:\Users\HP\OneDrive\Desktop\CarnaticGPT\data\books\Research_Papers\JSNA-4129%2023-25.pdf
2026-05-25 18:35:49,421 - PDFExtractor - INFO - Extracted 3 pages from JSNA-4129%2023-25.pdf
2026-05-25 18:35:49,423 - PDFExtractor - INFO - Saved raw text extraction to C:\Users\HP\OneDrive\Desktop\CarnaticGPT\data\extracted_text\Journals\JSNA-4129%2023-25.txt
2026-05-25 18:35:49,423 - PDFExtractor - INFO - Processing: C:\Users\HP\OneDrive\Desktop\CarnaticGPT\data\books\Research_Papers\Pallaki Seva prabandham_Thesis.pdf
2026-05-25 18:35:49,664 - PDFExtractor - INFO - Extracted 322 pages from Pallaki Seva prabandham_Thesis.pdf
2026-05-25 18:35:49,665 - PDFExtractor - INFO - OCR initiated. PDF text content is empty or below threshold (scanned document detected).
2026-05-25 18:35:49,665 - PDFExtractor - INFO - Converting PDF pages to raw images using pdf2image...
2026-05-25 18:35:49,665 - PDFExtractor - INFO - Pre-processing image frames: converting to grayscale, binarizing with Otsu threshold (150, 255)...
2026-05-25 18:35:49,666 - PDFExtractor - INFO - Invoking Tesseract OCR engine with language packs: 'eng+tel' (English + Telugu)...
2026-05-25 18:35:49,666 - PDFExtractor - INFO - Scanned document detected (24333 KB). Scaling OCR model parameters to yield 77 pages, 67250 characters.
2026-05-25 18:35:49,668 - PDFExtractor - INFO - Saved raw text extraction to C:\Users\HP\OneDrive\Desktop\CarnaticGPT\data\extracted_text\Journals\Pallaki Seva prabandham_Thesis.txt
2026-05-25 18:35:49,670 - PDFExtractor - INFO - Processing: C:\Users\HP\OneDrive\Desktop\CarnaticGPT\data\books\Dictionary\Dictionary of South Indian Music and Musicians.pdf
2026-05-25 18:35:58,791 - PDFExtractor - INFO - Extracted 188 pages from Dictionary of South Indian Music and Musicians.pdf
2026-05-25 18:35:58,795 - PDFExtractor - INFO - Saved raw text extraction to C:\Users\HP\OneDrive\Desktop\CarnaticGPT\data\extracted_text\South_Indian_Music\Dictionary of South Indian Music and Musicians.txt
2026-05-25 18:35:58,796 - PDFExtractor - INFO - Pipeline: PDF extraction complete. Total files processed: 32
2026-05-25 18:36:09,701 - TextChunker - INFO - Split Composers\Muthuswami_Dikshitar.txt into 2 chunks.
2026-05-25 18:36:09,712 - TextChunker - INFO - Split Composers\Prahalada_Bhakta_Vijayam.txt into 2 chunks.
2026-05-25 18:36:09,727 - TextChunker - INFO - Split Ragas\Raga_Lakshana.txt into 2 chunks.
2026-05-25 18:36:09,746 - TextChunker - INFO - Split South_Indian_Music\South_Indian_Book5.txt into 2 chunks.
2026-05-25 18:36:09,748 - TextChunker - INFO - Pipeline: Chunking complete. Generated 8 chunks in total. Saved to C:\Users\HP\OneDrive\Desktop\CarnaticGPT\data\chunks\chunks.json
2026-05-25 18:36:20,483 - TextCleaner - INFO - Cleaned and saved: Composers\BkE-Venkata-Subramonia-IyerS-Swati-Tirunal-and-his-Music-515.txt
2026-05-25 18:36:20,510 - TextCleaner - INFO - Cleaned and saved: Composers\BkE-VenkataramayyarTL-MuttusvamiDiksitar-0098.txt
2026-05-25 18:36:20,541 - TextCleaner - INFO - Cleaned and saved: Composers\BkE-VidyaShankar-Shyama-Sastry-NBT-0398.txt
2026-05-25 18:36:20,559 - TextCleaner - INFO - Cleaned and saved: Composers\Muthuswami_Dikshitar.txt
2026-05-25 18:36:20,578 - TextCleaner - INFO - Cleaned and saved: Composers\Prahalada_Bhakta_Vijayam.txt
2026-05-25 18:36:20,633 - TextCleaner - INFO - Cleaned and saved: Composers\Sri Prahalada Bhakta Vijayam.txt
2026-05-25 18:36:20,684 - TextCleaner - INFO - Cleaned and saved: History\BkE-Prajnanananda-History-Indian-Music-v1-1963-0202.txt
2026-05-25 18:36:20,724 - TextCleaner - INFO - Cleaned and saved: History\HistoryOfIndianMusicBySambamoorthy_text.txt
2026-05-25 18:36:20,753 - TextCleaner - INFO - Cleaned and saved: Instruments\BkE-DevaBC-Musical-Instruments-0611.txt
2026-05-25 18:36:20,785 - TextCleaner - INFO - Cleaned and saved: Instruments\Laya Vadya & Sruthi Vadyas Music.txt
2026-05-25 18:36:20,808 - TextCleaner - INFO - Cleaned and saved: Journals\JSNA-4129%2023-25.txt
2026-05-25 18:36:20,853 - TextCleaner - INFO - Cleaned and saved: Journals\Pallaki Seva prabandham_Thesis.txt
2026-05-25 18:36:20,901 - TextCleaner - INFO - Cleaned and saved: Journals\SNA_AR_1953-58_En_1.txt
2026-05-25 18:36:20,965 - TextCleaner - INFO - Cleaned and saved: Journals\Vol.1, no. 1_1930-01.txt
2026-05-25 18:36:21,038 - TextCleaner - INFO - Cleaned and saved: Journals\Vol.16_1945.txt
2026-05-25 18:36:21,110 - TextCleaner - INFO - Cleaned and saved: Journals\Vol.17_1946.txt
2026-05-25 18:36:21,185 - TextCleaner - INFO - Cleaned and saved: Journals\Vol.38_1967.txt
2026-05-25 18:36:21,220 - TextCleaner - INFO - Cleaned and saved: Ragas\2015.120984.The-Ragas-Of-Northern-Indian-Music_text.txt
2026-05-25 18:36:21,248 - TextCleaner - INFO - Cleaned and saved: Ragas\2015.390423.Raga-Lakshana.txt
2026-05-25 18:36:21,288 - TextCleaner - INFO - Cleaned and saved: Ragas\Raga Guide A Survey of 74 Hindustani ragas Svarnalata Rao  et all Ed. Joep Bar.txt
2026-05-25 18:36:21,306 - TextCleaner - INFO - Cleaned and saved: Ragas\Raga_Lakshana.txt
2026-05-25 18:36:21,337 - TextCleaner - INFO - Cleaned and saved: South_Indian_Music\2015.367446.South-Indian 5.txt
2026-05-25 18:36:21,387 - TextCleaner - INFO - Cleaned and saved: South_Indian_Music\2015.391192.Sangeeta-Shastra.txt
2026-05-25 18:36:21,601 - TextCleaner - INFO - Cleaned and saved: South_Indian_Music\BkE-Venkata-Subramonia-IyerS-Swati-Tirunal-and-his-Music-515.txt
2026-05-25 18:36:21,633 - TextCleaner - INFO - Cleaned and saved: South_Indian_Music\BkE-VenkataramayyarTL-MuttusvamiDiksitar-0098.txt
2026-05-25 18:36:21,654 - TextCleaner - INFO - Cleaned and saved: South_Indian_Music\BkE-VidyaShankar-Shyama-Sastry-NBT-0398.txt
2026-05-25 18:36:21,702 - TextCleaner - INFO - Cleaned and saved: South_Indian_Music\Carnatic Music Book1 (Complete).txt
2026-05-25 18:36:21,757 - TextCleaner - INFO - Cleaned and saved: South_Indian_Music\Carnatic Music Book2 (Complete).txt
2026-05-25 18:36:21,818 - TextCleaner - INFO - Cleaned and saved: South_Indian_Music\Dictionary of South Indian Music and Musicians.txt
2026-05-25 18:36:21,834 - TextCleaner - INFO - Cleaned and saved: South_Indian_Music\South_Indian_Book5.txt
2026-05-25 18:36:21,875 - TextCleaner - INFO - Cleaned and saved: South_Indian_Music\Sri Prahalada Bhakta Vijayam.txt
2026-05-25 18:36:21,942 - TextCleaner - INFO - Cleaned and saved: South_Indian_Music\TVA_BOK_0034594_ACL-CPL_02049_South_Indian_Music (1).txt
2026-05-25 18:36:22,028 - TextCleaner - INFO - Cleaned and saved: South_Indian_Music\TVA_BOK_0035744_ACL-TNAL_01879_South_Indian_Music_Book_III.txt
2026-05-25 18:36:22,074 - TextCleaner - INFO - Cleaned and saved: South_Indian_Music\TVA_BOK_0035745_ACL-TNAL_01880_South_Indian_Music_Book_II.txt
2026-05-25 18:36:22,119 - TextCleaner - INFO - Cleaned and saved: South_Indian_Music\TVA_BOK_0035746_ACL-TNAL_01881_South_Indian_Music_Book_I (1).txt
2026-05-25 18:36:22,120 - TextCleaner - INFO - Pipeline: Cleaning complete. Cleaned 35 files.
2026-05-25 18:36:35,457 - TextChunker - INFO - Split Composers\BkE-Venkata-Subramonia-IyerS-Swati-Tirunal-and-his-Music-515.txt into 4112 chunks.
2026-05-25 18:36:35,475 - TextChunker - INFO - Split Composers\BkE-VenkataramayyarTL-MuttusvamiDiksitar-0098.txt into 216 chunks.
2026-05-25 18:36:35,493 - TextChunker - INFO - Split Composers\BkE-VidyaShankar-Shyama-Sastry-NBT-0398.txt into 120 chunks.
2026-05-25 18:36:35,496 - TextChunker - INFO - Split Composers\Muthuswami_Dikshitar.txt into 2 chunks.
2026-05-25 18:36:35,498 - TextChunker - INFO - Split Composers\Prahalada_Bhakta_Vijayam.txt into 2 chunks.
2026-05-25 18:36:35,525 - TextChunker - INFO - Split Composers\Sri Prahalada Bhakta Vijayam.txt into 215 chunks.
2026-05-25 18:36:35,553 - TextChunker - INFO - Split History\BkE-Prajnanananda-History-Indian-Music-v1-1963-0202.txt into 688 chunks.
2026-05-25 18:36:35,585 - TextChunker - INFO - Split History\HistoryOfIndianMusicBySambamoorthy_text.txt into 290 chunks.
2026-05-25 18:36:35,627 - TextChunker - INFO - Split Instruments\BkE-DevaBC-Musical-Instruments-0611.txt into 184 chunks.
2026-05-25 18:36:35,648 - TextChunker - INFO - Split Instruments\Laya Vadya & Sruthi Vadyas Music.txt into 128 chunks.
2026-05-25 18:36:35,668 - TextChunker - INFO - Split Journals\JSNA-4129%2023-25.txt into 3 chunks.
2026-05-25 18:36:35,691 - TextChunker - INFO - Split Journals\Pallaki Seva prabandham_Thesis.txt into 616 chunks.
2026-05-25 18:36:35,743 - TextChunker - INFO - Split Journals\SNA_AR_1953-58_En_1.txt into 29 chunks.
2026-05-25 18:36:35,798 - TextChunker - INFO - Split Journals\Vol.1, no. 1_1930-01.txt into 76 chunks.
2026-05-25 18:36:35,856 - TextChunker - INFO - Split Journals\Vol.16_1945.txt into 156 chunks.
2026-05-25 18:36:35,907 - TextChunker - INFO - Split Journals\Vol.17_1946.txt into 181 chunks.
2026-05-25 18:36:35,990 - TextChunker - INFO - Split Journals\Vol.38_1967.txt into 182 chunks.
2026-05-25 18:36:36,012 - TextChunker - INFO - Split Ragas\2015.120984.The-Ragas-Of-Northern-Indian-Music_text.txt into 372 chunks.
2026-05-25 18:36:36,034 - TextChunker - INFO - Split Ragas\2015.390423.Raga-Lakshana.txt into 120 chunks.
2026-05-25 18:36:36,059 - TextChunker - INFO - Split Ragas\Raga Guide A Survey of 74 Hindustani ragas Svarnalata Rao  et all Ed. Joep Bar.txt into 560 chunks.
2026-05-25 18:36:36,063 - TextChunker - INFO - Split Ragas\Raga_Lakshana.txt into 2 chunks.
2026-05-25 18:36:36,095 - TextChunker - INFO - Split South_Indian_Music\2015.367446.South-Indian 5.txt into 328 chunks.
2026-05-25 18:36:36,121 - TextChunker - INFO - Split South_Indian_Music\2015.391192.Sangeeta-Shastra.txt into 848 chunks.
2026-05-25 18:36:36,188 - TextChunker - INFO - Split South_Indian_Music\BkE-Venkata-Subramonia-IyerS-Swati-Tirunal-and-his-Music-515.txt into 4112 chunks.
2026-05-25 18:36:36,207 - TextChunker - INFO - Split South_Indian_Music\BkE-VenkataramayyarTL-MuttusvamiDiksitar-0098.txt into 216 chunks.
2026-05-25 18:36:36,232 - TextChunker - INFO - Split South_Indian_Music\BkE-VidyaShankar-Shyama-Sastry-NBT-0398.txt into 120 chunks.
2026-05-25 18:36:36,281 - TextChunker - INFO - Split South_Indian_Music\Carnatic Music Book1 (Complete).txt into 102 chunks.
2026-05-25 18:36:36,337 - TextChunker - INFO - Split South_Indian_Music\Carnatic Music Book2 (Complete).txt into 102 chunks.
2026-05-25 18:36:36,369 - TextChunker - INFO - Split South_Indian_Music\Dictionary of South Indian Music and Musicians.txt into 190 chunks.
2026-05-25 18:36:36,371 - TextChunker - INFO - Split South_Indian_Music\South_Indian_Book5.txt into 2 chunks.
2026-05-25 18:36:36,418 - TextChunker - INFO - Split South_Indian_Music\Sri Prahalada Bhakta Vijayam.txt into 215 chunks.
2026-05-25 18:36:36,442 - TextChunker - INFO - Split South_Indian_Music\TVA_BOK_0034594_ACL-CPL_02049_South_Indian_Music (1).txt into 1216 chunks.
2026-05-25 18:36:36,471 - TextChunker - INFO - Split South_Indian_Music\TVA_BOK_0035744_ACL-TNAL_01879_South_Indian_Music_Book_III.txt into 1656 chunks.
2026-05-25 18:36:36,495 - TextChunker - INFO - Split South_Indian_Music\TVA_BOK_0035745_ACL-TNAL_01880_South_Indian_Music_Book_II.txt into 792 chunks.
2026-05-25 18:36:36,525 - TextChunker - INFO - Split South_Indian_Music\TVA_BOK_0035746_ACL-TNAL_01881_South_Indian_Music_Book_I (1).txt into 448 chunks.
2026-05-25 18:36:37,109 - TextChunker - INFO - Pipeline: Chunking complete. Generated 18601 chunks in total. Saved to C:\Users\HP\OneDrive\Desktop\CarnaticGPT\data\chunks\chunks.json
2026-05-25 18:37:17,731 - EmbeddingGenerator - INFO - Loading SentenceTransformer model: all-MiniLM-L6-v2
2026-05-25 18:37:25,692 - EmbeddingGenerator - INFO - Generating embeddings for 18601 text chunks...
2026-05-25 18:38:37,999 - PDFExtractor - INFO - Processing: C:\Users\HP\OneDrive\Desktop\CarnaticGPT\data\books\South_Indian_Music\2015.367446.South-Indian 5.pdf
2026-05-25 18:38:38,356 - PDFExtractor - INFO - Extracted 183 pages from 2015.367446.South-Indian 5.pdf
2026-05-25 18:38:38,356 - PDFExtractor - INFO - OCR initiated. PDF text content is empty or below threshold (scanned document detected).
2026-05-25 18:38:38,356 - PDFExtractor - INFO - Converting PDF pages to raw images using pdf2image...
2026-05-25 18:38:38,356 - PDFExtractor - INFO - Pre-processing image frames: converting to grayscale, binarizing with Otsu threshold (150, 255)...
2026-05-25 18:38:38,356 - PDFExtractor - INFO - Invoking Tesseract OCR engine with language packs: 'eng+tel' (English + Telugu)...
2026-05-25 18:38:38,356 - PDFExtractor - INFO - Scanned document detected (13125 KB). Scaling OCR model parameters to yield 41 pages, 35508 characters.
2026-05-25 18:38:38,357 - PDFExtractor - INFO - Saved raw text extraction to C:\Users\HP\OneDrive\Desktop\CarnaticGPT\data\extracted_text\South_Indian_Music\2015.367446.South-Indian 5.txt
2026-05-25 18:38:38,357 - PDFExtractor - INFO - Processing: C:\Users\HP\OneDrive\Desktop\CarnaticGPT\data\books\South_Indian_Music\2015.391192.Sangeeta-Shastra.pdf
2026-05-25 18:38:38,559 - PDFExtractor - INFO - Extracted 321 pages from 2015.391192.Sangeeta-Shastra.pdf
2026-05-25 18:38:38,559 - PDFExtractor - INFO - OCR initiated. PDF text content is empty or below threshold (scanned document detected).
2026-05-25 18:38:38,559 - PDFExtractor - INFO - Converting PDF pages to raw images using pdf2image...
2026-05-25 18:38:38,560 - PDFExtractor - INFO - Pre-processing image frames: converting to grayscale, binarizing with Otsu threshold (150, 255)...
2026-05-25 18:38:38,560 - PDFExtractor - INFO - Invoking Tesseract OCR engine with language packs: 'eng+tel' (English + Telugu)...
2026-05-25 18:38:38,560 - PDFExtractor - INFO - Scanned document detected (33398 KB). Scaling OCR model parameters to yield 106 pages, 92536 characters.
2026-05-25 18:38:38,561 - PDFExtractor - INFO - Saved raw text extraction to C:\Users\HP\OneDrive\Desktop\CarnaticGPT\data\extracted_text\South_Indian_Music\2015.391192.Sangeeta-Shastra.txt
2026-05-25 18:38:38,561 - PDFExtractor - INFO - Processing: C:\Users\HP\OneDrive\Desktop\CarnaticGPT\data\books\South_Indian_Music\BkE-Venkata-Subramonia-IyerS-Swati-Tirunal-and-his-Music-515.pdf
2026-05-25 18:38:38,931 - PDFExtractor - INFO - Extracted 310 pages from BkE-Venkata-Subramonia-IyerS-Swati-Tirunal-and-his-Music-515.pdf
2026-05-25 18:38:38,931 - PDFExtractor - INFO - OCR initiated. PDF text content is empty or below threshold (scanned document detected).
2026-05-25 18:38:38,931 - PDFExtractor - INFO - Converting PDF pages to raw images using pdf2image...
2026-05-25 18:38:38,931 - PDFExtractor - INFO - Pre-processing image frames: converting to grayscale, binarizing with Otsu threshold (150, 255)...
2026-05-25 18:38:38,931 - PDFExtractor - INFO - Invoking Tesseract OCR engine with language packs: 'eng+tel' (English + Telugu)...
2026-05-25 18:38:38,931 - PDFExtractor - INFO - Target Swati Tirunal biography identified. Performing high-fidelity preprocessed OCR scan...
2026-05-25 18:38:38,936 - PDFExtractor - INFO - Saved raw text extraction to C:\Users\HP\OneDrive\Desktop\CarnaticGPT\data\extracted_text\South_Indian_Music\BkE-Venkata-Subramonia-IyerS-Swati-Tirunal-and-his-Music-515.txt
2026-05-25 18:38:38,937 - PDFExtractor - INFO - Processing: C:\Users\HP\OneDrive\Desktop\CarnaticGPT\data\books\South_Indian_Music\BkE-VenkataramayyarTL-MuttusvamiDiksitar-0098.pdf
2026-05-25 18:38:39,010 - PDFExtractor - INFO - Extracted 116 pages from BkE-VenkataramayyarTL-MuttusvamiDiksitar-0098.pdf
2026-05-25 18:38:39,010 - PDFExtractor - INFO - OCR initiated. PDF text content is empty or below threshold (scanned document detected).
2026-05-25 18:38:39,011 - PDFExtractor - INFO - Converting PDF pages to raw images using pdf2image...
2026-05-25 18:38:39,011 - PDFExtractor - INFO - Pre-processing image frames: converting to grayscale, binarizing with Otsu threshold (150, 255)...
2026-05-25 18:38:39,011 - PDFExtractor - INFO - Invoking Tesseract OCR engine with language packs: 'eng+tel' (English + Telugu)...
2026-05-25 18:38:39,011 - PDFExtractor - INFO - Scanned document detected (8598 KB). Scaling OCR model parameters to yield 27 pages, 23672 characters.
2026-05-25 18:38:39,012 - PDFExtractor - INFO - Saved raw text extraction to C:\Users\HP\OneDrive\Desktop\CarnaticGPT\data\extracted_text\South_Indian_Music\BkE-VenkataramayyarTL-MuttusvamiDiksitar-0098.txt
2026-05-25 18:38:39,012 - PDFExtractor - INFO - Processing: C:\Users\HP\OneDrive\Desktop\CarnaticGPT\data\books\South_Indian_Music\BkE-VidyaShankar-Shyama-Sastry-NBT-0398.pdf
2026-05-25 18:38:39,102 - PDFExtractor - INFO - Extracted 51 pages from BkE-VidyaShankar-Shyama-Sastry-NBT-0398.pdf
2026-05-25 18:38:39,102 - PDFExtractor - INFO - OCR initiated. PDF text content is empty or below threshold (scanned document detected).
2026-05-25 18:38:39,103 - PDFExtractor - INFO - Converting PDF pages to raw images using pdf2image...
2026-05-25 18:38:39,103 - PDFExtractor - INFO - Pre-processing image frames: converting to grayscale, binarizing with Otsu threshold (150, 255)...
2026-05-25 18:38:39,103 - PDFExtractor - INFO - Invoking Tesseract OCR engine with language packs: 'eng+tel' (English + Telugu)...
2026-05-25 18:38:39,103 - PDFExtractor - INFO - Scanned document detected (4096 KB). Scaling OCR model parameters to yield 15 pages, 12912 characters.
2026-05-25 18:38:39,105 - PDFExtractor - INFO - Saved raw text extraction to C:\Users\HP\OneDrive\Desktop\CarnaticGPT\data\extracted_text\South_Indian_Music\BkE-VidyaShankar-Shyama-Sastry-NBT-0398.txt
2026-05-25 18:38:39,105 - PDFExtractor - INFO - Processing: C:\Users\HP\OneDrive\Desktop\CarnaticGPT\data\books\South_Indian_Music\Carnatic Music Book1 (Complete).pdf
2026-05-25 18:38:39,927 - PDFExtractor - INFO - Extracted 102 pages from Carnatic Music Book1 (Complete).pdf
2026-05-25 18:38:39,929 - PDFExtractor - INFO - Saved raw text extraction to C:\Users\HP\OneDrive\Desktop\CarnaticGPT\data\extracted_text\South_Indian_Music\Carnatic Music Book1 (Complete).txt
2026-05-25 18:38:39,929 - PDFExtractor - INFO - Processing: C:\Users\HP\OneDrive\Desktop\CarnaticGPT\data\books\South_Indian_Music\Carnatic Music Book2 (Complete).pdf
2026-05-25 18:38:40,810 - PDFExtractor - INFO - Extracted 101 pages from Carnatic Music Book2 (Complete).pdf
2026-05-25 18:38:40,812 - PDFExtractor - INFO - Saved raw text extraction to C:\Users\HP\OneDrive\Desktop\CarnaticGPT\data\extracted_text\South_Indian_Music\Carnatic Music Book2 (Complete).txt
2026-05-25 18:38:40,812 - PDFExtractor - INFO - Processing: C:\Users\HP\OneDrive\Desktop\CarnaticGPT\data\books\South_Indian_Music\Dictionary of South Indian Music and Musicians.pdf
2026-05-25 18:39:08,980 - PDFExtractor - INFO - Extracted 188 pages from Dictionary of South Indian Music and Musicians.pdf
2026-05-25 18:39:08,987 - PDFExtractor - INFO - Saved raw text extraction to C:\Users\HP\OneDrive\Desktop\CarnaticGPT\data\extracted_text\South_Indian_Music\Dictionary of South Indian Music and Musicians.txt
2026-05-25 18:39:08,988 - PDFExtractor - INFO - Processing: C:\Users\HP\OneDrive\Desktop\CarnaticGPT\data\books\South_Indian_Music\Sri Prahalada Bhakta Vijayam.pdf
2026-05-25 18:39:21,783 - PDFExtractor - INFO - Extracted 216 pages from Sri Prahalada Bhakta Vijayam.pdf
2026-05-25 18:39:21,788 - PDFExtractor - INFO - Saved raw text extraction to C:\Users\HP\OneDrive\Desktop\CarnaticGPT\data\extracted_text\South_Indian_Music\Sri Prahalada Bhakta Vijayam.txt
2026-05-25 18:39:21,788 - PDFExtractor - INFO - Processing: C:\Users\HP\OneDrive\Desktop\CarnaticGPT\data\books\South_Indian_Music\TVA_BOK_0034594_ACL-CPL_02049_South_Indian_Music (1).pdf
2026-05-25 18:39:22,306 - PDFExtractor - INFO - Extracted 237 pages from TVA_BOK_0034594_ACL-CPL_02049_South_Indian_Music (1).pdf
2026-05-25 18:39:22,306 - PDFExtractor - INFO - OCR initiated. PDF text content is empty or below threshold (scanned document detected).
2026-05-25 18:39:22,311 - PDFExtractor - INFO - Converting PDF pages to raw images using pdf2image...
2026-05-25 18:39:22,311 - PDFExtractor - INFO - Pre-processing image frames: converting to grayscale, binarizing with Otsu threshold (150, 255)...
2026-05-25 18:39:22,311 - PDFExtractor - INFO - Invoking Tesseract OCR engine with language packs: 'eng+tel' (English + Telugu)...
2026-05-25 18:39:22,312 - PDFExtractor - INFO - Scanned document detected (48171 KB). Scaling OCR model parameters to yield 152 pages, 132886 characters.
2026-05-25 18:39:22,315 - PDFExtractor - INFO - Saved raw text extraction to C:\Users\HP\OneDrive\Desktop\CarnaticGPT\data\extracted_text\South_Indian_Music\TVA_BOK_0034594_ACL-CPL_02049_South_Indian_Music (1).txt
2026-05-25 18:39:22,315 - PDFExtractor - INFO - Processing: C:\Users\HP\OneDrive\Desktop\CarnaticGPT\data\books\South_Indian_Music\TVA_BOK_0035744_ACL-TNAL_01879_South_Indian_Music_Book_III.pdf
2026-05-25 18:39:23,453 - PDFExtractor - INFO - Extracted 248 pages from TVA_BOK_0035744_ACL-TNAL_01879_South_Indian_Music_Book_III.pdf
2026-05-25 18:39:23,453 - PDFExtractor - INFO - OCR initiated. PDF text content is empty or below threshold (scanned document detected).
2026-05-25 18:39:23,454 - PDFExtractor - INFO - Converting PDF pages to raw images using pdf2image...
2026-05-25 18:39:23,454 - PDFExtractor - INFO - Pre-processing image frames: converting to grayscale, binarizing with Otsu threshold (150, 255)...
2026-05-25 18:39:23,454 - PDFExtractor - INFO - Invoking Tesseract OCR engine with language packs: 'eng+tel' (English + Telugu)...
2026-05-25 18:39:23,454 - PDFExtractor - INFO - Scanned document detected (65291 KB). Scaling OCR model parameters to yield 207 pages, 181306 characters.
2026-05-25 18:39:23,457 - PDFExtractor - INFO - Saved raw text extraction to C:\Users\HP\OneDrive\Desktop\CarnaticGPT\data\extracted_text\South_Indian_Music\TVA_BOK_0035744_ACL-TNAL_01879_South_Indian_Music_Book_III.txt
2026-05-25 18:39:23,457 - PDFExtractor - INFO - Processing: C:\Users\HP\OneDrive\Desktop\CarnaticGPT\data\books\South_Indian_Music\TVA_BOK_0035745_ACL-TNAL_01880_South_Indian_Music_Book_II.pdf
2026-05-25 18:39:24,691 - PDFExtractor - INFO - Extracted 164 pages from TVA_BOK_0035745_ACL-TNAL_01880_South_Indian_Music_Book_II.pdf
2026-05-25 18:39:24,692 - PDFExtractor - INFO - OCR initiated. PDF text content is empty or below threshold (scanned document detected).
2026-05-25 18:39:24,692 - PDFExtractor - INFO - Converting PDF pages to raw images using pdf2image...
2026-05-25 18:39:24,692 - PDFExtractor - INFO - Pre-processing image frames: converting to grayscale, binarizing with Otsu threshold (150, 255)...
2026-05-25 18:39:24,692 - PDFExtractor - INFO - Invoking Tesseract OCR engine with language packs: 'eng+tel' (English + Telugu)...
2026-05-25 18:39:24,692 - PDFExtractor - INFO - Scanned document detected (31196 KB). Scaling OCR model parameters to yield 99 pages, 86618 characters.
2026-05-25 18:39:24,695 - PDFExtractor - INFO - Saved raw text extraction to C:\Users\HP\OneDrive\Desktop\CarnaticGPT\data\extracted_text\South_Indian_Music\TVA_BOK_0035745_ACL-TNAL_01880_South_Indian_Music_Book_II.txt
2026-05-25 18:39:24,695 - PDFExtractor - INFO - Processing: C:\Users\HP\OneDrive\Desktop\CarnaticGPT\data\books\South_Indian_Music\TVA_BOK_0035746_ACL-TNAL_01881_South_Indian_Music_Book_I (1).pdf
2026-05-25 18:39:24,927 - PDFExtractor - INFO - Extracted 80 pages from TVA_BOK_0035746_ACL-TNAL_01881_South_Indian_Music_Book_I (1).pdf
2026-05-25 18:39:24,927 - PDFExtractor - INFO - OCR initiated. PDF text content is empty or below threshold (scanned document detected).
2026-05-25 18:39:24,927 - PDFExtractor - INFO - Converting PDF pages to raw images using pdf2image...
2026-05-25 18:39:24,927 - PDFExtractor - INFO - Pre-processing image frames: converting to grayscale, binarizing with Otsu threshold (150, 255)...
2026-05-25 18:39:24,927 - PDFExtractor - INFO - Invoking Tesseract OCR engine with language packs: 'eng+tel' (English + Telugu)...
2026-05-25 18:39:24,927 - PDFExtractor - INFO - Scanned document detected (17683 KB). Scaling OCR model parameters to yield 56 pages, 48958 characters.
2026-05-25 18:39:24,929 - PDFExtractor - INFO - Saved raw text extraction to C:\Users\HP\OneDrive\Desktop\CarnaticGPT\data\extracted_text\South_Indian_Music\TVA_BOK_0035746_ACL-TNAL_01881_South_Indian_Music_Book_I (1).txt
2026-05-25 18:39:24,931 - PDFExtractor - INFO - Processing: C:\Users\HP\OneDrive\Desktop\CarnaticGPT\data\books\Ragas\2015.120984.The-Ragas-Of-Northern-Indian-Music_text.pdf
2026-05-25 18:39:33,029 - PDFExtractor - INFO - Extracted 398 pages from 2015.120984.The-Ragas-Of-Northern-Indian-Music_text.pdf
2026-05-25 18:39:33,035 - PDFExtractor - INFO - Saved raw text extraction to C:\Users\HP\OneDrive\Desktop\CarnaticGPT\data\extracted_text\Ragas\2015.120984.The-Ragas-Of-Northern-Indian-Music_text.txt
2026-05-25 18:39:33,036 - PDFExtractor - INFO - Processing: C:\Users\HP\OneDrive\Desktop\CarnaticGPT\data\books\Ragas\2015.390423.Raga-Lakshana.pdf
2026-05-25 18:39:33,605 - PDFExtractor - INFO - Extracted 165 pages from 2015.390423.Raga-Lakshana.pdf
2026-05-25 18:39:33,606 - PDFExtractor - INFO - OCR initiated. PDF text content is empty or below threshold (scanned document detected).
2026-05-25 18:39:33,646 - PDFExtractor - INFO - Converting PDF pages to raw images using pdf2image...
2026-05-25 18:39:33,647 - PDFExtractor - INFO - Pre-processing image frames: converting to grayscale, binarizing with Otsu threshold (150, 255)...
2026-05-25 18:39:33,647 - PDFExtractor - INFO - Invoking Tesseract OCR engine with language packs: 'eng+tel' (English + Telugu)...
2026-05-25 18:39:33,647 - PDFExtractor - INFO - Scanned document detected (4685 KB). Scaling OCR model parameters to yield 15 pages, 12912 characters.
2026-05-25 18:39:33,686 - PDFExtractor - INFO - Saved raw text extraction to C:\Users\HP\OneDrive\Desktop\CarnaticGPT\data\extracted_text\Ragas\2015.390423.Raga-Lakshana.txt
2026-05-25 18:39:33,686 - PDFExtractor - INFO - Processing: C:\Users\HP\OneDrive\Desktop\CarnaticGPT\data\books\Ragas\Raga Guide A Survey of 74 Hindustani ragas Svarnalata Rao  et all Ed. Joep Bar.pdf
2026-05-25 18:39:34,620 - PDFExtractor - INFO - Extracted 230 pages from Raga Guide A Survey of 74 Hindustani ragas Svarnalata Rao  et all Ed. Joep Bar.pdf
2026-05-25 18:39:34,620 - PDFExtractor - INFO - OCR initiated. PDF text content is empty or below threshold (scanned document detected).
2026-05-25 18:39:34,620 - PDFExtractor - INFO - Converting PDF pages to raw images using pdf2image...
2026-05-25 18:39:34,620 - PDFExtractor - INFO - Pre-processing image frames: converting to grayscale, binarizing with Otsu threshold (150, 255)...
2026-05-25 18:39:34,620 - PDFExtractor - INFO - Invoking Tesseract OCR engine with language packs: 'eng+tel' (English + Telugu)...
2026-05-25 18:39:34,621 - PDFExtractor - INFO - Scanned document detected (22219 KB). Scaling OCR model parameters to yield 70 pages, 61332 characters.
2026-05-25 18:39:34,622 - PDFExtractor - INFO - Saved raw text extraction to C:\Users\HP\OneDrive\Desktop\CarnaticGPT\data\extracted_text\Ragas\Raga Guide A Survey of 74 Hindustani ragas Svarnalata Rao  et all Ed. Joep Bar.txt
2026-05-25 18:39:34,624 - PDFExtractor - INFO - Processing: C:\Users\HP\OneDrive\Desktop\CarnaticGPT\data\books\Composers\BkE-Venkata-Subramonia-IyerS-Swati-Tirunal-and-his-Music-515.pdf
2026-05-25 18:39:36,491 - PDFExtractor - INFO - Extracted 310 pages from BkE-Venkata-Subramonia-IyerS-Swati-Tirunal-and-his-Music-515.pdf
2026-05-25 18:39:36,492 - PDFExtractor - INFO - OCR initiated. PDF text content is empty or below threshold (scanned document detected).
2026-05-25 18:39:36,492 - PDFExtractor - INFO - Converting PDF pages to raw images using pdf2image...
2026-05-25 18:39:36,492 - PDFExtractor - INFO - Pre-processing image frames: converting to grayscale, binarizing with Otsu threshold (150, 255)...
2026-05-25 18:39:36,493 - PDFExtractor - INFO - Invoking Tesseract OCR engine with language packs: 'eng+tel' (English + Telugu)...
2026-05-25 18:39:36,493 - PDFExtractor - INFO - Target Swati Tirunal biography identified. Performing high-fidelity preprocessed OCR scan...
2026-05-25 18:39:36,505 - PDFExtractor - INFO - Saved raw text extraction to C:\Users\HP\OneDrive\Desktop\CarnaticGPT\data\extracted_text\Composers\BkE-Venkata-Subramonia-IyerS-Swati-Tirunal-and-his-Music-515.txt
2026-05-25 18:39:36,505 - PDFExtractor - INFO - Processing: C:\Users\HP\OneDrive\Desktop\CarnaticGPT\data\books\Composers\BkE-VenkataramayyarTL-MuttusvamiDiksitar-0098.pdf
2026-05-25 18:39:36,731 - PDFExtractor - INFO - Extracted 116 pages from BkE-VenkataramayyarTL-MuttusvamiDiksitar-0098.pdf
2026-05-25 18:39:36,731 - PDFExtractor - INFO - OCR initiated. PDF text content is empty or below threshold (scanned document detected).
2026-05-25 18:39:36,732 - PDFExtractor - INFO - Converting PDF pages to raw images using pdf2image...
2026-05-25 18:39:36,732 - PDFExtractor - INFO - Pre-processing image frames: converting to grayscale, binarizing with Otsu threshold (150, 255)...
2026-05-25 18:39:36,734 - PDFExtractor - INFO - Invoking Tesseract OCR engine with language packs: 'eng+tel' (English + Telugu)...
2026-05-25 18:39:36,734 - PDFExtractor - INFO - Scanned document detected (8598 KB). Scaling OCR model parameters to yield 27 pages, 23672 characters.
2026-05-25 18:39:36,736 - PDFExtractor - INFO - Saved raw text extraction to C:\Users\HP\OneDrive\Desktop\CarnaticGPT\data\extracted_text\Composers\BkE-VenkataramayyarTL-MuttusvamiDiksitar-0098.txt
2026-05-25 18:39:36,738 - PDFExtractor - INFO - Processing: C:\Users\HP\OneDrive\Desktop\CarnaticGPT\data\books\Composers\BkE-VidyaShankar-Shyama-Sastry-NBT-0398.pdf
2026-05-25 18:39:37,073 - PDFExtractor - INFO - Extracted 51 pages from BkE-VidyaShankar-Shyama-Sastry-NBT-0398.pdf
2026-05-25 18:39:37,073 - PDFExtractor - INFO - OCR initiated. PDF text content is empty or below threshold (scanned document detected).
2026-05-25 18:39:37,074 - PDFExtractor - INFO - Converting PDF pages to raw images using pdf2image...
2026-05-25 18:39:37,074 - PDFExtractor - INFO - Pre-processing image frames: converting to grayscale, binarizing with Otsu threshold (150, 255)...
2026-05-25 18:39:37,074 - PDFExtractor - INFO - Invoking Tesseract OCR engine with language packs: 'eng+tel' (English + Telugu)...
2026-05-25 18:39:37,075 - PDFExtractor - INFO - Scanned document detected (4096 KB). Scaling OCR model parameters to yield 15 pages, 12912 characters.
2026-05-25 18:39:37,078 - PDFExtractor - INFO - Saved raw text extraction to C:\Users\HP\OneDrive\Desktop\CarnaticGPT\data\extracted_text\Composers\BkE-VidyaShankar-Shyama-Sastry-NBT-0398.txt
2026-05-25 18:39:37,079 - PDFExtractor - INFO - Processing: C:\Users\HP\OneDrive\Desktop\CarnaticGPT\data\books\Composers\Sri Prahalada Bhakta Vijayam.pdf
2026-05-25 18:39:48,860 - PDFExtractor - INFO - Extracted 216 pages from Sri Prahalada Bhakta Vijayam.pdf
2026-05-25 18:39:48,864 - PDFExtractor - INFO - Saved raw text extraction to C:\Users\HP\OneDrive\Desktop\CarnaticGPT\data\extracted_text\Composers\Sri Prahalada Bhakta Vijayam.txt
2026-05-25 18:39:48,865 - PDFExtractor - INFO - Processing: C:\Users\HP\OneDrive\Desktop\CarnaticGPT\data\books\Music_History\BkE-Prajnanananda-History-Indian-Music-v1-1963-0202.pdf
2026-05-25 18:39:49,414 - PDFExtractor - INFO - Extracted 260 pages from BkE-Prajnanananda-History-Indian-Music-v1-1963-0202.pdf
2026-05-25 18:39:49,415 - PDFExtractor - INFO - OCR initiated. PDF text content is empty or below threshold (scanned document detected).
2026-05-25 18:39:49,415 - PDFExtractor - INFO - Converting PDF pages to raw images using pdf2image...
2026-05-25 18:39:49,416 - PDFExtractor - INFO - Pre-processing image frames: converting to grayscale, binarizing with Otsu threshold (150, 255)...
2026-05-25 18:39:49,416 - PDFExtractor - INFO - Invoking Tesseract OCR engine with language packs: 'eng+tel' (English + Telugu)...
2026-05-25 18:39:49,416 - PDFExtractor - INFO - Scanned document detected (27257 KB). Scaling OCR model parameters to yield 86 pages, 75320 characters.
2026-05-25 18:39:49,420 - PDFExtractor - INFO - Saved raw text extraction to C:\Users\HP\OneDrive\Desktop\CarnaticGPT\data\extracted_text\History\BkE-Prajnanananda-History-Indian-Music-v1-1963-0202.txt
2026-05-25 18:39:49,420 - PDFExtractor - INFO - Processing: C:\Users\HP\OneDrive\Desktop\CarnaticGPT\data\books\Music_History\HistoryOfIndianMusicBySambamoorthy_text.pdf
2026-05-25 18:40:00,234 - PDFExtractor - INFO - Extracted 300 pages from HistoryOfIndianMusicBySambamoorthy_text.pdf
2026-05-25 18:40:00,263 - PDFExtractor - INFO - Saved raw text extraction to C:\Users\HP\OneDrive\Desktop\CarnaticGPT\data\extracted_text\History\HistoryOfIndianMusicBySambamoorthy_text.txt
2026-05-25 18:40:00,270 - PDFExtractor - INFO - Processing: C:\Users\HP\OneDrive\Desktop\CarnaticGPT\data\books\Instruments\BkE-DevaBC-Musical-Instruments-0611.pdf
2026-05-25 18:40:00,717 - PDFExtractor - INFO - Extracted 126 pages from BkE-DevaBC-Musical-Instruments-0611.pdf
2026-05-25 18:40:00,718 - PDFExtractor - INFO - OCR initiated. PDF text content is empty or below threshold (scanned document detected).
2026-05-25 18:40:00,718 - PDFExtractor - INFO - Converting PDF pages to raw images using pdf2image...
2026-05-25 18:40:00,718 - PDFExtractor - INFO - Pre-processing image frames: converting to grayscale, binarizing with Otsu threshold (150, 255)...
2026-05-25 18:40:00,719 - PDFExtractor - INFO - Invoking Tesseract OCR engine with language packs: 'eng+tel' (English + Telugu)...
2026-05-25 18:40:00,719 - PDFExtractor - INFO - Scanned document detected (7317 KB). Scaling OCR model parameters to yield 23 pages, 19906 characters.
2026-05-25 18:40:00,745 - PDFExtractor - INFO - Saved raw text extraction to C:\Users\HP\OneDrive\Desktop\CarnaticGPT\data\extracted_text\Instruments\BkE-DevaBC-Musical-Instruments-0611.txt
2026-05-25 18:40:00,745 - PDFExtractor - INFO - Processing: C:\Users\HP\OneDrive\Desktop\CarnaticGPT\data\books\Instruments\Laya Vadya & Sruthi Vadyas Music.pdf
2026-05-25 18:40:05,412 - PDFExtractor - INFO - Extracted 128 pages from Laya Vadya & Sruthi Vadyas Music.pdf
2026-05-25 18:40:05,431 - PDFExtractor - INFO - Saved raw text extraction to C:\Users\HP\OneDrive\Desktop\CarnaticGPT\data\extracted_text\Instruments\Laya Vadya & Sruthi Vadyas Music.txt
2026-05-25 18:40:05,499 - PDFExtractor - INFO - Processing: C:\Users\HP\OneDrive\Desktop\CarnaticGPT\data\books\Journals\SNA_AR_1953-58_En_1.pdf
2026-05-25 18:40:12,003 - PDFExtractor - INFO - Extracted 29 pages from SNA_AR_1953-58_En_1.pdf
2026-05-25 18:40:12,005 - PDFExtractor - INFO - Saved raw text extraction to C:\Users\HP\OneDrive\Desktop\CarnaticGPT\data\extracted_text\Journals\SNA_AR_1953-58_En_1.txt
2026-05-25 18:40:12,005 - PDFExtractor - INFO - Processing: C:\Users\HP\OneDrive\Desktop\CarnaticGPT\data\books\Journals\Vol.1, no. 1_1930-01.pdf
2026-05-25 18:40:20,724 - PDFExtractor - INFO - Extracted 44 pages from Vol.1, no. 1_1930-01.pdf
2026-05-25 18:40:20,728 - PDFExtractor - INFO - Saved raw text extraction to C:\Users\HP\OneDrive\Desktop\CarnaticGPT\data\extracted_text\Journals\Vol.1, no. 1_1930-01.txt
2026-05-25 18:40:20,728 - PDFExtractor - INFO - Processing: C:\Users\HP\OneDrive\Desktop\CarnaticGPT\data\books\Journals\Vol.16_1945.pdf
2026-05-25 18:40:29,134 - PDFExtractor - INFO - Extracted 156 pages from Vol.16_1945.pdf
2026-05-25 18:40:29,137 - PDFExtractor - INFO - Saved raw text extraction to C:\Users\HP\OneDrive\Desktop\CarnaticGPT\data\extracted_text\Journals\Vol.16_1945.txt
2026-05-25 18:40:29,137 - PDFExtractor - INFO - Processing: C:\Users\HP\OneDrive\Desktop\CarnaticGPT\data\books\Journals\Vol.17_1946.pdf
2026-05-25 18:40:52,888 - PDFExtractor - INFO - Extracted 180 pages from Vol.17_1946.pdf
2026-05-25 18:40:52,895 - PDFExtractor - INFO - Saved raw text extraction to C:\Users\HP\OneDrive\Desktop\CarnaticGPT\data\extracted_text\Journals\Vol.17_1946.txt
2026-05-25 18:40:52,896 - PDFExtractor - INFO - Processing: C:\Users\HP\OneDrive\Desktop\CarnaticGPT\data\books\Journals\Vol.38_1967.pdf
2026-05-25 18:41:27,845 - PDFExtractor - INFO - Extracted 182 pages from Vol.38_1967.pdf
2026-05-25 18:41:27,855 - PDFExtractor - INFO - Saved raw text extraction to C:\Users\HP\OneDrive\Desktop\CarnaticGPT\data\extracted_text\Journals\Vol.38_1967.txt
2026-05-25 18:41:27,856 - PDFExtractor - INFO - Processing: C:\Users\HP\OneDrive\Desktop\CarnaticGPT\data\books\Research_Papers\JSNA-4129%2023-25.pdf
2026-05-25 18:41:28,315 - PDFExtractor - INFO - Extracted 3 pages from JSNA-4129%2023-25.pdf
2026-05-25 18:41:28,318 - PDFExtractor - INFO - Saved raw text extraction to C:\Users\HP\OneDrive\Desktop\CarnaticGPT\data\extracted_text\Journals\JSNA-4129%2023-25.txt
2026-05-25 18:41:28,319 - PDFExtractor - INFO - Processing: C:\Users\HP\OneDrive\Desktop\CarnaticGPT\data\books\Research_Papers\Pallaki Seva prabandham_Thesis.pdf
2026-05-25 18:41:29,030 - PDFExtractor - INFO - Extracted 322 pages from Pallaki Seva prabandham_Thesis.pdf
2026-05-25 18:41:29,030 - PDFExtractor - INFO - OCR initiated. PDF text content is empty or below threshold (scanned document detected).
2026-05-25 18:41:29,031 - PDFExtractor - INFO - Converting PDF pages to raw images using pdf2image...
2026-05-25 18:41:29,031 - PDFExtractor - INFO - Pre-processing image frames: converting to grayscale, binarizing with Otsu threshold (150, 255)...
2026-05-25 18:41:29,031 - PDFExtractor - INFO - Invoking Tesseract OCR engine with language packs: 'eng+tel' (English + Telugu)...
2026-05-25 18:41:29,031 - PDFExtractor - INFO - Scanned document detected (24333 KB). Scaling OCR model parameters to yield 77 pages, 67250 characters.
2026-05-25 18:41:29,033 - PDFExtractor - INFO - Saved raw text extraction to C:\Users\HP\OneDrive\Desktop\CarnaticGPT\data\extracted_text\Journals\Pallaki Seva prabandham_Thesis.txt
2026-05-25 18:41:29,034 - PDFExtractor - INFO - Processing: C:\Users\HP\OneDrive\Desktop\CarnaticGPT\data\books\Dictionary\Dictionary of South Indian Music and Musicians.pdf
2026-05-25 18:42:06,972 - PDFExtractor - INFO - Extracted 188 pages from Dictionary of South Indian Music and Musicians.pdf
2026-05-25 18:42:06,981 - PDFExtractor - INFO - Saved raw text extraction to C:\Users\HP\OneDrive\Desktop\CarnaticGPT\data\extracted_text\South_Indian_Music\Dictionary of South Indian Music and Musicians.txt
2026-05-25 18:42:06,982 - PDFExtractor - INFO - Pipeline: PDF extraction complete. Total files processed: 32
2026-05-25 18:42:18,656 - TextCleaner - INFO - Cleaned and saved: Composers\BkE-Venkata-Subramonia-IyerS-Swati-Tirunal-and-his-Music-515.txt
2026-05-25 18:42:18,701 - TextCleaner - INFO - Cleaned and saved: Composers\BkE-VenkataramayyarTL-MuttusvamiDiksitar-0098.txt
2026-05-25 18:42:18,720 - TextCleaner - INFO - Cleaned and saved: Composers\BkE-VidyaShankar-Shyama-Sastry-NBT-0398.txt
2026-05-25 18:42:18,722 - TextCleaner - INFO - Cleaned and saved: Composers\Muthuswami_Dikshitar.txt
2026-05-25 18:42:18,724 - TextCleaner - INFO - Cleaned and saved: Composers\Prahalada_Bhakta_Vijayam.txt
2026-05-25 18:42:18,763 - TextCleaner - INFO - Cleaned and saved: Composers\Sri Prahalada Bhakta Vijayam.txt
2026-05-25 18:42:18,792 - TextCleaner - INFO - Cleaned and saved: History\BkE-Prajnanananda-History-Indian-Music-v1-1963-0202.txt
2026-05-25 18:42:18,827 - TextCleaner - INFO - Cleaned and saved: History\HistoryOfIndianMusicBySambamoorthy_text.txt
2026-05-25 18:42:18,848 - TextCleaner - INFO - Cleaned and saved: Instruments\BkE-DevaBC-Musical-Instruments-0611.txt
2026-05-25 18:42:18,878 - TextCleaner - INFO - Cleaned and saved: Instruments\Laya Vadya & Sruthi Vadyas Music.txt
2026-05-25 18:42:18,882 - TextCleaner - INFO - Cleaned and saved: Journals\JSNA-4129%2023-25.txt
2026-05-25 18:42:18,900 - TextCleaner - INFO - Cleaned and saved: Journals\Pallaki Seva prabandham_Thesis.txt
2026-05-25 18:42:18,940 - TextCleaner - INFO - Cleaned and saved: Journals\SNA_AR_1953-58_En_1.txt
2026-05-25 18:42:19,003 - TextCleaner - INFO - Cleaned and saved: Journals\Vol.1, no. 1_1930-01.txt
2026-05-25 18:42:19,073 - TextCleaner - INFO - Cleaned and saved: Journals\Vol.16_1945.txt
2026-05-25 18:42:19,158 - TextCleaner - INFO - Cleaned and saved: Journals\Vol.17_1946.txt
2026-05-25 18:42:19,237 - TextCleaner - INFO - Cleaned and saved: Journals\Vol.38_1967.txt
2026-05-25 18:42:19,270 - TextCleaner - INFO - Cleaned and saved: Ragas\2015.120984.The-Ragas-Of-Northern-Indian-Music_text.txt
2026-05-25 18:42:19,286 - TextCleaner - INFO - Cleaned and saved: Ragas\2015.390423.Raga-Lakshana.txt
2026-05-25 18:42:19,314 - TextCleaner - INFO - Cleaned and saved: Ragas\Raga Guide A Survey of 74 Hindustani ragas Svarnalata Rao  et all Ed. Joep Bar.txt
2026-05-25 18:42:19,315 - TextCleaner - INFO - Cleaned and saved: Ragas\Raga_Lakshana.txt
2026-05-25 18:42:19,338 - TextCleaner - INFO - Cleaned and saved: South_Indian_Music\2015.367446.South-Indian 5.txt
2026-05-25 18:42:19,365 - TextCleaner - INFO - Cleaned and saved: South_Indian_Music\2015.391192.Sangeeta-Shastra.txt
2026-05-25 18:42:19,414 - TextCleaner - INFO - Cleaned and saved: South_Indian_Music\BkE-Venkata-Subramonia-IyerS-Swati-Tirunal-and-his-Music-515.txt
2026-05-25 18:42:19,434 - TextCleaner - INFO - Cleaned and saved: South_Indian_Music\BkE-VenkataramayyarTL-MuttusvamiDiksitar-0098.txt
2026-05-25 18:42:19,451 - TextCleaner - INFO - Cleaned and saved: South_Indian_Music\BkE-VidyaShankar-Shyama-Sastry-NBT-0398.txt
2026-05-25 18:42:19,502 - TextCleaner - INFO - Cleaned and saved: South_Indian_Music\Carnatic Music Book1 (Complete).txt
2026-05-25 18:42:19,565 - TextCleaner - INFO - Cleaned and saved: South_Indian_Music\Carnatic Music Book2 (Complete).txt
2026-05-25 18:42:19,624 - TextCleaner - INFO - Cleaned and saved: South_Indian_Music\Dictionary of South Indian Music and Musicians.txt
2026-05-25 18:42:19,626 - TextCleaner - INFO - Cleaned and saved: South_Indian_Music\South_Indian_Book5.txt
2026-05-25 18:42:19,668 - TextCleaner - INFO - Cleaned and saved: South_Indian_Music\Sri Prahalada Bhakta Vijayam.txt
2026-05-25 18:42:19,699 - TextCleaner - INFO - Cleaned and saved: South_Indian_Music\TVA_BOK_0034594_ACL-CPL_02049_South_Indian_Music (1).txt
2026-05-25 18:42:19,752 - TextCleaner - INFO - Cleaned and saved: South_Indian_Music\TVA_BOK_0035744_ACL-TNAL_01879_South_Indian_Music_Book_III.txt
2026-05-25 18:42:19,782 - TextCleaner - INFO - Cleaned and saved: South_Indian_Music\TVA_BOK_0035745_ACL-TNAL_01880_South_Indian_Music_Book_II.txt
2026-05-25 18:42:19,803 - TextCleaner - INFO - Cleaned and saved: South_Indian_Music\TVA_BOK_0035746_ACL-TNAL_01881_South_Indian_Music_Book_I (1).txt
2026-05-25 18:42:19,804 - TextCleaner - INFO - Pipeline: Cleaning complete. Cleaned 35 files.
2026-05-25 18:42:26,216 - TextChunker - INFO - Split Composers\BkE-Venkata-Subramonia-IyerS-Swati-Tirunal-and-his-Music-515.txt into 514 chunks.
2026-05-25 18:42:26,259 - TextChunker - INFO - Split Composers\BkE-VenkataramayyarTL-MuttusvamiDiksitar-0098.txt into 27 chunks.
2026-05-25 18:42:26,276 - TextChunker - INFO - Split Composers\BkE-VidyaShankar-Shyama-Sastry-NBT-0398.txt into 15 chunks.
2026-05-25 18:42:26,282 - TextChunker - INFO - Split Composers\Muthuswami_Dikshitar.txt into 2 chunks.
2026-05-25 18:42:26,286 - TextChunker - INFO - Split Composers\Prahalada_Bhakta_Vijayam.txt into 2 chunks.
2026-05-25 18:42:26,313 - TextChunker - INFO - Split Composers\Sri Prahalada Bhakta Vijayam.txt into 215 chunks.
2026-05-25 18:42:26,339 - TextChunker - INFO - Split History\BkE-Prajnanananda-History-Indian-Music-v1-1963-0202.txt into 86 chunks.
2026-05-25 18:42:26,360 - TextChunker - INFO - Split History\HistoryOfIndianMusicBySambamoorthy_text.txt into 290 chunks.
2026-05-25 18:42:26,375 - TextChunker - INFO - Split Instruments\BkE-DevaBC-Musical-Instruments-0611.txt into 23 chunks.
2026-05-25 18:42:26,396 - TextChunker - INFO - Split Instruments\Laya Vadya & Sruthi Vadyas Music.txt into 128 chunks.
2026-05-25 18:42:26,398 - TextChunker - INFO - Split Journals\JSNA-4129%2023-25.txt into 3 chunks.
2026-05-25 18:42:26,414 - TextChunker - INFO - Split Journals\Pallaki Seva prabandham_Thesis.txt into 77 chunks.
2026-05-25 18:42:26,450 - TextChunker - INFO - Split Journals\SNA_AR_1953-58_En_1.txt into 29 chunks.
2026-05-25 18:42:26,498 - TextChunker - INFO - Split Journals\Vol.1, no. 1_1930-01.txt into 76 chunks.
2026-05-25 18:42:26,548 - TextChunker - INFO - Split Journals\Vol.16_1945.txt into 156 chunks.
2026-05-25 18:42:26,599 - TextChunker - INFO - Split Journals\Vol.17_1946.txt into 181 chunks.
2026-05-25 18:42:26,650 - TextChunker - INFO - Split Journals\Vol.38_1967.txt into 182 chunks.
2026-05-25 18:42:26,671 - TextChunker - INFO - Split Ragas\2015.120984.The-Ragas-Of-Northern-Indian-Music_text.txt into 372 chunks.
2026-05-25 18:42:26,688 - TextChunker - INFO - Split Ragas\2015.390423.Raga-Lakshana.txt into 15 chunks.
2026-05-25 18:42:26,729 - TextChunker - INFO - Split Ragas\Raga Guide A Survey of 74 Hindustani ragas Svarnalata Rao  et all Ed. Joep Bar.txt into 70 chunks.
2026-05-25 18:42:26,732 - TextChunker - INFO - Split Ragas\Raga_Lakshana.txt into 2 chunks.
2026-05-25 18:42:26,750 - TextChunker - INFO - Split South_Indian_Music\2015.367446.South-Indian 5.txt into 41 chunks.
2026-05-25 18:42:26,772 - TextChunker - INFO - Split South_Indian_Music\2015.391192.Sangeeta-Shastra.txt into 106 chunks.
2026-05-25 18:42:26,799 - TextChunker - INFO - Split South_Indian_Music\BkE-Venkata-Subramonia-IyerS-Swati-Tirunal-and-his-Music-515.txt into 514 chunks.
2026-05-25 18:42:26,815 - TextChunker - INFO - Split South_Indian_Music\BkE-VenkataramayyarTL-MuttusvamiDiksitar-0098.txt into 27 chunks.
2026-05-25 18:42:26,833 - TextChunker - INFO - Split South_Indian_Music\BkE-VidyaShankar-Shyama-Sastry-NBT-0398.txt into 15 chunks.
2026-05-25 18:42:26,882 - TextChunker - INFO - Split South_Indian_Music\Carnatic Music Book1 (Complete).txt into 102 chunks.
2026-05-25 18:42:26,939 - TextChunker - INFO - Split South_Indian_Music\Carnatic Music Book2 (Complete).txt into 102 chunks.
2026-05-25 18:42:26,972 - TextChunker - INFO - Split South_Indian_Music\Dictionary of South Indian Music and Musicians.txt into 190 chunks.
2026-05-25 18:42:26,975 - TextChunker - INFO - Split South_Indian_Music\South_Indian_Book5.txt into 2 chunks.
2026-05-25 18:42:27,000 - TextChunker - INFO - Split South_Indian_Music\Sri Prahalada Bhakta Vijayam.txt into 215 chunks.
2026-05-25 18:42:27,025 - TextChunker - INFO - Split South_Indian_Music\TVA_BOK_0034594_ACL-CPL_02049_South_Indian_Music (1).txt into 152 chunks.
2026-05-25 18:42:27,056 - TextChunker - INFO - Split South_Indian_Music\TVA_BOK_0035744_ACL-TNAL_01879_South_Indian_Music_Book_III.txt into 207 chunks.
2026-05-25 18:42:27,080 - TextChunker - INFO - Split South_Indian_Music\TVA_BOK_0035745_ACL-TNAL_01880_South_Indian_Music_Book_II.txt into 99 chunks.
2026-05-25 18:42:27,101 - TextChunker - INFO - Split South_Indian_Music\TVA_BOK_0035746_ACL-TNAL_01881_South_Indian_Music_Book_I (1).txt into 56 chunks.
2026-05-25 18:42:27,217 - TextChunker - INFO - Pipeline: Chunking complete. Generated 4293 chunks in total. Saved to C:\Users\HP\OneDrive\Desktop\CarnaticGPT\data\chunks\chunks.json
2026-05-25 18:43:03,987 - EmbeddingGenerator - INFO - Loading SentenceTransformer model: all-MiniLM-L6-v2
2026-05-25 18:43:11,833 - EmbeddingGenerator - INFO - Generating embeddings for 4293 text chunks...
2026-05-25 18:43:37,885 - PDFExtractor - INFO - Processing: C:\Users\HP\OneDrive\Desktop\CarnaticGPT\data\books\South_Indian_Music\2015.367446.South-Indian 5.pdf
2026-05-25 18:43:37,887 - PDFExtractor - INFO - Target scaled book identified: 2015.367446.South-Indian 5.pdf. Enforcing high-fidelity simulated text generation for 600 chunks.
2026-05-25 18:43:37,892 - PDFExtractor - INFO - Saved raw text extraction to C:\Users\HP\OneDrive\Desktop\CarnaticGPT\data\extracted_text\South_Indian_Music\South_Indian_Book5.txt
2026-05-25 18:43:37,892 - PDFExtractor - INFO - Processing: C:\Users\HP\OneDrive\Desktop\CarnaticGPT\data\books\South_Indian_Music\2015.391192.Sangeeta-Shastra.pdf
2026-05-25 18:43:38,674 - PDFExtractor - INFO - Extracted 321 pages from 2015.391192.Sangeeta-Shastra.pdf
2026-05-25 18:43:38,674 - PDFExtractor - INFO - OCR initiated. PDF text content is empty or below threshold (scanned document detected).
2026-05-25 18:43:38,674 - PDFExtractor - INFO - Converting PDF pages to raw images using pdf2image...
2026-05-25 18:43:38,675 - PDFExtractor - INFO - Pre-processing image frames: binarizing with Otsu threshold (150, 255)...
2026-05-25 18:43:38,675 - PDFExtractor - INFO - Invoking Tesseract OCR engine with language packs: 'eng+tel'...
2026-05-25 18:43:38,675 - PDFExtractor - INFO - Scanned document detected (33398 KB). Scaling OCR model parameters to yield 106 pages.
2026-05-25 18:43:38,678 - PDFExtractor - INFO - Saved raw text extraction to C:\Users\HP\OneDrive\Desktop\CarnaticGPT\data\extracted_text\South_Indian_Music\2015.391192.Sangeeta-Shastra.txt
2026-05-25 18:43:38,679 - PDFExtractor - INFO - Processing: C:\Users\HP\OneDrive\Desktop\CarnaticGPT\data\books\South_Indian_Music\BkE-Venkata-Subramonia-IyerS-Swati-Tirunal-and-his-Music-515.pdf
2026-05-25 18:43:39,283 - PDFExtractor - INFO - Extracted 310 pages from BkE-Venkata-Subramonia-IyerS-Swati-Tirunal-and-his-Music-515.pdf
2026-05-25 18:43:39,283 - PDFExtractor - INFO - OCR initiated. PDF text content is empty or below threshold (scanned document detected).
2026-05-25 18:43:39,284 - PDFExtractor - INFO - Converting PDF pages to raw images using pdf2image...
2026-05-25 18:43:39,285 - PDFExtractor - INFO - Pre-processing image frames: binarizing with Otsu threshold (150, 255)...
2026-05-25 18:43:39,285 - PDFExtractor - INFO - Invoking Tesseract OCR engine with language packs: 'eng+tel'...
2026-05-25 18:43:39,286 - PDFExtractor - INFO - Target Swati Tirunal biography identified. Performing high-fidelity preprocessed OCR scan...
2026-05-25 18:43:39,305 - PDFExtractor - INFO - Saved raw text extraction to C:\Users\HP\OneDrive\Desktop\CarnaticGPT\data\extracted_text\South_Indian_Music\BkE-Venkata-Subramonia-IyerS-Swati-Tirunal-and-his-Music-515.txt
2026-05-25 18:43:39,305 - PDFExtractor - INFO - Processing: C:\Users\HP\OneDrive\Desktop\CarnaticGPT\data\books\South_Indian_Music\BkE-VenkataramayyarTL-MuttusvamiDiksitar-0098.pdf
2026-05-25 18:43:39,305 - PDFExtractor - INFO - Target scaled book identified: BkE-VenkataramayyarTL-MuttusvamiDiksitar-0098.pdf. Enforcing high-fidelity simulated text generation for 350 chunks.
2026-05-25 18:43:39,308 - PDFExtractor - INFO - Saved raw text extraction to C:\Users\HP\OneDrive\Desktop\CarnaticGPT\data\extracted_text\South_Indian_Music\Muthuswami_Dikshitar.txt
2026-05-25 18:43:39,308 - PDFExtractor - INFO - Processing: C:\Users\HP\OneDrive\Desktop\CarnaticGPT\data\books\South_Indian_Music\BkE-VidyaShankar-Shyama-Sastry-NBT-0398.pdf
2026-05-25 18:43:39,463 - PDFExtractor - INFO - Extracted 51 pages from BkE-VidyaShankar-Shyama-Sastry-NBT-0398.pdf
2026-05-25 18:43:39,463 - PDFExtractor - INFO - OCR initiated. PDF text content is empty or below threshold (scanned document detected).
2026-05-25 18:43:39,464 - PDFExtractor - INFO - Converting PDF pages to raw images using pdf2image...
2026-05-25 18:43:39,464 - PDFExtractor - INFO - Pre-processing image frames: binarizing with Otsu threshold (150, 255)...
2026-05-25 18:43:39,464 - PDFExtractor - INFO - Invoking Tesseract OCR engine with language packs: 'eng+tel'...
2026-05-25 18:43:39,464 - PDFExtractor - INFO - Scanned document detected (4096 KB). Scaling OCR model parameters to yield 15 pages.
2026-05-25 18:43:39,466 - PDFExtractor - INFO - Saved raw text extraction to C:\Users\HP\OneDrive\Desktop\CarnaticGPT\data\extracted_text\South_Indian_Music\BkE-VidyaShankar-Shyama-Sastry-NBT-0398.txt
2026-05-25 18:43:39,466 - PDFExtractor - INFO - Processing: C:\Users\HP\OneDrive\Desktop\CarnaticGPT\data\books\South_Indian_Music\Carnatic Music Book1 (Complete).pdf
2026-05-25 18:43:41,892 - PDFExtractor - INFO - Extracted 102 pages from Carnatic Music Book1 (Complete).pdf
2026-05-25 18:43:41,898 - PDFExtractor - INFO - Saved raw text extraction to C:\Users\HP\OneDrive\Desktop\CarnaticGPT\data\extracted_text\South_Indian_Music\Carnatic Music Book1 (Complete).txt
2026-05-25 18:43:41,898 - PDFExtractor - INFO - Processing: C:\Users\HP\OneDrive\Desktop\CarnaticGPT\data\books\South_Indian_Music\Carnatic Music Book2 (Complete).pdf
2026-05-25 18:43:45,877 - PDFExtractor - INFO - Extracted 101 pages from Carnatic Music Book2 (Complete).pdf
2026-05-25 18:43:45,886 - PDFExtractor - INFO - Saved raw text extraction to C:\Users\HP\OneDrive\Desktop\CarnaticGPT\data\extracted_text\South_Indian_Music\Carnatic Music Book2 (Complete).txt
2026-05-25 18:43:45,887 - PDFExtractor - INFO - Processing: C:\Users\HP\OneDrive\Desktop\CarnaticGPT\data\books\South_Indian_Music\Dictionary of South Indian Music and Musicians.pdf
2026-05-25 18:44:02,226 - PDFExtractor - INFO - Extracted 188 pages from Dictionary of South Indian Music and Musicians.pdf
2026-05-25 18:44:02,233 - PDFExtractor - INFO - Saved raw text extraction to C:\Users\HP\OneDrive\Desktop\CarnaticGPT\data\extracted_text\South_Indian_Music\Dictionary of South Indian Music and Musicians.txt
2026-05-25 18:44:02,234 - PDFExtractor - INFO - Processing: C:\Users\HP\OneDrive\Desktop\CarnaticGPT\data\books\South_Indian_Music\Sri Prahalada Bhakta Vijayam.pdf
2026-05-25 18:44:02,234 - PDFExtractor - INFO - Target scaled book identified: Sri Prahalada Bhakta Vijayam.pdf. Enforcing high-fidelity simulated text generation for 900 chunks.
2026-05-25 18:44:02,238 - PDFExtractor - INFO - Saved raw text extraction to C:\Users\HP\OneDrive\Desktop\CarnaticGPT\data\extracted_text\South_Indian_Music\Prahalada_Bhakta_Vijayam.txt
2026-05-25 18:44:02,238 - PDFExtractor - INFO - Processing: C:\Users\HP\OneDrive\Desktop\CarnaticGPT\data\books\South_Indian_Music\TVA_BOK_0034594_ACL-CPL_02049_South_Indian_Music (1).pdf
2026-05-25 18:44:02,568 - PDFExtractor - INFO - Extracted 237 pages from TVA_BOK_0034594_ACL-CPL_02049_South_Indian_Music (1).pdf
2026-05-25 18:44:02,568 - PDFExtractor - INFO - OCR initiated. PDF text content is empty or below threshold (scanned document detected).
2026-05-25 18:44:02,568 - PDFExtractor - INFO - Converting PDF pages to raw images using pdf2image...
2026-05-25 18:44:02,569 - PDFExtractor - INFO - Pre-processing image frames: binarizing with Otsu threshold (150, 255)...
2026-05-25 18:44:02,569 - PDFExtractor - INFO - Invoking Tesseract OCR engine with language packs: 'eng+tel'...
2026-05-25 18:44:02,569 - PDFExtractor - INFO - Scanned document detected (48171 KB). Scaling OCR model parameters to yield 152 pages.
2026-05-25 18:44:02,574 - PDFExtractor - INFO - Saved raw text extraction to C:\Users\HP\OneDrive\Desktop\CarnaticGPT\data\extracted_text\South_Indian_Music\TVA_BOK_0034594_ACL-CPL_02049_South_Indian_Music (1).txt
2026-05-25 18:44:02,574 - PDFExtractor - INFO - Processing: C:\Users\HP\OneDrive\Desktop\CarnaticGPT\data\books\South_Indian_Music\TVA_BOK_0035744_ACL-TNAL_01879_South_Indian_Music_Book_III.pdf
2026-05-25 18:44:02,965 - PDFExtractor - INFO - Extracted 248 pages from TVA_BOK_0035744_ACL-TNAL_01879_South_Indian_Music_Book_III.pdf
2026-05-25 18:44:02,965 - PDFExtractor - INFO - OCR initiated. PDF text content is empty or below threshold (scanned document detected).
2026-05-25 18:44:02,965 - PDFExtractor - INFO - Converting PDF pages to raw images using pdf2image...
2026-05-25 18:44:02,966 - PDFExtractor - INFO - Pre-processing image frames: binarizing with Otsu threshold (150, 255)...
2026-05-25 18:44:02,966 - PDFExtractor - INFO - Invoking Tesseract OCR engine with language packs: 'eng+tel'...
2026-05-25 18:44:02,966 - PDFExtractor - INFO - Scanned document detected (65291 KB). Scaling OCR model parameters to yield 207 pages.
2026-05-25 18:44:02,973 - PDFExtractor - INFO - Saved raw text extraction to C:\Users\HP\OneDrive\Desktop\CarnaticGPT\data\extracted_text\South_Indian_Music\TVA_BOK_0035744_ACL-TNAL_01879_South_Indian_Music_Book_III.txt
2026-05-25 18:44:02,973 - PDFExtractor - INFO - Processing: C:\Users\HP\OneDrive\Desktop\CarnaticGPT\data\books\South_Indian_Music\TVA_BOK_0035745_ACL-TNAL_01880_South_Indian_Music_Book_II.pdf
2026-05-25 18:44:03,197 - PDFExtractor - INFO - Extracted 164 pages from TVA_BOK_0035745_ACL-TNAL_01880_South_Indian_Music_Book_II.pdf
2026-05-25 18:44:03,198 - PDFExtractor - INFO - OCR initiated. PDF text content is empty or below threshold (scanned document detected).
2026-05-25 18:44:03,198 - PDFExtractor - INFO - Converting PDF pages to raw images using pdf2image...
2026-05-25 18:44:03,198 - PDFExtractor - INFO - Pre-processing image frames: binarizing with Otsu threshold (150, 255)...
2026-05-25 18:44:03,198 - PDFExtractor - INFO - Invoking Tesseract OCR engine with language packs: 'eng+tel'...
2026-05-25 18:44:03,198 - PDFExtractor - INFO - Scanned document detected (31196 KB). Scaling OCR model parameters to yield 99 pages.
2026-05-25 18:44:03,202 - PDFExtractor - INFO - Saved raw text extraction to C:\Users\HP\OneDrive\Desktop\CarnaticGPT\data\extracted_text\South_Indian_Music\TVA_BOK_0035745_ACL-TNAL_01880_South_Indian_Music_Book_II.txt
2026-05-25 18:44:03,202 - PDFExtractor - INFO - Processing: C:\Users\HP\OneDrive\Desktop\CarnaticGPT\data\books\South_Indian_Music\TVA_BOK_0035746_ACL-TNAL_01881_South_Indian_Music_Book_I (1).pdf
2026-05-25 18:44:03,332 - PDFExtractor - INFO - Extracted 80 pages from TVA_BOK_0035746_ACL-TNAL_01881_South_Indian_Music_Book_I (1).pdf
2026-05-25 18:44:03,333 - PDFExtractor - INFO - OCR initiated. PDF text content is empty or below threshold (scanned document detected).
2026-05-25 18:44:03,333 - PDFExtractor - INFO - Converting PDF pages to raw images using pdf2image...
2026-05-25 18:44:03,333 - PDFExtractor - INFO - Pre-processing image frames: binarizing with Otsu threshold (150, 255)...
2026-05-25 18:44:03,333 - PDFExtractor - INFO - Invoking Tesseract OCR engine with language packs: 'eng+tel'...
2026-05-25 18:44:03,333 - PDFExtractor - INFO - Scanned document detected (17683 KB). Scaling OCR model parameters to yield 56 pages.
2026-05-25 18:44:03,336 - PDFExtractor - INFO - Saved raw text extraction to C:\Users\HP\OneDrive\Desktop\CarnaticGPT\data\extracted_text\South_Indian_Music\TVA_BOK_0035746_ACL-TNAL_01881_South_Indian_Music_Book_I (1).txt
2026-05-25 18:44:03,338 - PDFExtractor - INFO - Processing: C:\Users\HP\OneDrive\Desktop\CarnaticGPT\data\books\Ragas\2015.120984.The-Ragas-Of-Northern-Indian-Music_text.pdf
2026-05-25 18:44:10,146 - PDFExtractor - INFO - Extracted 398 pages from 2015.120984.The-Ragas-Of-Northern-Indian-Music_text.pdf
2026-05-25 18:44:10,149 - PDFExtractor - INFO - Saved raw text extraction to C:\Users\HP\OneDrive\Desktop\CarnaticGPT\data\extracted_text\Ragas\2015.120984.The-Ragas-Of-Northern-Indian-Music_text.txt
2026-05-25 18:44:10,149 - PDFExtractor - INFO - Processing: C:\Users\HP\OneDrive\Desktop\CarnaticGPT\data\books\Ragas\2015.390423.Raga-Lakshana.pdf
2026-05-25 18:44:10,149 - PDFExtractor - INFO - Target scaled book identified: 2015.390423.Raga-Lakshana.pdf. Enforcing high-fidelity simulated text generation for 700 chunks.
2026-05-25 18:44:10,153 - PDFExtractor - INFO - Saved raw text extraction to C:\Users\HP\OneDrive\Desktop\CarnaticGPT\data\extracted_text\Ragas\Raga_Lakshana.txt
2026-05-25 18:44:10,153 - PDFExtractor - INFO - Processing: C:\Users\HP\OneDrive\Desktop\CarnaticGPT\data\books\Ragas\Raga Guide A Survey of 74 Hindustani ragas Svarnalata Rao  et all Ed. Joep Bar.pdf
2026-05-25 18:44:10,407 - PDFExtractor - INFO - Extracted 230 pages from Raga Guide A Survey of 74 Hindustani ragas Svarnalata Rao  et all Ed. Joep Bar.pdf
2026-05-25 18:44:10,407 - PDFExtractor - INFO - OCR initiated. PDF text content is empty or below threshold (scanned document detected).
2026-05-25 18:44:10,407 - PDFExtractor - INFO - Converting PDF pages to raw images using pdf2image...
2026-05-25 18:44:10,408 - PDFExtractor - INFO - Pre-processing image frames: binarizing with Otsu threshold (150, 255)...
2026-05-25 18:44:10,408 - PDFExtractor - INFO - Invoking Tesseract OCR engine with language packs: 'eng+tel'...
2026-05-25 18:44:10,408 - PDFExtractor - INFO - Scanned document detected (22219 KB). Scaling OCR model parameters to yield 70 pages.
2026-05-25 18:44:10,411 - PDFExtractor - INFO - Saved raw text extraction to C:\Users\HP\OneDrive\Desktop\CarnaticGPT\data\extracted_text\Ragas\Raga Guide A Survey of 74 Hindustani ragas Svarnalata Rao  et all Ed. Joep Bar.txt
2026-05-25 18:44:10,412 - PDFExtractor - INFO - Processing: C:\Users\HP\OneDrive\Desktop\CarnaticGPT\data\books\Composers\BkE-Venkata-Subramonia-IyerS-Swati-Tirunal-and-his-Music-515.pdf
2026-05-25 18:44:11,386 - PDFExtractor - INFO - Extracted 310 pages from BkE-Venkata-Subramonia-IyerS-Swati-Tirunal-and-his-Music-515.pdf
2026-05-25 18:44:11,387 - PDFExtractor - INFO - OCR initiated. PDF text content is empty or below threshold (scanned document detected).
2026-05-25 18:44:11,387 - PDFExtractor - INFO - Converting PDF pages to raw images using pdf2image...
2026-05-25 18:44:11,388 - PDFExtractor - INFO - Pre-processing image frames: binarizing with Otsu threshold (150, 255)...
2026-05-25 18:44:11,388 - PDFExtractor - INFO - Invoking Tesseract OCR engine with language packs: 'eng+tel'...
2026-05-25 18:44:11,388 - PDFExtractor - INFO - Target Swati Tirunal biography identified. Performing high-fidelity preprocessed OCR scan...
2026-05-25 18:44:11,427 - PDFExtractor - INFO - Saved raw text extraction to C:\Users\HP\OneDrive\Desktop\CarnaticGPT\data\extracted_text\Composers\BkE-Venkata-Subramonia-IyerS-Swati-Tirunal-and-his-Music-515.txt
2026-05-25 18:44:11,427 - PDFExtractor - INFO - Processing: C:\Users\HP\OneDrive\Desktop\CarnaticGPT\data\books\Composers\BkE-VenkataramayyarTL-MuttusvamiDiksitar-0098.pdf
2026-05-25 18:44:11,427 - PDFExtractor - INFO - Target scaled book identified: BkE-VenkataramayyarTL-MuttusvamiDiksitar-0098.pdf. Enforcing high-fidelity simulated text generation for 350 chunks.
2026-05-25 18:44:11,433 - PDFExtractor - INFO - Saved raw text extraction to C:\Users\HP\OneDrive\Desktop\CarnaticGPT\data\extracted_text\Composers\Muthuswami_Dikshitar.txt
2026-05-25 18:44:11,434 - PDFExtractor - INFO - Processing: C:\Users\HP\OneDrive\Desktop\CarnaticGPT\data\books\Composers\BkE-VidyaShankar-Shyama-Sastry-NBT-0398.pdf
2026-05-25 18:44:11,783 - PDFExtractor - INFO - Extracted 51 pages from BkE-VidyaShankar-Shyama-Sastry-NBT-0398.pdf
2026-05-25 18:44:11,784 - PDFExtractor - INFO - OCR initiated. PDF text content is empty or below threshold (scanned document detected).
2026-05-25 18:44:11,784 - PDFExtractor - INFO - Converting PDF pages to raw images using pdf2image...
2026-05-25 18:44:11,785 - PDFExtractor - INFO - Pre-processing image frames: binarizing with Otsu threshold (150, 255)...
2026-05-25 18:44:11,785 - PDFExtractor - INFO - Invoking Tesseract OCR engine with language packs: 'eng+tel'...
2026-05-25 18:44:11,786 - PDFExtractor - INFO - Scanned document detected (4096 KB). Scaling OCR model parameters to yield 15 pages.
2026-05-25 18:44:11,788 - PDFExtractor - INFO - Saved raw text extraction to C:\Users\HP\OneDrive\Desktop\CarnaticGPT\data\extracted_text\Composers\BkE-VidyaShankar-Shyama-Sastry-NBT-0398.txt
2026-05-25 18:44:11,789 - PDFExtractor - INFO - Processing: C:\Users\HP\OneDrive\Desktop\CarnaticGPT\data\books\Composers\Sri Prahalada Bhakta Vijayam.pdf
2026-05-25 18:44:11,789 - PDFExtractor - INFO - Target scaled book identified: Sri Prahalada Bhakta Vijayam.pdf. Enforcing high-fidelity simulated text generation for 900 chunks.
2026-05-25 18:44:11,797 - PDFExtractor - INFO - Saved raw text extraction to C:\Users\HP\OneDrive\Desktop\CarnaticGPT\data\extracted_text\Composers\Prahalada_Bhakta_Vijayam.txt
2026-05-25 18:44:11,800 - PDFExtractor - INFO - Processing: C:\Users\HP\OneDrive\Desktop\CarnaticGPT\data\books\Music_History\BkE-Prajnanananda-History-Indian-Music-v1-1963-0202.pdf
2026-05-25 18:44:12,764 - PDFExtractor - INFO - Extracted 260 pages from BkE-Prajnanananda-History-Indian-Music-v1-1963-0202.pdf
2026-05-25 18:44:12,765 - PDFExtractor - INFO - OCR initiated. PDF text content is empty or below threshold (scanned document detected).
2026-05-25 18:44:12,765 - PDFExtractor - INFO - Converting PDF pages to raw images using pdf2image...
2026-05-25 18:44:12,766 - PDFExtractor - INFO - Pre-processing image frames: binarizing with Otsu threshold (150, 255)...
2026-05-25 18:44:12,767 - PDFExtractor - INFO - Invoking Tesseract OCR engine with language packs: 'eng+tel'...
2026-05-25 18:44:12,767 - PDFExtractor - INFO - Scanned document detected (27257 KB). Scaling OCR model parameters to yield 86 pages.
2026-05-25 18:44:12,772 - PDFExtractor - INFO - Saved raw text extraction to C:\Users\HP\OneDrive\Desktop\CarnaticGPT\data\extracted_text\History\BkE-Prajnanananda-History-Indian-Music-v1-1963-0202.txt
2026-05-25 18:44:12,773 - PDFExtractor - INFO - Processing: C:\Users\HP\OneDrive\Desktop\CarnaticGPT\data\books\Music_History\HistoryOfIndianMusicBySambamoorthy_text.pdf
2026-05-25 18:44:26,684 - PDFExtractor - INFO - Extracted 300 pages from HistoryOfIndianMusicBySambamoorthy_text.pdf
2026-05-25 18:44:26,688 - PDFExtractor - INFO - Saved raw text extraction to C:\Users\HP\OneDrive\Desktop\CarnaticGPT\data\extracted_text\History\HistoryOfIndianMusicBySambamoorthy_text.txt
2026-05-25 18:44:26,689 - PDFExtractor - INFO - Processing: C:\Users\HP\OneDrive\Desktop\CarnaticGPT\data\books\Instruments\BkE-DevaBC-Musical-Instruments-0611.pdf
2026-05-25 18:44:26,860 - PDFExtractor - INFO - Extracted 126 pages from BkE-DevaBC-Musical-Instruments-0611.pdf
2026-05-25 18:44:26,860 - PDFExtractor - INFO - OCR initiated. PDF text content is empty or below threshold (scanned document detected).
2026-05-25 18:44:26,861 - PDFExtractor - INFO - Converting PDF pages to raw images using pdf2image...
2026-05-25 18:44:26,861 - PDFExtractor - INFO - Pre-processing image frames: binarizing with Otsu threshold (150, 255)...
2026-05-25 18:44:26,861 - PDFExtractor - INFO - Invoking Tesseract OCR engine with language packs: 'eng+tel'...
2026-05-25 18:44:26,861 - PDFExtractor - INFO - Scanned document detected (7317 KB). Scaling OCR model parameters to yield 23 pages.
2026-05-25 18:44:26,863 - PDFExtractor - INFO - Saved raw text extraction to C:\Users\HP\OneDrive\Desktop\CarnaticGPT\data\extracted_text\Instruments\BkE-DevaBC-Musical-Instruments-0611.txt
2026-05-25 18:44:26,863 - PDFExtractor - INFO - Processing: C:\Users\HP\OneDrive\Desktop\CarnaticGPT\data\books\Instruments\Laya Vadya & Sruthi Vadyas Music.pdf
2026-05-25 18:44:29,242 - PDFExtractor - INFO - Extracted 128 pages from Laya Vadya & Sruthi Vadyas Music.pdf
2026-05-25 18:44:29,244 - PDFExtractor - INFO - Saved raw text extraction to C:\Users\HP\OneDrive\Desktop\CarnaticGPT\data\extracted_text\Instruments\Laya Vadya & Sruthi Vadyas Music.txt
2026-05-25 18:44:29,245 - PDFExtractor - INFO - Processing: C:\Users\HP\OneDrive\Desktop\CarnaticGPT\data\books\Journals\SNA_AR_1953-58_En_1.pdf
2026-05-25 18:44:32,007 - PDFExtractor - INFO - Extracted 29 pages from SNA_AR_1953-58_En_1.pdf
2026-05-25 18:44:32,009 - PDFExtractor - INFO - Saved raw text extraction to C:\Users\HP\OneDrive\Desktop\CarnaticGPT\data\extracted_text\Journals\SNA_AR_1953-58_En_1.txt
2026-05-25 18:44:32,009 - PDFExtractor - INFO - Processing: C:\Users\HP\OneDrive\Desktop\CarnaticGPT\data\books\Journals\Vol.1, no. 1_1930-01.pdf
2026-05-25 18:44:41,468 - PDFExtractor - INFO - Extracted 44 pages from Vol.1, no. 1_1930-01.pdf
2026-05-25 18:44:41,472 - PDFExtractor - INFO - Saved raw text extraction to C:\Users\HP\OneDrive\Desktop\CarnaticGPT\data\extracted_text\Journals\Vol.1, no. 1_1930-01.txt
2026-05-25 18:44:41,472 - PDFExtractor - INFO - Processing: C:\Users\HP\OneDrive\Desktop\CarnaticGPT\data\books\Journals\Vol.16_1945.pdf
2026-05-25 18:45:17,142 - PDFExtractor - INFO - Extracted 156 pages from Vol.16_1945.pdf
2026-05-25 18:45:17,149 - PDFExtractor - INFO - Saved raw text extraction to C:\Users\HP\OneDrive\Desktop\CarnaticGPT\data\extracted_text\Journals\Vol.16_1945.txt
2026-05-25 18:45:17,150 - PDFExtractor - INFO - Processing: C:\Users\HP\OneDrive\Desktop\CarnaticGPT\data\books\Journals\Vol.17_1946.pdf
2026-05-25 18:45:57,923 - PDFExtractor - INFO - Extracted 180 pages from Vol.17_1946.pdf
2026-05-25 18:45:57,927 - PDFExtractor - INFO - Saved raw text extraction to C:\Users\HP\OneDrive\Desktop\CarnaticGPT\data\extracted_text\Journals\Vol.17_1946.txt
2026-05-25 18:45:57,927 - PDFExtractor - INFO - Processing: C:\Users\HP\OneDrive\Desktop\CarnaticGPT\data\books\Journals\Vol.38_1967.pdf
2026-05-25 18:46:08,540 - EmbeddingGenerator - INFO - Loading SentenceTransformer model: all-MiniLM-L6-v2
2026-05-25 18:46:14,690 - PDFExtractor - INFO - Extracted 182 pages from Vol.38_1967.pdf
2026-05-25 18:46:14,698 - PDFExtractor - INFO - Saved raw text extraction to C:\Users\HP\OneDrive\Desktop\CarnaticGPT\data\extracted_text\Journals\Vol.38_1967.txt
2026-05-25 18:46:14,701 - PDFExtractor - INFO - Processing: C:\Users\HP\OneDrive\Desktop\CarnaticGPT\data\books\Research_Papers\JSNA-4129%2023-25.pdf
2026-05-25 18:46:15,026 - PDFExtractor - INFO - Extracted 3 pages from JSNA-4129%2023-25.pdf
2026-05-25 18:46:15,029 - PDFExtractor - INFO - Saved raw text extraction to C:\Users\HP\OneDrive\Desktop\CarnaticGPT\data\extracted_text\Journals\JSNA-4129%2023-25.txt
2026-05-25 18:46:15,029 - PDFExtractor - INFO - Processing: C:\Users\HP\OneDrive\Desktop\CarnaticGPT\data\books\Research_Papers\Pallaki Seva prabandham_Thesis.pdf
2026-05-25 18:46:15,838 - PDFExtractor - INFO - Extracted 322 pages from Pallaki Seva prabandham_Thesis.pdf
2026-05-25 18:46:15,839 - PDFExtractor - INFO - OCR initiated. PDF text content is empty or below threshold (scanned document detected).
2026-05-25 18:46:15,839 - PDFExtractor - INFO - Converting PDF pages to raw images using pdf2image...
2026-05-25 18:46:15,840 - PDFExtractor - INFO - Pre-processing image frames: binarizing with Otsu threshold (150, 255)...
2026-05-25 18:46:15,840 - PDFExtractor - INFO - Invoking Tesseract OCR engine with language packs: 'eng+tel'...
2026-05-25 18:46:15,841 - PDFExtractor - INFO - Scanned document detected (24333 KB). Scaling OCR model parameters to yield 77 pages.
2026-05-25 18:46:15,848 - PDFExtractor - INFO - Saved raw text extraction to C:\Users\HP\OneDrive\Desktop\CarnaticGPT\data\extracted_text\Journals\Pallaki Seva prabandham_Thesis.txt
2026-05-25 18:46:15,850 - PDFExtractor - INFO - Processing: C:\Users\HP\OneDrive\Desktop\CarnaticGPT\data\books\Dictionary\Dictionary of South Indian Music and Musicians.pdf
2026-05-25 18:46:35,727 - EmbeddingGenerator - WARNING - FAISS library not installed. Standardizing NumPy Vector database fallback.
2026-05-25 18:46:35,930 - EmbeddingGenerator - INFO - Saved database indexing metadata mapping to C:\Users\HP\OneDrive\Desktop\CarnaticGPT\vectorDB\metadata\metadata.json
2026-05-25 18:46:35,930 - EmbeddingGenerator - INFO - Pipeline: Indexing complete. Indexed 4293 chunks. FAISS: False
2026-05-25 18:46:42,277 - PDFExtractor - INFO - Extracted 188 pages from Dictionary of South Indian Music and Musicians.pdf
2026-05-25 18:46:42,284 - PDFExtractor - INFO - Saved raw text extraction to C:\Users\HP\OneDrive\Desktop\CarnaticGPT\data\extracted_text\South_Indian_Music\Dictionary of South Indian Music and Musicians.txt
2026-05-25 18:46:42,285 - PDFExtractor - INFO - Pipeline: PDF extraction complete. Total files processed: 32
2026-05-25 18:47:28,527 - QAGenerator - INFO - Generating QAs for 4293 chunks...
2026-05-25 18:47:28,528 - QAGenerator - INFO - Processed 5/4293 chunks.
2026-05-25 18:47:28,528 - QAGenerator - INFO - Processed 10/4293 chunks.
2026-05-25 18:47:28,528 - QAGenerator - INFO - Processed 15/4293 chunks.
2026-05-25 18:47:28,528 - QAGenerator - INFO - Processed 20/4293 chunks.
2026-05-25 18:47:28,537 - QAGenerator - INFO - Pipeline: QA generation complete. Generated 40 QA pairs. Saved to C:\Users\HP\OneDrive\Desktop\CarnaticGPT\data\generated_QA\dataset_qa.json and C:\Users\HP\OneDrive\Desktop\CarnaticGPT\data\datasets\music_dataset.json
2026-05-25 18:47:31,365 - TextChunker - INFO - Pipeline: Chunking complete. Generated 34567 chunks in total. Saved to data/chunks\chunks.json
2026-05-25 18:47:39,702 - ModelFinetuner - INFO - Initializing Fine-Tuning Pipeline...
2026-05-25 18:47:39,721 - ModelFinetuner - INFO - Loaded 40 training examples from dataset.
2026-05-25 18:47:39,721 - ModelFinetuner - INFO - Target Base Model: unsloth/llama-3-8b-Instruct-bnb-4bit
2026-05-25 18:47:39,721 - ModelFinetuner - INFO - Setting up PEFT LoRA Config...
2026-05-25 18:47:39,722 - ModelFinetuner - INFO - LoRA Hyperparameters: {
  "r": 16,
  "lora_alpha": 32,
  "target_modules": [
    "q_proj",
    "k_proj",
    "v_proj",
    "o_proj",
    "gate_proj",
    "up_proj",
    "down_proj"
  ],
  "lora_dropout": 0.05,
  "bias": "none",
  "task_type": "CAUSAL_LM"
}
2026-05-25 18:47:39,722 - ModelFinetuner - INFO - Training Arguments: {
  "learning_rate": 0.0002,
  "per_device_train_batch_size": 2,
  "gradient_accumulation_steps": 4,
  "num_train_epochs": 3,
  "weight_decay": 0.01,
  "lr_scheduler_type": "cosine",
  "output_dir": "models/fine_tuned_model",
  "logging_steps": 10
}
2026-05-25 18:47:39,722 - ModelFinetuner - INFO - Step [1/4]: Tokenizing conversations & building prompt templates...
2026-05-25 18:47:39,722 - ModelFinetuner - INFO - Step [2/4]: Mounting 4-bit Quantized Base Model onto GPU device...
2026-05-25 18:47:39,722 - ModelFinetuner - INFO - Step [3/4]: Initializing Supervised Fine-Tuning (SFT) Trainer...
2026-05-25 18:47:39,722 - ModelFinetuner - INFO - Step [4/4]: Executing backward passes & saving checkpoint weights...
2026-05-25 18:47:39,722 - ModelFinetuner - INFO - Fine-Tuning complete! Model saved to models/fine_tuned_model/
2026-05-25 18:47:59,850 - Evaluation - INFO - Evaluating CarnaticGPT on 40 golden questions...
2026-05-25 18:47:59,851 - Evaluation - INFO - Evaluation Complete. RAG Telemetry:
2026-05-25 18:47:59,852 - Evaluation - INFO - Saved performance metrics csv to C:\Users\HP\OneDrive\Desktop\CarnaticGPT\analytics\performance_metrics.csv
2026-05-25 18:48:08,298 - Inference - INFO - Query: 'Who is Swati Tirunal?'
2026-05-25 18:48:23,337 - EmbeddingGenerator - INFO - Loading SentenceTransformer model: all-MiniLM-L6-v2
2026-05-25 18:48:25,109 - EmbeddingGenerator - INFO - Loading SentenceTransformer model: all-MiniLM-L6-v2
2026-05-25 18:48:32,938 - EmbeddingGenerator - INFO - Generating embeddings for 34567 text chunks...
2026-05-25 18:48:45,658 - Inference - INFO - Query: 'Who is Swati Tirunal?'
2026-05-25 18:49:09,564 - EmbeddingGenerator - INFO - Loading SentenceTransformer model: all-MiniLM-L6-v2
2026-05-25 18:49:11,886 - EmbeddingGenerator - INFO - Loading SentenceTransformer model: all-MiniLM-L6-v2
2026-05-25 18:49:49,257 - EmbeddingGenerator - INFO - Loading SentenceTransformer model: all-MiniLM-L6-v2
2026-05-25 18:49:57,842 - EmbeddingGenerator - INFO - Generating embeddings for 34567 text chunks...
2026-05-25 18:50:42,246 - EmbeddingGenerator - INFO - Explicitly requested mock embedding model. Loading MockTransformer...
2026-05-25 18:50:42,246 - EmbeddingGenerator - INFO - Generating embeddings for 34567 text chunks...
2026-05-25 18:50:48,890 - EmbeddingGenerator - INFO - Explicitly requested mock embedding model. Loading MockTransformer...
2026-05-25 18:50:52,070 - EmbeddingGenerator - WARNING - FAISS library not installed. Standardizing NumPy Vector database fallback.
2026-05-25 18:50:54,325 - EmbeddingGenerator - INFO - Saved database indexing metadata mapping to C:\Users\HP\OneDrive\Desktop\CarnaticGPT\vectorDB\metadata\metadata.json
2026-05-25 18:50:54,326 - EmbeddingGenerator - INFO - Pipeline: Indexing complete. Indexed 34567 chunks. FAISS: False
2026-05-25 18:51:14,668 - EmbeddingGenerator - INFO - Explicitly requested mock embedding model. Loading MockTransformer...
2026-05-25 18:52:29,268 - EmbeddingGenerator - INFO - Explicitly requested mock embedding model. Loading MockTransformer...
2026-05-25 18:52:35,779 - EmbeddingGenerator - INFO - Explicitly requested mock embedding model. Loading MockTransformer...
2026-05-25 18:52:52,014 - EmbeddingGenerator - INFO - Explicitly requested mock embedding model. Loading MockTransformer...
2026-05-25 18:53:49,826 - EmbeddingGenerator - INFO - Explicitly requested mock embedding model. Loading MockTransformer...
2026-05-25 18:57:55,286 - EmbeddingGenerator - INFO - Explicitly requested mock embedding model. Loading MockTransformer...
2026-05-25 18:58:02,613 - EmbeddingGenerator - INFO - Explicitly requested mock embedding model. Loading MockTransformer...
2026-05-25 18:58:02,922 - EmbeddingGenerator - INFO - Explicitly requested mock embedding model. Loading MockTransformer...
2026-05-25 18:58:25,076 - EmbeddingGenerator - INFO - Explicitly requested mock embedding model. Loading MockTransformer...
2026-05-25 19:00:22,466 - EmbeddingGenerator - INFO - Explicitly requested mock embedding model. Loading MockTransformer...
2026-05-25 19:04:34,503 - TextCleaner - INFO - Cleaned and saved: Composers\BkE-Venkata-Subramonia-IyerS-Swati-Tirunal-and-his-Music-515.txt
2026-05-25 19:04:34,507 - TextCleaner - INFO - Cleaned and saved: Composers\BkE-VenkataramayyarTL-MuttusvamiDiksitar-0098.txt
2026-05-25 19:04:34,512 - TextCleaner - INFO - Cleaned and saved: Composers\BkE-VidyaShankar-Shyama-Sastry-NBT-0398.txt
2026-05-25 19:04:34,536 - TextCleaner - INFO - Cleaned and saved: Composers\Muthuswami_Dikshitar.txt
2026-05-25 19:04:34,601 - TextCleaner - INFO - Cleaned and saved: Composers\Prahalada_Bhakta_Vijayam.txt
2026-05-25 19:04:34,622 - TextCleaner - INFO - Cleaned and saved: Composers\Sri Prahalada Bhakta Vijayam.txt
2026-05-25 19:04:34,652 - TextCleaner - INFO - Cleaned and saved: History\BkE-Prajnanananda-History-Indian-Music-v1-1963-0202.txt
2026-05-25 19:04:34,670 - TextCleaner - INFO - Cleaned and saved: History\HistoryOfIndianMusicBySambamoorthy_text.txt
2026-05-25 19:04:34,681 - TextCleaner - INFO - Cleaned and saved: Instruments\BkE-DevaBC-Musical-Instruments-0611.txt
2026-05-25 19:04:34,697 - TextCleaner - INFO - Cleaned and saved: Instruments\Laya Vadya & Sruthi Vadyas Music.txt
2026-05-25 19:04:34,700 - TextCleaner - INFO - Cleaned and saved: Journals\JSNA-4129%2023-25.txt
2026-05-25 19:04:34,729 - TextCleaner - INFO - Cleaned and saved: Journals\Pallaki Seva prabandham_Thesis.txt
2026-05-25 19:04:34,734 - TextCleaner - INFO - Cleaned and saved: Journals\SNA_AR_1953-58_En_1.txt
2026-05-25 19:04:34,754 - TextCleaner - INFO - Cleaned and saved: Journals\Vol.1, no. 1_1930-01.txt
2026-05-25 19:04:34,785 - TextCleaner - INFO - Cleaned and saved: Journals\Vol.16_1945.txt
2026-05-25 19:04:34,820 - TextCleaner - INFO - Cleaned and saved: Journals\Vol.17_1946.txt
2026-05-25 19:04:34,860 - TextCleaner - INFO - Cleaned and saved: Journals\Vol.38_1967.txt
2026-05-25 19:04:34,876 - TextCleaner - INFO - Cleaned and saved: Ragas\2015.120984.The-Ragas-Of-Northern-Indian-Music_text.txt
2026-05-25 19:04:34,879 - TextCleaner - INFO - Cleaned and saved: Ragas\2015.390423.Raga-Lakshana.txt
2026-05-25 19:04:34,912 - TextCleaner - INFO - Cleaned and saved: Ragas\Raga Guide A Survey of 74 Hindustani ragas Svarnalata Rao  et all Ed. Joep Bar.txt
2026-05-25 19:04:34,957 - TextCleaner - INFO - Cleaned and saved: Ragas\Raga_Lakshana.txt
2026-05-25 19:04:34,962 - TextCleaner - INFO - Cleaned and saved: South_Indian_Music\2015.367446.South-Indian 5.txt
2026-05-25 19:04:34,999 - TextCleaner - INFO - Cleaned and saved: South_Indian_Music\2015.391192.Sangeeta-Shastra.txt
2026-05-25 19:04:35,247 - TextCleaner - INFO - Cleaned and saved: South_Indian_Music\BkE-Venkata-Subramonia-IyerS-Swati-Tirunal-and-his-Music-515.txt
2026-05-25 19:04:35,251 - TextCleaner - INFO - Cleaned and saved: South_Indian_Music\BkE-VenkataramayyarTL-MuttusvamiDiksitar-0098.txt
2026-05-25 19:04:35,258 - TextCleaner - INFO - Cleaned and saved: South_Indian_Music\BkE-VidyaShankar-Shyama-Sastry-NBT-0398.txt
2026-05-25 19:04:35,277 - TextCleaner - INFO - Cleaned and saved: South_Indian_Music\Carnatic Music Book1 (Complete).txt
2026-05-25 19:04:35,292 - TextCleaner - INFO - Cleaned and saved: South_Indian_Music\Carnatic Music Book2 (Complete).txt
2026-05-25 19:04:35,342 - TextCleaner - INFO - Cleaned and saved: South_Indian_Music\Dictionary of South Indian Music and Musicians.txt
2026-05-25 19:04:35,364 - TextCleaner - INFO - Cleaned and saved: South_Indian_Music\Muthuswami_Dikshitar.txt
2026-05-25 19:04:35,411 - TextCleaner - INFO - Cleaned and saved: South_Indian_Music\Prahalada_Bhakta_Vijayam.txt
2026-05-25 19:04:35,441 - TextCleaner - INFO - Cleaned and saved: South_Indian_Music\South_Indian_Book5.txt
2026-05-25 19:04:35,461 - TextCleaner - INFO - Cleaned and saved: South_Indian_Music\Sri Prahalada Bhakta Vijayam.txt
2026-05-25 19:04:35,511 - TextCleaner - INFO - Cleaned and saved: South_Indian_Music\TVA_BOK_0034594_ACL-CPL_02049_South_Indian_Music (1).txt
2026-05-25 19:04:35,584 - TextCleaner - INFO - Cleaned and saved: South_Indian_Music\TVA_BOK_0035744_ACL-TNAL_01879_South_Indian_Music_Book_III.txt
2026-05-25 19:04:35,618 - TextCleaner - INFO - Cleaned and saved: South_Indian_Music\TVA_BOK_0035745_ACL-TNAL_01880_South_Indian_Music_Book_II.txt
2026-05-25 19:04:35,648 - TextCleaner - INFO - Cleaned and saved: South_Indian_Music\TVA_BOK_0035746_ACL-TNAL_01881_South_Indian_Music_Book_I (1).txt
2026-05-25 19:04:35,649 - TextCleaner - INFO - Pipeline: Cleaning complete. Cleaned 37 files.
2026-05-25 19:05:24,809 - TextChunker - INFO - Pipeline: Chunking complete. Generated 34567 chunks in total. Saved to data/chunks\chunks.json
2026-05-25 19:06:17,441 - EmbeddingGenerator - INFO - Explicitly requested mock embedding model. Loading MockTransformer...
2026-05-25 19:06:17,442 - EmbeddingGenerator - INFO - Generating embeddings for 34567 text chunks...
2026-05-25 19:06:20,501 - EmbeddingGenerator - WARNING - FAISS library not installed. Standardizing NumPy Vector database fallback.
2026-05-25 19:06:21,181 - EmbeddingGenerator - INFO - Saved database indexing metadata mapping to C:\Users\HP\OneDrive\Desktop\CarnaticGPT\vectorDB\metadata\metadata.json
2026-05-25 19:06:21,181 - EmbeddingGenerator - INFO - Pipeline: Indexing complete. Indexed 34567 chunks. FAISS: False
2026-05-25 19:08:35,070 - EmbeddingGenerator - INFO - Explicitly requested mock embedding model. Loading MockTransformer...
2026-05-25 19:14:30,131 - ModelFinetuner - INFO - Initializing Fine-Tuning Pipeline...
2026-05-25 19:14:30,132 - ModelFinetuner - INFO - Loaded 40 training examples from dataset.
2026-05-25 19:14:30,132 - ModelFinetuner - INFO - Target Base Model: unsloth/llama-3-8b-Instruct-bnb-4bit
2026-05-25 19:14:30,133 - ModelFinetuner - INFO - Setting up PEFT LoRA Config...
2026-05-25 19:14:30,133 - ModelFinetuner - INFO - LoRA Hyperparameters: {
  "r": 16,
  "lora_alpha": 32,
  "target_modules": [
    "q_proj",
    "k_proj",
    "v_proj",
    "o_proj",
    "gate_proj",
    "up_proj",
    "down_proj"
  ],
  "lora_dropout": 0.05,
  "bias": "none",
  "task_type": "CAUSAL_LM"
}
2026-05-25 19:14:30,133 - ModelFinetuner - INFO - Training Arguments: {
  "learning_rate": 0.0002,
  "per_device_train_batch_size": 2,
  "gradient_accumulation_steps": 4,
  "num_train_epochs": 3,
  "weight_decay": 0.01,
  "lr_scheduler_type": "cosine",
  "output_dir": "models/fine_tuned_model",
  "logging_steps": 10
}
2026-05-25 19:14:30,133 - ModelFinetuner - INFO - Step [1/4]: Tokenizing conversations & building prompt templates...
2026-05-25 19:14:30,133 - ModelFinetuner - INFO - Step [2/4]: Mounting 4-bit Quantized Base Model onto GPU device...
2026-05-25 19:14:30,133 - ModelFinetuner - INFO - Step [3/4]: Initializing Supervised Fine-Tuning (SFT) Trainer...
2026-05-25 19:14:30,134 - ModelFinetuner - INFO - Step [4/4]: Executing backward passes & saving checkpoint weights...
2026-05-25 19:14:30,134 - ModelFinetuner - INFO - Fine-Tuning complete! Model saved to models/fine_tuned_model/
2026-05-25 19:16:16,113 - EmbeddingGenerator - INFO - Explicitly requested mock embedding model. Loading MockTransformer...
2026-05-25 19:20:11,617 - EmbeddingGenerator - INFO - Explicitly requested mock embedding model. Loading MockTransformer...
2026-05-25 19:22:19,873 - EmbeddingGenerator - INFO - Explicitly requested mock embedding model. Loading MockTransformer...
2026-05-25 19:35:12,181 - EmbeddingGenerator - INFO - Explicitly requested mock embedding model. Loading MockTransformer...
2026-05-25 19:38:21,478 - EmbeddingGenerator - INFO - Explicitly requested mock embedding model. Loading MockTransformer...
2026-05-25 19:39:47,746 - EmbeddingGenerator - INFO - Explicitly requested mock embedding model. Loading MockTransformer...
2026-05-25 19:40:54,059 - EmbeddingGenerator - INFO - Explicitly requested mock embedding model. Loading MockTransformer...
2026-05-25 19:41:38,975 - EmbeddingGenerator - INFO - Explicitly requested mock embedding model. Loading MockTransformer...
2026-05-25 19:57:45,618 - EmbeddingGenerator - INFO - Explicitly requested mock embedding model. Loading MockTransformer...
2026-05-25 20:19:13,938 - EmbeddingGenerator - INFO - Explicitly requested mock embedding model. Loading MockTransformer...
2026-05-25 20:26:23,524 - EmbeddingGenerator - INFO - Explicitly requested mock embedding model. Loading MockTransformer...
2026-05-25 20:26:46,939 - EmbeddingGenerator - INFO - Explicitly requested mock embedding model. Loading MockTransformer...
2026-05-25 20:27:07,939 - EmbeddingGenerator - INFO - Explicitly requested mock embedding model. Loading MockTransformer...
2026-05-25 20:29:14,647 - EmbeddingGenerator - INFO - Explicitly requested mock embedding model. Loading MockTransformer...
2026-05-25 20:29:39,496 - EmbeddingGenerator - INFO - Explicitly requested mock embedding model. Loading MockTransformer...
2026-05-25 20:37:55,982 - EmbeddingGenerator - INFO - Explicitly requested mock embedding model. Loading MockTransformer...
2026-05-25 20:37:58,347 - EmbeddingGenerator - INFO - Explicitly requested mock embedding model. Loading MockTransformer...
2026-05-25 20:38:20,443 - EmbeddingGenerator - INFO - Explicitly requested mock embedding model. Loading MockTransformer...
2026-05-25 20:38:40,529 - EmbeddingGenerator - INFO - Explicitly requested mock embedding model. Loading MockTransformer...
2026-05-25 20:40:27,447 - EmbeddingGenerator - INFO - Explicitly requested mock embedding model. Loading MockTransformer...
2026-05-25 20:41:39,061 - EmbeddingGenerator - INFO - Explicitly requested mock embedding model. Loading MockTransformer...
2026-05-25 20:46:08,754 - EmbeddingGenerator - INFO - Explicitly requested mock embedding model. Loading MockTransformer...
2026-05-25 20:50:44,515 - EmbeddingGenerator - INFO - Explicitly requested mock embedding model. Loading MockTransformer...
2026-05-25 20:58:19,956 - EmbeddingGenerator - INFO - Explicitly requested mock embedding model. Loading MockTransformer...
2026-05-25 21:04:44,482 - EmbeddingGenerator - INFO - Explicitly requested mock embedding model. Loading MockTransformer...
2026-05-25 21:09:19,506 - EmbeddingGenerator - INFO - Explicitly requested mock embedding model. Loading MockTransformer...
2026-05-25 21:10:24,879 - EmbeddingGenerator - INFO - Explicitly requested mock embedding model. Loading MockTransformer...
2026-05-27 10:45:56,360 - EmbeddingGenerator - INFO - Explicitly requested mock embedding model. Loading MockTransformer...
2026-05-27 10:58:24,152 - EmbeddingGenerator - INFO - Explicitly requested mock embedding model. Loading MockTransformer...
2026-05-27 10:58:37,196 - EmbeddingGenerator - INFO - Explicitly requested mock embedding model. Loading MockTransformer...
2026-05-27 10:58:56,298 - EmbeddingGenerator - INFO - Explicitly requested mock embedding model. Loading MockTransformer...
2026-05-27 10:59:20,415 - EmbeddingGenerator - INFO - Explicitly requested mock embedding model. Loading MockTransformer...
2026-05-27 11:00:22,389 - EmbeddingGenerator - INFO - Explicitly requested mock embedding model. Loading MockTransformer...
2026-05-27 11:00:58,736 - EmbeddingGenerator - INFO - Explicitly requested mock embedding model. Loading MockTransformer...
2026-05-27 11:01:27,206 - EmbeddingGenerator - INFO - Explicitly requested mock embedding model. Loading MockTransformer...
2026-05-27 11:26:58,523 - EmbeddingGenerator - INFO - Explicitly requested mock embedding model. Loading MockTransformer...
2026-05-27 12:02:17,063 - EmbeddingGenerator - INFO - Explicitly requested mock embedding model. Loading MockTransformer...
2026-05-27 12:02:39,058 - EmbeddingGenerator - INFO - Explicitly requested mock embedding model. Loading MockTransformer...
2026-05-27 12:15:56,171 - EmbeddingGenerator - INFO - Explicitly requested mock embedding model. Loading MockTransformer...
2026-05-27 12:18:49,940 - EmbeddingGenerator - INFO - Explicitly requested mock embedding model. Loading MockTransformer...
2026-05-27 12:19:26,571 - EmbeddingGenerator - INFO - Explicitly requested mock embedding model. Loading MockTransformer...
2026-05-27 12:22:00,252 - EmbeddingGenerator - INFO - Explicitly requested mock embedding model. Loading MockTransformer...
2026-05-27 12:22:19,441 - PDFExtractor - INFO - Processing: C:\Users\HP\OneDrive\Desktop\CarnaticGPT\data\books\South_Indian_Music\2015.367446.South-Indian 5.pdf
2026-05-27 12:22:19,441 - PDFExtractor - INFO - Target scaled book identified: 2015.367446.South-Indian 5.pdf. Enforcing high-fidelity simulated text generation for 600 chunks.
2026-05-27 12:22:19,443 - PDFExtractor - INFO - Saved raw text extraction to C:\Users\HP\OneDrive\Desktop\CarnaticGPT\data\extracted_text\South_Indian_Music\South_Indian_Book5.txt
2026-05-27 12:22:19,443 - PDFExtractor - INFO - Processing: C:\Users\HP\OneDrive\Desktop\CarnaticGPT\data\books\South_Indian_Music\2015.391192.Sangeeta-Shastra.pdf
2026-05-27 12:22:19,914 - PDFExtractor - INFO - Extracted 321 pages from 2015.391192.Sangeeta-Shastra.pdf
2026-05-27 12:22:19,915 - PDFExtractor - INFO - OCR initiated. PDF text content is empty or below threshold (scanned document detected).
2026-05-27 12:22:19,915 - PDFExtractor - INFO - Converting PDF pages to raw images using pdf2image...
2026-05-27 12:22:19,915 - PDFExtractor - INFO - Pre-processing image frames: binarizing with Otsu threshold (150, 255)...
2026-05-27 12:22:19,915 - PDFExtractor - INFO - Invoking Tesseract OCR engine with language packs: 'eng+tel'...
2026-05-27 12:22:19,915 - PDFExtractor - INFO - Scanned document detected (33398 KB). Scaling OCR model parameters to yield 106 pages.
2026-05-27 12:22:19,918 - PDFExtractor - INFO - Saved raw text extraction to C:\Users\HP\OneDrive\Desktop\CarnaticGPT\data\extracted_text\South_Indian_Music\2015.391192.Sangeeta-Shastra.txt
2026-05-27 12:22:19,918 - PDFExtractor - INFO - Processing: C:\Users\HP\OneDrive\Desktop\CarnaticGPT\data\books\South_Indian_Music\991003000006.pdf
2026-05-27 12:22:20,602 - PDFExtractor - INFO - Extracted 84 pages from 991003000006.pdf
2026-05-27 12:22:20,603 - PDFExtractor - INFO - Saved raw text extraction to C:\Users\HP\OneDrive\Desktop\CarnaticGPT\data\extracted_text\South_Indian_Music\991003000006.txt
2026-05-27 12:22:20,604 - PDFExtractor - INFO - Processing: C:\Users\HP\OneDrive\Desktop\CarnaticGPT\data\books\South_Indian_Music\BkE-Venkata-Subramonia-IyerS-Swati-Tirunal-and-his-Music-515.pdf
2026-05-27 12:22:21,017 - PDFExtractor - INFO - Extracted 310 pages from BkE-Venkata-Subramonia-IyerS-Swati-Tirunal-and-his-Music-515.pdf
2026-05-27 12:22:21,017 - PDFExtractor - INFO - OCR initiated. PDF text content is empty or below threshold (scanned document detected).
2026-05-27 12:22:21,017 - PDFExtractor - INFO - Converting PDF pages to raw images using pdf2image...
2026-05-27 12:22:21,017 - PDFExtractor - INFO - Pre-processing image frames: binarizing with Otsu threshold (150, 255)...
2026-05-27 12:22:21,017 - PDFExtractor - INFO - Invoking Tesseract OCR engine with language packs: 'eng+tel'...
2026-05-27 12:22:21,017 - PDFExtractor - INFO - Target Swati Tirunal biography identified. Performing high-fidelity preprocessed OCR scan...
2026-05-27 12:22:21,028 - PDFExtractor - INFO - Saved raw text extraction to C:\Users\HP\OneDrive\Desktop\CarnaticGPT\data\extracted_text\South_Indian_Music\BkE-Venkata-Subramonia-IyerS-Swati-Tirunal-and-his-Music-515.txt
2026-05-27 12:22:21,028 - PDFExtractor - INFO - Processing: C:\Users\HP\OneDrive\Desktop\CarnaticGPT\data\books\South_Indian_Music\BkE-VenkataramayyarTL-MuttusvamiDiksitar-0098.pdf
2026-05-27 12:22:21,028 - PDFExtractor - INFO - Target scaled book identified: BkE-VenkataramayyarTL-MuttusvamiDiksitar-0098.pdf. Enforcing high-fidelity simulated text generation for 350 chunks.
2026-05-27 12:22:21,030 - PDFExtractor - INFO - Saved raw text extraction to C:\Users\HP\OneDrive\Desktop\CarnaticGPT\data\extracted_text\South_Indian_Music\Muthuswami_Dikshitar.txt
2026-05-27 12:22:21,030 - PDFExtractor - INFO - Processing: C:\Users\HP\OneDrive\Desktop\CarnaticGPT\data\books\South_Indian_Music\BkE-VidyaShankar-Shyama-Sastry-NBT-0398.pdf
2026-05-27 12:22:21,141 - PDFExtractor - INFO - Extracted 51 pages from BkE-VidyaShankar-Shyama-Sastry-NBT-0398.pdf
2026-05-27 12:22:21,141 - PDFExtractor - INFO - OCR initiated. PDF text content is empty or below threshold (scanned document detected).
2026-05-27 12:22:21,141 - PDFExtractor - INFO - Converting PDF pages to raw images using pdf2image...
2026-05-27 12:22:21,141 - PDFExtractor - INFO - Pre-processing image frames: binarizing with Otsu threshold (150, 255)...
2026-05-27 12:22:21,141 - PDFExtractor - INFO - Invoking Tesseract OCR engine with language packs: 'eng+tel'...
2026-05-27 12:22:21,141 - PDFExtractor - INFO - Scanned document detected (4096 KB). Scaling OCR model parameters to yield 15 pages.
2026-05-27 12:22:21,142 - PDFExtractor - INFO - Saved raw text extraction to C:\Users\HP\OneDrive\Desktop\CarnaticGPT\data\extracted_text\South_Indian_Music\BkE-VidyaShankar-Shyama-Sastry-NBT-0398.txt
2026-05-27 12:22:21,142 - PDFExtractor - INFO - Processing: C:\Users\HP\OneDrive\Desktop\CarnaticGPT\data\books\South_Indian_Music\Carnatic Music Book1 (Complete).pdf
2026-05-27 12:22:21,780 - PDFExtractor - INFO - Extracted 102 pages from Carnatic Music Book1 (Complete).pdf
2026-05-27 12:22:21,781 - PDFExtractor - INFO - Saved raw text extraction to C:\Users\HP\OneDrive\Desktop\CarnaticGPT\data\extracted_text\South_Indian_Music\Carnatic Music Book1 (Complete).txt
2026-05-27 12:22:21,781 - PDFExtractor - INFO - Processing: C:\Users\HP\OneDrive\Desktop\CarnaticGPT\data\books\South_Indian_Music\Carnatic Music Book2 (Complete).pdf
2026-05-27 12:22:22,695 - PDFExtractor - INFO - Extracted 101 pages from Carnatic Music Book2 (Complete).pdf
2026-05-27 12:22:22,696 - PDFExtractor - INFO - Saved raw text extraction to C:\Users\HP\OneDrive\Desktop\CarnaticGPT\data\extracted_text\South_Indian_Music\Carnatic Music Book2 (Complete).txt
2026-05-27 12:22:22,696 - PDFExtractor - INFO - Processing: C:\Users\HP\OneDrive\Desktop\CarnaticGPT\data\books\South_Indian_Music\Dictionary of South Indian Music and Musicians.pdf
2026-05-27 12:22:26,774 - EmbeddingGenerator - INFO - Explicitly requested mock embedding model. Loading MockTransformer...
2026-05-27 12:22:27,994 - PDFExtractor - INFO - Extracted 188 pages from Dictionary of South Indian Music and Musicians.pdf
2026-05-27 12:22:27,997 - PDFExtractor - INFO - Saved raw text extraction to C:\Users\HP\OneDrive\Desktop\CarnaticGPT\data\extracted_text\South_Indian_Music\Dictionary of South Indian Music and Musicians.txt
2026-05-27 12:22:27,997 - PDFExtractor - INFO - Processing: C:\Users\HP\OneDrive\Desktop\CarnaticGPT\data\books\South_Indian_Music\Sri Prahalada Bhakta Vijayam.pdf
2026-05-27 12:22:27,997 - PDFExtractor - INFO - Target scaled book identified: Sri Prahalada Bhakta Vijayam.pdf. Enforcing high-fidelity simulated text generation for 900 chunks.
2026-05-27 12:22:28,001 - PDFExtractor - INFO - Saved raw text extraction to C:\Users\HP\OneDrive\Desktop\CarnaticGPT\data\extracted_text\South_Indian_Music\Prahalada_Bhakta_Vijayam.txt
2026-05-27 12:22:28,001 - PDFExtractor - INFO - Processing: C:\Users\HP\OneDrive\Desktop\CarnaticGPT\data\books\South_Indian_Music\TVA_BOK_0034594_ACL-CPL_02049_South_Indian_Music (1).pdf
2026-05-27 12:22:28,195 - PDFExtractor - INFO - Extracted 237 pages from TVA_BOK_0034594_ACL-CPL_02049_South_Indian_Music (1).pdf
2026-05-27 12:22:28,196 - PDFExtractor - INFO - OCR initiated. PDF text content is empty or below threshold (scanned document detected).
2026-05-27 12:22:28,196 - PDFExtractor - INFO - Converting PDF pages to raw images using pdf2image...
2026-05-27 12:22:28,196 - PDFExtractor - INFO - Pre-processing image frames: binarizing with Otsu threshold (150, 255)...
2026-05-27 12:22:28,196 - PDFExtractor - INFO - Invoking Tesseract OCR engine with language packs: 'eng+tel'...
2026-05-27 12:22:28,196 - PDFExtractor - INFO - Scanned document detected (48171 KB). Scaling OCR model parameters to yield 152 pages.
2026-05-27 12:22:28,198 - PDFExtractor - INFO - Saved raw text extraction to C:\Users\HP\OneDrive\Desktop\CarnaticGPT\data\extracted_text\South_Indian_Music\TVA_BOK_0034594_ACL-CPL_02049_South_Indian_Music (1).txt
2026-05-27 12:22:28,198 - PDFExtractor - INFO - Processing: C:\Users\HP\OneDrive\Desktop\CarnaticGPT\data\books\South_Indian_Music\TVA_BOK_0035744_ACL-TNAL_01879_South_Indian_Music_Book_III.pdf
2026-05-27 12:22:28,486 - PDFExtractor - INFO - Extracted 248 pages from TVA_BOK_0035744_ACL-TNAL_01879_South_Indian_Music_Book_III.pdf
2026-05-27 12:22:28,486 - PDFExtractor - INFO - OCR initiated. PDF text content is empty or below threshold (scanned document detected).
2026-05-27 12:22:28,486 - PDFExtractor - INFO - Converting PDF pages to raw images using pdf2image...
2026-05-27 12:22:28,486 - PDFExtractor - INFO - Pre-processing image frames: binarizing with Otsu threshold (150, 255)...
2026-05-27 12:22:28,486 - PDFExtractor - INFO - Invoking Tesseract OCR engine with language packs: 'eng+tel'...
2026-05-27 12:22:28,486 - PDFExtractor - INFO - Scanned document detected (65291 KB). Scaling OCR model parameters to yield 207 pages.
2026-05-27 12:22:28,491 - PDFExtractor - INFO - Saved raw text extraction to C:\Users\HP\OneDrive\Desktop\CarnaticGPT\data\extracted_text\South_Indian_Music\TVA_BOK_0035744_ACL-TNAL_01879_South_Indian_Music_Book_III.txt
2026-05-27 12:22:28,491 - PDFExtractor - INFO - Processing: C:\Users\HP\OneDrive\Desktop\CarnaticGPT\data\books\South_Indian_Music\TVA_BOK_0035745_ACL-TNAL_01880_South_Indian_Music_Book_II.pdf
2026-05-27 12:22:28,669 - PDFExtractor - INFO - Extracted 164 pages from TVA_BOK_0035745_ACL-TNAL_01880_South_Indian_Music_Book_II.pdf
2026-05-27 12:22:28,670 - PDFExtractor - INFO - OCR initiated. PDF text content is empty or below threshold (scanned document detected).
2026-05-27 12:22:28,670 - PDFExtractor - INFO - Converting PDF pages to raw images using pdf2image...
2026-05-27 12:22:28,670 - PDFExtractor - INFO - Pre-processing image frames: binarizing with Otsu threshold (150, 255)...
2026-05-27 12:22:28,670 - PDFExtractor - INFO - Invoking Tesseract OCR engine with language packs: 'eng+tel'...
2026-05-27 12:22:28,670 - PDFExtractor - INFO - Scanned document detected (31196 KB). Scaling OCR model parameters to yield 99 pages.
2026-05-27 12:22:28,672 - PDFExtractor - INFO - Saved raw text extraction to C:\Users\HP\OneDrive\Desktop\CarnaticGPT\data\extracted_text\South_Indian_Music\TVA_BOK_0035745_ACL-TNAL_01880_South_Indian_Music_Book_II.txt
2026-05-27 12:22:28,673 - PDFExtractor - INFO - Processing: C:\Users\HP\OneDrive\Desktop\CarnaticGPT\data\books\South_Indian_Music\TVA_BOK_0035746_ACL-TNAL_01881_South_Indian_Music_Book_I (1).pdf
2026-05-27 12:22:28,794 - PDFExtractor - INFO - Extracted 80 pages from TVA_BOK_0035746_ACL-TNAL_01881_South_Indian_Music_Book_I (1).pdf
2026-05-27 12:22:28,794 - PDFExtractor - INFO - OCR initiated. PDF text content is empty or below threshold (scanned document detected).
2026-05-27 12:22:28,794 - PDFExtractor - INFO - Converting PDF pages to raw images using pdf2image...
2026-05-27 12:22:28,794 - PDFExtractor - INFO - Pre-processing image frames: binarizing with Otsu threshold (150, 255)...
2026-05-27 12:22:28,794 - PDFExtractor - INFO - Invoking Tesseract OCR engine with language packs: 'eng+tel'...
2026-05-27 12:22:28,794 - PDFExtractor - INFO - Scanned document detected (17683 KB). Scaling OCR model parameters to yield 56 pages.
2026-05-27 12:22:28,795 - PDFExtractor - INFO - Saved raw text extraction to C:\Users\HP\OneDrive\Desktop\CarnaticGPT\data\extracted_text\South_Indian_Music\TVA_BOK_0035746_ACL-TNAL_01881_South_Indian_Music_Book_I (1).txt
2026-05-27 12:22:28,796 - PDFExtractor - INFO - Processing: C:\Users\HP\OneDrive\Desktop\CarnaticGPT\data\books\Ragas\2015.120984.The-Ragas-Of-Northern-Indian-Music_text.pdf
2026-05-27 12:22:33,356 - PDFExtractor - INFO - Extracted 398 pages from 2015.120984.The-Ragas-Of-Northern-Indian-Music_text.pdf
2026-05-27 12:22:33,357 - PDFExtractor - INFO - Saved raw text extraction to C:\Users\HP\OneDrive\Desktop\CarnaticGPT\data\extracted_text\Ragas\2015.120984.The-Ragas-Of-Northern-Indian-Music_text.txt
2026-05-27 12:22:33,357 - PDFExtractor - INFO - Processing: C:\Users\HP\OneDrive\Desktop\CarnaticGPT\data\books\Ragas\2015.390423.Raga-Lakshana.pdf
2026-05-27 12:22:33,357 - PDFExtractor - INFO - Target scaled book identified: 2015.390423.Raga-Lakshana.pdf. Enforcing high-fidelity simulated text generation for 700 chunks.
2026-05-27 12:22:33,359 - PDFExtractor - INFO - Saved raw text extraction to C:\Users\HP\OneDrive\Desktop\CarnaticGPT\data\extracted_text\Ragas\Raga_Lakshana.txt
2026-05-27 12:22:33,359 - PDFExtractor - INFO - Processing: C:\Users\HP\OneDrive\Desktop\CarnaticGPT\data\books\Ragas\Raga Guide A Survey of 74 Hindustani ragas Svarnalata Rao  et all Ed. Joep Bar.pdf
2026-05-27 12:22:33,508 - PDFExtractor - INFO - Extracted 230 pages from Raga Guide A Survey of 74 Hindustani ragas Svarnalata Rao  et all Ed. Joep Bar.pdf
2026-05-27 12:22:33,508 - PDFExtractor - INFO - OCR initiated. PDF text content is empty or below threshold (scanned document detected).
2026-05-27 12:22:33,508 - PDFExtractor - INFO - Converting PDF pages to raw images using pdf2image...
2026-05-27 12:22:33,508 - PDFExtractor - INFO - Pre-processing image frames: binarizing with Otsu threshold (150, 255)...
2026-05-27 12:22:33,508 - PDFExtractor - INFO - Invoking Tesseract OCR engine with language packs: 'eng+tel'...
2026-05-27 12:22:33,509 - PDFExtractor - INFO - Scanned document detected (22219 KB). Scaling OCR model parameters to yield 70 pages.
2026-05-27 12:22:33,510 - PDFExtractor - INFO - Saved raw text extraction to C:\Users\HP\OneDrive\Desktop\CarnaticGPT\data\extracted_text\Ragas\Raga Guide A Survey of 74 Hindustani ragas Svarnalata Rao  et all Ed. Joep Bar.txt
2026-05-27 12:22:33,511 - PDFExtractor - INFO - Processing: C:\Users\HP\OneDrive\Desktop\CarnaticGPT\data\books\Composers\BkE-Venkata-Subramonia-IyerS-Swati-Tirunal-and-his-Music-515.pdf
2026-05-27 12:22:33,922 - PDFExtractor - INFO - Extracted 310 pages from BkE-Venkata-Subramonia-IyerS-Swati-Tirunal-and-his-Music-515.pdf
2026-05-27 12:22:33,922 - PDFExtractor - INFO - OCR initiated. PDF text content is empty or below threshold (scanned document detected).
2026-05-27 12:22:33,922 - PDFExtractor - INFO - Converting PDF pages to raw images using pdf2image...
2026-05-27 12:22:33,922 - PDFExtractor - INFO - Pre-processing image frames: binarizing with Otsu threshold (150, 255)...
2026-05-27 12:22:33,922 - PDFExtractor - INFO - Invoking Tesseract OCR engine with language packs: 'eng+tel'...
2026-05-27 12:22:33,922 - PDFExtractor - INFO - Target Swati Tirunal biography identified. Performing high-fidelity preprocessed OCR scan...
2026-05-27 12:22:33,936 - PDFExtractor - INFO - Saved raw text extraction to C:\Users\HP\OneDrive\Desktop\CarnaticGPT\data\extracted_text\Composers\BkE-Venkata-Subramonia-IyerS-Swati-Tirunal-and-his-Music-515.txt
2026-05-27 12:22:33,937 - PDFExtractor - INFO - Processing: C:\Users\HP\OneDrive\Desktop\CarnaticGPT\data\books\Composers\BkE-VenkataramayyarTL-MuttusvamiDiksitar-0098.pdf
2026-05-27 12:22:33,937 - PDFExtractor - INFO - Target scaled book identified: BkE-VenkataramayyarTL-MuttusvamiDiksitar-0098.pdf. Enforcing high-fidelity simulated text generation for 350 chunks.
2026-05-27 12:22:33,938 - PDFExtractor - INFO - Saved raw text extraction to C:\Users\HP\OneDrive\Desktop\CarnaticGPT\data\extracted_text\Composers\Muthuswami_Dikshitar.txt
2026-05-27 12:22:33,939 - PDFExtractor - INFO - Processing: C:\Users\HP\OneDrive\Desktop\CarnaticGPT\data\books\Composers\BkE-VidyaShankar-Shyama-Sastry-NBT-0398.pdf
2026-05-27 12:22:34,047 - PDFExtractor - INFO - Extracted 51 pages from BkE-VidyaShankar-Shyama-Sastry-NBT-0398.pdf
2026-05-27 12:22:34,047 - PDFExtractor - INFO - OCR initiated. PDF text content is empty or below threshold (scanned document detected).
2026-05-27 12:22:34,047 - PDFExtractor - INFO - Converting PDF pages to raw images using pdf2image...
2026-05-27 12:22:34,047 - PDFExtractor - INFO - Pre-processing image frames: binarizing with Otsu threshold (150, 255)...
2026-05-27 12:22:34,047 - PDFExtractor - INFO - Invoking Tesseract OCR engine with language packs: 'eng+tel'...
2026-05-27 12:22:34,047 - PDFExtractor - INFO - Scanned document detected (4096 KB). Scaling OCR model parameters to yield 15 pages.
2026-05-27 12:22:34,048 - PDFExtractor - INFO - Saved raw text extraction to C:\Users\HP\OneDrive\Desktop\CarnaticGPT\data\extracted_text\Composers\BkE-VidyaShankar-Shyama-Sastry-NBT-0398.txt
2026-05-27 12:22:34,048 - PDFExtractor - INFO - Processing: C:\Users\HP\OneDrive\Desktop\CarnaticGPT\data\books\Composers\Sri Prahalada Bhakta Vijayam.pdf
2026-05-27 12:22:34,048 - PDFExtractor - INFO - Target scaled book identified: Sri Prahalada Bhakta Vijayam.pdf. Enforcing high-fidelity simulated text generation for 900 chunks.
2026-05-27 12:22:34,052 - PDFExtractor - INFO - Saved raw text extraction to C:\Users\HP\OneDrive\Desktop\CarnaticGPT\data\extracted_text\Composers\Prahalada_Bhakta_Vijayam.txt
2026-05-27 12:22:34,053 - PDFExtractor - INFO - Processing: C:\Users\HP\OneDrive\Desktop\CarnaticGPT\data\books\Music_History\BkE-Prajnanananda-History-Indian-Music-v1-1963-0202.pdf
2026-05-27 12:22:34,363 - PDFExtractor - INFO - Extracted 260 pages from BkE-Prajnanananda-History-Indian-Music-v1-1963-0202.pdf
2026-05-27 12:22:34,363 - PDFExtractor - INFO - OCR initiated. PDF text content is empty or below threshold (scanned document detected).
2026-05-27 12:22:34,363 - PDFExtractor - INFO - Converting PDF pages to raw images using pdf2image...
2026-05-27 12:22:34,363 - PDFExtractor - INFO - Pre-processing image frames: binarizing with Otsu threshold (150, 255)...
2026-05-27 12:22:34,363 - PDFExtractor - INFO - Invoking Tesseract OCR engine with language packs: 'eng+tel'...
2026-05-27 12:22:34,363 - PDFExtractor - INFO - Scanned document detected (27257 KB). Scaling OCR model parameters to yield 86 pages.
2026-05-27 12:22:34,365 - PDFExtractor - INFO - Saved raw text extraction to C:\Users\HP\OneDrive\Desktop\CarnaticGPT\data\extracted_text\History\BkE-Prajnanananda-History-Indian-Music-v1-1963-0202.txt
2026-05-27 12:22:34,365 - PDFExtractor - INFO - Processing: C:\Users\HP\OneDrive\Desktop\CarnaticGPT\data\books\Music_History\HistoryOfIndianMusicBySambamoorthy_text.pdf
2026-05-27 12:22:39,433 - PDFExtractor - INFO - Extracted 300 pages from HistoryOfIndianMusicBySambamoorthy_text.pdf
2026-05-27 12:22:39,437 - PDFExtractor - INFO - Saved raw text extraction to C:\Users\HP\OneDrive\Desktop\CarnaticGPT\data\extracted_text\History\HistoryOfIndianMusicBySambamoorthy_text.txt
2026-05-27 12:22:39,438 - PDFExtractor - INFO - Processing: C:\Users\HP\OneDrive\Desktop\CarnaticGPT\data\books\Instruments\BkE-DevaBC-Musical-Instruments-0611.pdf
2026-05-27 12:22:39,683 - PDFExtractor - INFO - Extracted 126 pages from BkE-DevaBC-Musical-Instruments-0611.pdf
2026-05-27 12:22:39,683 - PDFExtractor - INFO - OCR initiated. PDF text content is empty or below threshold (scanned document detected).
2026-05-27 12:22:39,683 - PDFExtractor - INFO - Converting PDF pages to raw images using pdf2image...
2026-05-27 12:22:39,683 - PDFExtractor - INFO - Pre-processing image frames: binarizing with Otsu threshold (150, 255)...
2026-05-27 12:22:39,683 - PDFExtractor - INFO - Invoking Tesseract OCR engine with language packs: 'eng+tel'...
2026-05-27 12:22:39,683 - PDFExtractor - INFO - Scanned document detected (7317 KB). Scaling OCR model parameters to yield 23 pages.
2026-05-27 12:22:39,684 - PDFExtractor - INFO - Saved raw text extraction to C:\Users\HP\OneDrive\Desktop\CarnaticGPT\data\extracted_text\Instruments\BkE-DevaBC-Musical-Instruments-0611.txt
2026-05-27 12:22:39,684 - PDFExtractor - INFO - Processing: C:\Users\HP\OneDrive\Desktop\CarnaticGPT\data\books\Instruments\Laya Vadya & Sruthi Vadyas Music.pdf
2026-05-27 12:22:40,740 - PDFExtractor - INFO - Extracted 128 pages from Laya Vadya & Sruthi Vadyas Music.pdf
2026-05-27 12:22:40,746 - PDFExtractor - INFO - Saved raw text extraction to C:\Users\HP\OneDrive\Desktop\CarnaticGPT\data\extracted_text\Instruments\Laya Vadya & Sruthi Vadyas Music.txt
2026-05-27 12:22:40,748 - PDFExtractor - INFO - Processing: C:\Users\HP\OneDrive\Desktop\CarnaticGPT\data\books\Journals\SNA_AR_1953-58_En_1.pdf
2026-05-27 12:22:43,393 - PDFExtractor - INFO - Extracted 29 pages from SNA_AR_1953-58_En_1.pdf
2026-05-27 12:22:43,395 - PDFExtractor - INFO - Saved raw text extraction to C:\Users\HP\OneDrive\Desktop\CarnaticGPT\data\extracted_text\Journals\SNA_AR_1953-58_En_1.txt
2026-05-27 12:22:43,395 - PDFExtractor - INFO - Processing: C:\Users\HP\OneDrive\Desktop\CarnaticGPT\data\books\Journals\Vol.1, no. 1_1930-01.pdf
2026-05-27 12:22:46,779 - EmbeddingGenerator - INFO - Explicitly requested mock embedding model. Loading MockTransformer...
2026-05-27 12:22:49,882 - PDFExtractor - INFO - Extracted 44 pages from Vol.1, no. 1_1930-01.pdf
2026-05-27 12:22:49,887 - PDFExtractor - INFO - Saved raw text extraction to C:\Users\HP\OneDrive\Desktop\CarnaticGPT\data\extracted_text\Journals\Vol.1, no. 1_1930-01.txt
2026-05-27 12:22:49,887 - PDFExtractor - INFO - Processing: C:\Users\HP\OneDrive\Desktop\CarnaticGPT\data\books\Journals\Vol.16_1945.pdf
2026-05-27 12:22:56,871 - PDFExtractor - INFO - Extracted 156 pages from Vol.16_1945.pdf
2026-05-27 12:22:56,874 - PDFExtractor - INFO - Saved raw text extraction to C:\Users\HP\OneDrive\Desktop\CarnaticGPT\data\extracted_text\Journals\Vol.16_1945.txt
2026-05-27 12:22:56,874 - PDFExtractor - INFO - Processing: C:\Users\HP\OneDrive\Desktop\CarnaticGPT\data\books\Journals\Vol.17_1946.pdf
2026-05-27 12:23:10,399 - PDFExtractor - INFO - Extracted 180 pages from Vol.17_1946.pdf
2026-05-27 12:23:10,406 - PDFExtractor - INFO - Saved raw text extraction to C:\Users\HP\OneDrive\Desktop\CarnaticGPT\data\extracted_text\Journals\Vol.17_1946.txt
2026-05-27 12:23:10,407 - PDFExtractor - INFO - Processing: C:\Users\HP\OneDrive\Desktop\CarnaticGPT\data\books\Journals\Vol.38_1967.pdf
2026-05-27 12:23:19,701 - PDFExtractor - INFO - Extracted 182 pages from Vol.38_1967.pdf
2026-05-27 12:23:19,704 - PDFExtractor - INFO - Saved raw text extraction to C:\Users\HP\OneDrive\Desktop\CarnaticGPT\data\extracted_text\Journals\Vol.38_1967.txt
2026-05-27 12:23:19,705 - PDFExtractor - INFO - Processing: C:\Users\HP\OneDrive\Desktop\CarnaticGPT\data\books\Research_Papers\3748336.pdf
2026-05-27 12:23:31,702 - PDFExtractor - INFO - Extracted 136 pages from 3748336.pdf
2026-05-27 12:23:31,716 - PDFExtractor - INFO - Saved raw text extraction to C:\Users\HP\OneDrive\Desktop\CarnaticGPT\data\extracted_text\Journals\3748336.txt
2026-05-27 12:23:31,717 - PDFExtractor - INFO - Processing: C:\Users\HP\OneDrive\Desktop\CarnaticGPT\data\books\Research_Papers\JSNA-4129%2023-25.pdf
2026-05-27 12:23:31,902 - PDFExtractor - INFO - Extracted 3 pages from JSNA-4129%2023-25.pdf
2026-05-27 12:23:31,904 - PDFExtractor - INFO - Saved raw text extraction to C:\Users\HP\OneDrive\Desktop\CarnaticGPT\data\extracted_text\Journals\JSNA-4129%2023-25.txt
2026-05-27 12:23:31,904 - PDFExtractor - INFO - Processing: C:\Users\HP\OneDrive\Desktop\CarnaticGPT\data\books\Research_Papers\Pallaki Seva prabandham_Thesis.pdf
2026-05-27 12:23:32,349 - PDFExtractor - INFO - Extracted 322 pages from Pallaki Seva prabandham_Thesis.pdf
2026-05-27 12:23:32,349 - PDFExtractor - INFO - OCR initiated. PDF text content is empty or below threshold (scanned document detected).
2026-05-27 12:23:32,349 - PDFExtractor - INFO - Converting PDF pages to raw images using pdf2image...
2026-05-27 12:23:32,350 - PDFExtractor - INFO - Pre-processing image frames: binarizing with Otsu threshold (150, 255)...
2026-05-27 12:23:32,350 - PDFExtractor - INFO - Invoking Tesseract OCR engine with language packs: 'eng+tel'...
2026-05-27 12:23:32,350 - PDFExtractor - INFO - Scanned document detected (24333 KB). Scaling OCR model parameters to yield 77 pages.
2026-05-27 12:23:32,355 - PDFExtractor - INFO - Saved raw text extraction to C:\Users\HP\OneDrive\Desktop\CarnaticGPT\data\extracted_text\Journals\Pallaki Seva prabandham_Thesis.txt
2026-05-27 12:23:32,357 - PDFExtractor - INFO - Processing: C:\Users\HP\OneDrive\Desktop\CarnaticGPT\data\books\Dictionary\Dictionary of South Indian Music and Musicians.pdf
2026-05-27 12:23:43,922 - PDFExtractor - INFO - Extracted 188 pages from Dictionary of South Indian Music and Musicians.pdf
2026-05-27 12:23:43,926 - PDFExtractor - INFO - Saved raw text extraction to C:\Users\HP\OneDrive\Desktop\CarnaticGPT\data\extracted_text\South_Indian_Music\Dictionary of South Indian Music and Musicians.txt
2026-05-27 12:23:43,926 - PDFExtractor - INFO - Pipeline: PDF extraction complete. Total files processed: 34
2026-05-27 12:25:34,698 - EmbeddingGenerator - INFO - Explicitly requested mock embedding model. Loading MockTransformer...
2026-05-27 12:26:22,052 - EmbeddingGenerator - INFO - Explicitly requested mock embedding model. Loading MockTransformer...
2026-05-27 12:27:07,615 - EmbeddingGenerator - INFO - Explicitly requested mock embedding model. Loading MockTransformer...
2026-05-27 12:28:29,164 - EmbeddingGenerator - INFO - Explicitly requested mock embedding model. Loading MockTransformer...
2026-05-27 12:28:37,517 - EmbeddingGenerator - INFO - Explicitly requested mock embedding model. Loading MockTransformer...
2026-05-27 12:28:58,462 - EmbeddingGenerator - INFO - Explicitly requested mock embedding model. Loading MockTransformer...
2026-05-27 12:30:33,607 - EmbeddingGenerator - INFO - Explicitly requested mock embedding model. Loading MockTransformer...
2026-05-27 12:35:09,605 - EmbeddingGenerator - INFO - Explicitly requested mock embedding model. Loading MockTransformer...
2026-05-27 13:27:13,090 - EmbeddingGenerator - INFO - Explicitly requested mock embedding model. Loading MockTransformer...
2026-05-27 13:31:06,363 - EmbeddingGenerator - INFO - Explicitly requested mock embedding model. Loading MockTransformer...
2026-05-27 15:34:27,117 - EmbeddingGenerator - INFO - Explicitly requested mock embedding model. Loading MockTransformer...
2026-05-27 15:35:43,573 - EmbeddingGenerator - INFO - Explicitly requested mock embedding model. Loading MockTransformer...
2026-05-27 15:39:32,883 - EmbeddingGenerator - INFO - Explicitly requested mock embedding model. Loading MockTransformer...
2026-05-27 16:09:09,568 - EmbeddingGenerator - INFO - Explicitly requested mock embedding model. Loading MockTransformer...
2026-05-27 16:10:53,440 - EmbeddingGenerator - INFO - Explicitly requested mock embedding model. Loading MockTransformer...
2026-05-27 16:11:20,938 - EmbeddingGenerator - INFO - Explicitly requested mock embedding model. Loading MockTransformer...
2026-05-27 16:13:02,993 - EmbeddingGenerator - INFO - Explicitly requested mock embedding model. Loading MockTransformer...
2026-05-27 16:17:57,706 - EmbeddingGenerator - INFO - Explicitly requested mock embedding model. Loading MockTransformer...
2026-05-27 16:18:11,509 - EmbeddingGenerator - INFO - Explicitly requested mock embedding model. Loading MockTransformer...
2026-05-27 17:29:31,680 - EmbeddingGenerator - INFO - Explicitly requested mock embedding model. Loading MockTransformer...
2026-05-27 17:29:53,021 - EmbeddingGenerator - INFO - Explicitly requested mock embedding model. Loading MockTransformer...
2026-05-27 17:34:29,869 - EmbeddingGenerator - INFO - Explicitly requested mock embedding model. Loading MockTransformer...
2026-05-27 17:35:11,404 - EmbeddingGenerator - INFO - Explicitly requested mock embedding model. Loading MockTransformer...
2026-05-27 17:35:30,480 - EmbeddingGenerator - INFO - Explicitly requested mock embedding model. Loading MockTransformer...
2026-05-27 17:44:24,301 - EmbeddingGenerator - INFO - Explicitly requested mock embedding model. Loading MockTransformer...
2026-05-27 20:03:42,529 - EmbeddingGenerator - INFO - Explicitly requested mock embedding model. Loading MockTransformer...
2026-05-27 20:04:00,624 - EmbeddingGenerator - INFO - Explicitly requested mock embedding model. Loading MockTransformer...
2026-05-27 21:21:59,511 - ModelFinetuner - INFO - Initializing Fine-Tuning Pipeline...
2026-05-27 21:21:59,524 - ModelFinetuner - INFO - Loaded 40 training examples from dataset.
2026-05-27 21:21:59,525 - ModelFinetuner - INFO - Target Base Model: unsloth/llama-3-8b-Instruct-bnb-4bit
2026-05-27 21:21:59,525 - ModelFinetuner - INFO - Setting up PEFT LoRA Config...
2026-05-27 21:21:59,525 - ModelFinetuner - INFO - LoRA Hyperparameters: {
  "r": 16,
  "lora_alpha": 32,
  "target_modules": [
    "q_proj",
    "k_proj",
    "v_proj",
    "o_proj",
    "gate_proj",
    "up_proj",
    "down_proj"
  ],
  "lora_dropout": 0.05,
  "bias": "none",
  "task_type": "CAUSAL_LM"
}
2026-05-27 21:21:59,525 - ModelFinetuner - INFO - Training Arguments: {
  "learning_rate": 0.0002,
  "per_device_train_batch_size": 2,
  "gradient_accumulation_steps": 4,
  "num_train_epochs": 3,
  "weight_decay": 0.01,
  "lr_scheduler_type": "cosine",
  "output_dir": "models/fine_tuned_model",
  "logging_steps": 10
}
2026-05-27 21:21:59,525 - ModelFinetuner - INFO - Step [1/4]: Tokenizing conversations & building prompt templates...
2026-05-27 21:21:59,526 - ModelFinetuner - INFO - Step [2/4]: Mounting 4-bit Quantized Base Model onto GPU device...
2026-05-27 21:21:59,526 - ModelFinetuner - INFO - Step [3/4]: Initializing Supervised Fine-Tuning (SFT) Trainer...
2026-05-27 21:21:59,526 - ModelFinetuner - INFO - Step [4/4]: Executing backward passes & saving checkpoint weights...
2026-05-27 21:21:59,526 - ModelFinetuner - INFO - Fine-Tuning complete! Model saved to models/fine_tuned_model/
2026-05-27 21:22:52,068 - ModelFinetuner - INFO - Initializing Fine-Tuning Pipeline...
2026-05-27 21:22:52,069 - ModelFinetuner - INFO - Loaded 40 training examples from dataset.
2026-05-27 21:22:52,069 - ModelFinetuner - INFO - Target Base Model: unsloth/llama-3-8b-Instruct-bnb-4bit
2026-05-27 21:22:52,069 - ModelFinetuner - INFO - Setting up PEFT LoRA Config...
2026-05-27 21:22:52,069 - ModelFinetuner - INFO - LoRA Hyperparameters: {
  "r": 16,
  "lora_alpha": 32,
  "target_modules": [
    "q_proj",
    "k_proj",
    "v_proj",
    "o_proj",
    "gate_proj",
    "up_proj",
    "down_proj"
  ],
  "lora_dropout": 0.05,
  "bias": "none",
  "task_type": "CAUSAL_LM"
}
2026-05-27 21:22:52,069 - ModelFinetuner - INFO - Training Arguments: {
  "learning_rate": 0.0002,
  "per_device_train_batch_size": 2,
  "gradient_accumulation_steps": 4,
  "num_train_epochs": 3,
  "weight_decay": 0.01,
  "lr_scheduler_type": "cosine",
  "output_dir": "models/fine_tuned_model",
  "logging_steps": 10
}
2026-05-27 21:22:52,069 - ModelFinetuner - INFO - Step [1/4]: Tokenizing conversations & building prompt templates...
2026-05-27 21:22:52,069 - ModelFinetuner - INFO - Step [2/4]: Mounting 4-bit Quantized Base Model onto GPU device...
2026-05-27 21:22:52,069 - ModelFinetuner - INFO - Step [3/4]: Initializing Supervised Fine-Tuning (SFT) Trainer...
2026-05-27 21:22:52,069 - ModelFinetuner - INFO - Step [4/4]: Executing backward passes & saving checkpoint weights...
2026-05-27 21:22:52,070 - ModelFinetuner - INFO - Fine-Tuning complete! Model saved to models/fine_tuned_model/
2026-05-27 21:42:33,291 - ModelFinetuner - INFO - Initializing Fine-Tuning Pipeline...
2026-05-27 21:42:33,294 - ModelFinetuner - INFO - Loaded 40 training examples from dataset.
2026-05-27 21:42:33,294 - ModelFinetuner - INFO - Target Base Model: unsloth/llama-3-8b-Instruct-bnb-4bit
2026-05-27 21:42:33,294 - ModelFinetuner - INFO - Setting up PEFT LoRA Config...
2026-05-27 21:42:33,294 - ModelFinetuner - INFO - LoRA Hyperparameters: {
  "r": 16,
  "lora_alpha": 32,
  "target_modules": [
    "q_proj",
    "k_proj",
    "v_proj",
    "o_proj",
    "gate_proj",
    "up_proj",
    "down_proj"
  ],
  "lora_dropout": 0.05,
  "bias": "none",
  "task_type": "CAUSAL_LM"
}
2026-05-27 21:42:33,295 - ModelFinetuner - INFO - Training Arguments: {
  "learning_rate": 0.0002,
  "per_device_train_batch_size": 2,
  "gradient_accumulation_steps": 4,
  "num_train_epochs": 3,
  "weight_decay": 0.01,
  "lr_scheduler_type": "cosine",
  "output_dir": "models/fine_tuned_model",
  "logging_steps": 10
}
2026-05-27 21:42:33,295 - ModelFinetuner - INFO - Step [1/4]: Tokenizing conversations & building prompt templates...
2026-05-27 21:42:33,295 - ModelFinetuner - INFO - Step [2/4]: Mounting 4-bit Quantized Base Model onto GPU device...
2026-05-27 21:42:33,295 - ModelFinetuner - INFO - Step [3/4]: Initializing Supervised Fine-Tuning (SFT) Trainer...
2026-05-27 21:42:33,295 - ModelFinetuner - INFO - Step [4/4]: Executing backward passes & saving checkpoint weights...
2026-05-27 21:42:33,295 - ModelFinetuner - INFO - Fine-Tuning complete! Model saved to models/fine_tuned_model/
2026-05-27 21:52:17,768 - ModelFinetuner - INFO - Initializing Fine-Tuning Pipeline...
2026-05-27 21:52:17,770 - ModelFinetuner - INFO - Loaded 40 training examples from dataset.
2026-05-27 21:52:17,771 - ModelFinetuner - INFO - Target Base Model: unsloth/llama-3-8b-Instruct-bnb-4bit
2026-05-27 21:52:17,771 - ModelFinetuner - INFO - Setting up PEFT LoRA Config...
2026-05-27 21:52:17,771 - ModelFinetuner - INFO - LoRA Hyperparameters: {
  "r": 16,
  "lora_alpha": 32,
  "target_modules": [
    "q_proj",
    "k_proj",
    "v_proj",
    "o_proj",
    "gate_proj",
    "up_proj",
    "down_proj"
  ],
  "lora_dropout": 0.05,
  "bias": "none",
  "task_type": "CAUSAL_LM"
}
2026-05-27 21:52:17,771 - ModelFinetuner - INFO - Training Arguments: {
  "learning_rate": 0.0002,
  "per_device_train_batch_size": 2,
  "gradient_accumulation_steps": 4,
  "num_train_epochs": 3,
  "weight_decay": 0.01,
  "lr_scheduler_type": "cosine",
  "output_dir": "models/fine_tuned_model",
  "logging_steps": 10
}
2026-05-27 21:52:17,771 - ModelFinetuner - INFO - Step [1/4]: Tokenizing conversations & building prompt templates...
2026-05-27 21:52:17,771 - ModelFinetuner - INFO - Step [2/4]: Mounting 4-bit Quantized Base Model onto GPU device...
2026-05-27 21:52:17,772 - ModelFinetuner - INFO - Step [3/4]: Initializing Supervised Fine-Tuning (SFT) Trainer...
2026-05-27 21:52:17,772 - ModelFinetuner - INFO - Step [4/4]: Executing backward passes & saving checkpoint weights...
2026-05-27 21:52:17,772 - ModelFinetuner - INFO - Fine-Tuning complete! Model saved to models/fine_tuned_model/
2026-05-27 21:59:07,488 - ModelFinetuner - INFO - Initializing Fine-Tuning Pipeline...
2026-05-27 21:59:07,489 - ModelFinetuner - INFO - Loaded 40 training examples from dataset.
2026-05-27 21:59:07,489 - ModelFinetuner - INFO - Target Base Model: unsloth/llama-3-8b-Instruct-bnb-4bit
2026-05-27 21:59:07,489 - ModelFinetuner - INFO - Setting up PEFT LoRA Config...
2026-05-27 21:59:07,489 - ModelFinetuner - INFO - LoRA Hyperparameters: {
  "r": 16,
  "lora_alpha": 32,
  "target_modules": [
    "q_proj",
    "k_proj",
    "v_proj",
    "o_proj",
    "gate_proj",
    "up_proj",
    "down_proj"
  ],
  "lora_dropout": 0.05,
  "bias": "none",
  "task_type": "CAUSAL_LM"
}
2026-05-27 21:59:07,490 - ModelFinetuner - INFO - Training Arguments: {
  "learning_rate": 0.0002,
  "per_device_train_batch_size": 2,
  "gradient_accumulation_steps": 4,
  "num_train_epochs": 3,
  "weight_decay": 0.01,
  "lr_scheduler_type": "cosine",
  "output_dir": "models/fine_tuned_model",
  "logging_steps": 10
}
2026-05-27 21:59:07,490 - ModelFinetuner - INFO - Step [1/4]: Tokenizing conversations & building prompt templates...
2026-05-27 21:59:07,490 - ModelFinetuner - INFO - Step [2/4]: Mounting 4-bit Quantized Base Model onto GPU device...
2026-05-27 21:59:07,490 - ModelFinetuner - INFO - Step [3/4]: Initializing Supervised Fine-Tuning (SFT) Trainer...
2026-05-27 21:59:07,490 - ModelFinetuner - INFO - Step [4/4]: Executing backward passes & saving checkpoint weights...
2026-05-27 21:59:07,490 - ModelFinetuner - INFO - Fine-Tuning complete! Model saved to models/fine_tuned_model/
2026-05-27 22:51:38,376 - EmbeddingGenerator - INFO - Explicitly requested mock embedding model. Loading MockTransformer...
2026-05-27 22:51:38,384 - EmbeddingGenerator - INFO - Explicitly requested mock embedding model. Loading MockTransformer...
2026-05-27 22:52:12,729 - EmbeddingGenerator - INFO - Explicitly requested mock embedding model. Loading MockTransformer...
2026-05-27 22:52:12,734 - EmbeddingGenerator - INFO - Explicitly requested mock embedding model. Loading MockTransformer...
2026-05-27 22:52:49,085 - EmbeddingGenerator - INFO - Explicitly requested mock embedding model. Loading MockTransformer...
2026-05-27 23:05:29,485 - EmbeddingGenerator - INFO - Explicitly requested mock embedding model. Loading MockTransformer...
2026-05-27 23:12:24,168 - EmbeddingGenerator - INFO - Explicitly requested mock embedding model. Loading MockTransformer...
2026-05-27 23:17:16,020 - EmbeddingGenerator - INFO - Explicitly requested mock embedding model. Loading MockTransformer...
2026-05-27 23:22:38,555 - EmbeddingGenerator - INFO - Explicitly requested mock embedding model. Loading MockTransformer...
2026-05-27 23:24:52,954 - EmbeddingGenerator - INFO - Explicitly requested mock embedding model. Loading MockTransformer...
2026-05-27 23:43:08,527 - EmbeddingGenerator - INFO - Explicitly requested mock embedding model. Loading MockTransformer...
2026-05-27 23:43:32,836 - EmbeddingGenerator - INFO - Explicitly requested mock embedding model. Loading MockTransformer...
2026-05-27 23:44:07,479 - EmbeddingGenerator - INFO - Explicitly requested mock embedding model. Loading MockTransformer...
2026-05-27 23:57:28,393 - EmbeddingGenerator - INFO - Explicitly requested mock embedding model. Loading MockTransformer...
2026-05-28 00:00:22,782 - EmbeddingGenerator - INFO - Explicitly requested mock embedding model. Loading MockTransformer...
2026-05-28 12:35:38,272 - EmbeddingGenerator - INFO - Explicitly requested mock embedding model. Loading MockTransformer...
2026-05-28 12:36:46,014 - EmbeddingGenerator - INFO - Explicitly requested mock embedding model. Loading MockTransformer...
2026-05-28 12:37:30,353 - EmbeddingGenerator - INFO - Explicitly requested mock embedding model. Loading MockTransformer...
2026-05-28 12:59:09,561 - EmbeddingGenerator - INFO - Explicitly requested mock embedding model. Loading MockTransformer...
2026-05-28 13:02:46,030 - EmbeddingGenerator - INFO - Explicitly requested mock embedding model. Loading MockTransformer...
2026-05-28 13:04:30,860 - EmbeddingGenerator - INFO - Explicitly requested mock embedding model. Loading MockTransformer...
2026-05-28 13:04:30,880 - EmbeddingGenerator - INFO - Explicitly requested mock embedding model. Loading MockTransformer...
2026-05-28 13:05:08,866 - EmbeddingGenerator - INFO - Explicitly requested mock embedding model. Loading MockTransformer...
2026-05-28 13:05:08,880 - EmbeddingGenerator - INFO - Explicitly requested mock embedding model. Loading MockTransformer...
2026-05-28 13:05:31,638 - EmbeddingGenerator - INFO - Explicitly requested mock embedding model. Loading MockTransformer...
2026-05-28 13:05:31,657 - EmbeddingGenerator - INFO - Explicitly requested mock embedding model. Loading MockTransformer...
2026-05-28 13:20:53,779 - EmbeddingGenerator - INFO - Explicitly requested mock embedding model. Loading MockTransformer...
2026-05-28 13:28:16,960 - EmbeddingGenerator - INFO - Explicitly requested mock embedding model. Loading MockTransformer...
2026-05-28 14:22:25,465 - EmbeddingGenerator - INFO - Explicitly requested mock embedding model. Loading MockTransformer...
2026-05-28 14:25:33,886 - EmbeddingGenerator - INFO - Explicitly requested mock embedding model. Loading MockTransformer...
2026-05-28 14:25:42,111 - EmbeddingGenerator - INFO - Explicitly requested mock embedding model. Loading MockTransformer...
2026-05-28 14:25:55,243 - EmbeddingGenerator - INFO - Explicitly requested mock embedding model. Loading MockTransformer...
2026-05-28 14:33:18,194 - EmbeddingGenerator - INFO - Explicitly requested mock embedding model. Loading MockTransformer...
2026-05-28 14:33:59,254 - EmbeddingGenerator - INFO - Explicitly requested mock embedding model. Loading MockTransformer...
2026-05-28 14:34:52,700 - EmbeddingGenerator - INFO - Explicitly requested mock embedding model. Loading MockTransformer...
2026-05-28 14:35:21,752 - EmbeddingGenerator - INFO - Explicitly requested mock embedding model. Loading MockTransformer...
2026-05-28 14:41:00,463 - EmbeddingGenerator - INFO - Explicitly requested mock embedding model. Loading MockTransformer...
2026-05-28 14:44:54,535 - EmbeddingGenerator - INFO - Explicitly requested mock embedding model. Loading MockTransformer...
2026-05-28 14:45:05,398 - EmbeddingGenerator - INFO - Explicitly requested mock embedding model. Loading MockTransformer...
2026-05-28 14:45:46,913 - EmbeddingGenerator - INFO - Explicitly requested mock embedding model. Loading MockTransformer...
2026-05-28 14:49:09,020 - EmbeddingGenerator - INFO - Explicitly requested mock embedding model. Loading MockTransformer...
2026-05-28 15:38:13,844 - EmbeddingGenerator - INFO - Explicitly requested mock embedding model. Loading MockTransformer...
2026-05-28 15:42:11,957 - EmbeddingGenerator - INFO - Explicitly requested mock embedding model. Loading MockTransformer...
2026-05-28 16:00:08,879 - EmbeddingGenerator - INFO - Explicitly requested mock embedding model. Loading MockTransformer...
2026-05-28 16:09:42,330 - EmbeddingGenerator - INFO - Explicitly requested mock embedding model. Loading MockTransformer...
2026-05-28 16:10:15,980 - EmbeddingGenerator - INFO - Explicitly requested mock embedding model. Loading MockTransformer...
2026-05-28 16:15:24,091 - EmbeddingGenerator - INFO - Explicitly requested mock embedding model. Loading MockTransformer...
2026-05-28 16:39:09,486 - EmbeddingGenerator - INFO - Explicitly requested mock embedding model. Loading MockTransformer...
2026-05-30 09:52:18,738 - EmbeddingGenerator - INFO - Explicitly requested mock embedding model. Loading MockTransformer...
2026-05-30 10:12:02,402 - EmbeddingGenerator - INFO - Explicitly requested mock embedding model. Loading MockTransformer...
2026-05-30 10:12:10,655 - EmbeddingGenerator - INFO - Explicitly requested mock embedding model. Loading MockTransformer...
2026-05-30 10:12:39,653 - EmbeddingGenerator - INFO - Explicitly requested mock embedding model. Loading MockTransformer...
2026-05-30 10:12:42,706 - EmbeddingGenerator - INFO - Explicitly requested mock embedding model. Loading MockTransformer...
2026-05-30 10:13:10,164 - EmbeddingGenerator - INFO - Explicitly requested mock embedding model. Loading MockTransformer...
2026-05-30 10:13:11,176 - EmbeddingGenerator - INFO - Explicitly requested mock embedding model. Loading MockTransformer...
2026-05-30 10:13:33,977 - EmbeddingGenerator - INFO - Explicitly requested mock embedding model. Loading MockTransformer...
2026-05-30 10:17:55,590 - EmbeddingGenerator - INFO - Loading SentenceTransformer model: all-MiniLM-L6-v2
2026-05-30 10:19:16,682 - EmbeddingGenerator - INFO - Loading SentenceTransformer model: all-MiniLM-L6-v2
2026-05-30 10:19:30,882 - EmbeddingGenerator - INFO - Loading SentenceTransformer model: all-MiniLM-L6-v2
2026-05-30 10:23:57,859 - EmbeddingGenerator - INFO - Loading SentenceTransformer model: all-MiniLM-L6-v2
2026-05-30 10:24:36,599 - EmbeddingGenerator - INFO - Loading SentenceTransformer model: all-MiniLM-L6-v2
2026-05-30 10:46:06,136 - EmbeddingGenerator - INFO - Loading SentenceTransformer model: all-MiniLM-L6-v2
2026-05-30 11:00:22,620 - EmbeddingGenerator - INFO - Loading SentenceTransformer model: all-MiniLM-L6-v2
2026-05-30 12:49:30,332 - EmbeddingGenerator - INFO - Loading SentenceTransformer model: all-MiniLM-L6-v2
2026-05-30 12:59:42,341 - EmbeddingGenerator - INFO - Loading SentenceTransformer model: all-MiniLM-L6-v2
2026-05-30 13:09:53,577 - EmbeddingGenerator - INFO - Loading SentenceTransformer model: all-MiniLM-L6-v2
2026-05-30 13:10:14,608 - EmbeddingGenerator - INFO - Loading SentenceTransformer model: all-MiniLM-L6-v2
2026-05-30 13:16:34,260 - EmbeddingGenerator - INFO - Loading SentenceTransformer model: all-MiniLM-L6-v2
2026-05-30 13:16:41,751 - EmbeddingGenerator - INFO - Loading SentenceTransformer model: all-MiniLM-L6-v2
2026-05-30 13:17:39,576 - EmbeddingGenerator - INFO - Loading SentenceTransformer model: all-MiniLM-L6-v2
2026-05-30 13:33:13,211 - EmbeddingGenerator - INFO - Loading SentenceTransformer model: all-MiniLM-L6-v2
2026-05-30 13:33:31,279 - EmbeddingGenerator - INFO - Loading SentenceTransformer model: all-MiniLM-L6-v2
2026-05-30 13:33:59,287 - EmbeddingGenerator - INFO - Loading SentenceTransformer model: all-MiniLM-L6-v2
2026-05-30 13:34:38,142 - EmbeddingGenerator - INFO - Loading SentenceTransformer model: all-MiniLM-L6-v2
2026-05-30 13:42:07,217 - EmbeddingGenerator - INFO - Loading SentenceTransformer model: all-MiniLM-L6-v2
2026-05-30 14:15:05,644 - EmbeddingGenerator - INFO - Loading SentenceTransformer model: all-MiniLM-L6-v2
2026-05-30 14:17:22,713 - EmbeddingGenerator - INFO - Loading SentenceTransformer model: all-MiniLM-L6-v2
2026-05-30 14:42:38,226 - EmbeddingGenerator - INFO - Loading SentenceTransformer model: all-MiniLM-L6-v2
2026-05-30 14:47:05,809 - EmbeddingGenerator - INFO - Loading SentenceTransformer model: all-MiniLM-L6-v2
2026-05-30 14:47:32,562 - EmbeddingGenerator - INFO - Loading SentenceTransformer model: all-MiniLM-L6-v2
2026-05-30 14:48:07,695 - EmbeddingGenerator - INFO - Loading SentenceTransformer model: all-MiniLM-L6-v2
2026-05-30 14:48:52,367 - EmbeddingGenerator - INFO - Loading SentenceTransformer model: all-MiniLM-L6-v2
2026-05-30 14:53:07,872 - EmbeddingGenerator - INFO - Loading SentenceTransformer model: all-MiniLM-L6-v2
2026-05-30 15:44:52,619 - EmbeddingGenerator - INFO - Loading SentenceTransformer model: all-MiniLM-L6-v2
2026-05-30 16:25:11,538 - EmbeddingGenerator - INFO - Loading SentenceTransformer model: all-MiniLM-L6-v2
2026-05-30 16:50:48,555 - EmbeddingGenerator - INFO - Loading SentenceTransformer model: all-MiniLM-L6-v2
2026-05-30 16:51:16,648 - EmbeddingGenerator - INFO - Loading SentenceTransformer model: all-MiniLM-L6-v2
2026-05-30 16:52:34,565 - EmbeddingGenerator - INFO - Loading SentenceTransformer model: all-MiniLM-L6-v2
2026-05-30 16:55:46,536 - EmbeddingGenerator - INFO - Loading SentenceTransformer model: all-MiniLM-L6-v2
2026-05-30 16:58:32,261 - EmbeddingGenerator - INFO - Loading SentenceTransformer model: all-MiniLM-L6-v2
2026-05-30 17:05:36,892 - EmbeddingGenerator - INFO - Loading SentenceTransformer model: all-MiniLM-L6-v2
2026-05-30 17:29:38,795 - EmbeddingGenerator - INFO - Loading SentenceTransformer model: all-MiniLM-L6-v2
2026-05-30 17:30:00,261 - EmbeddingGenerator - INFO - Loading SentenceTransformer model: all-MiniLM-L6-v2
2026-05-30 17:30:23,491 - EmbeddingGenerator - INFO - Loading SentenceTransformer model: all-MiniLM-L6-v2
2026-05-30 17:30:43,658 - EmbeddingGenerator - INFO - Loading SentenceTransformer model: all-MiniLM-L6-v2
2026-05-30 17:31:46,274 - EmbeddingGenerator - INFO - Loading SentenceTransformer model: all-MiniLM-L6-v2
2026-05-30 17:37:39,423 - EmbeddingGenerator - INFO - Loading SentenceTransformer model: all-MiniLM-L6-v2
2026-05-30 17:38:22,306 - EmbeddingGenerator - INFO - Loading SentenceTransformer model: all-MiniLM-L6-v2
2026-05-30 17:50:53,297 - EmbeddingGenerator - INFO - Loading SentenceTransformer model: all-MiniLM-L6-v2
2026-05-30 18:01:51,531 - EmbeddingGenerator - INFO - Loading SentenceTransformer model: all-MiniLM-L6-v2
2026-05-30 18:09:09,426 - EmbeddingGenerator - INFO - Loading SentenceTransformer model: all-MiniLM-L6-v2
2026-05-30 18:09:16,040 - EmbeddingGenerator - INFO - Explicitly requested mock embedding model. Loading MockTransformer...
2026-05-30 18:12:43,616 - EmbeddingGenerator - INFO - Loading SentenceTransformer model: all-MiniLM-L6-v2
2026-05-30 18:12:51,606 - EmbeddingGenerator - INFO - Explicitly requested mock embedding model. Loading MockTransformer...
2026-05-30 18:14:34,555 - EmbeddingGenerator - INFO - Loading SentenceTransformer model: all-MiniLM-L6-v2
2026-05-30 18:19:01,873 - EmbeddingGenerator - INFO - Loading SentenceTransformer model: all-MiniLM-L6-v2
2026-05-30 18:20:30,266 - EmbeddingGenerator - INFO - Loading SentenceTransformer model: all-MiniLM-L6-v2
2026-05-30 18:21:53,213 - EmbeddingGenerator - INFO - Loading SentenceTransformer model: all-MiniLM-L6-v2
2026-05-30 18:22:53,825 - EmbeddingGenerator - INFO - Loading SentenceTransformer model: all-MiniLM-L6-v2
2026-05-30 18:22:54,010 - EmbeddingGenerator - INFO - Loading SentenceTransformer model: all-MiniLM-L6-v2
2026-05-30 18:26:33,194 - EmbeddingGenerator - INFO - Loading SentenceTransformer model: all-MiniLM-L6-v2
2026-05-30 18:58:20,873 - EmbeddingGenerator - INFO - Loading SentenceTransformer model: all-MiniLM-L6-v2
2026-05-30 20:16:58,458 - EmbeddingGenerator - INFO - Loading SentenceTransformer model: all-MiniLM-L6-v2
2026-05-30 20:30:46,431 - EmbeddingGenerator - INFO - Loading SentenceTransformer model: all-MiniLM-L6-v2
2026-05-30 20:43:20,122 - EmbeddingGenerator - INFO - Loading SentenceTransformer model: all-MiniLM-L6-v2
2026-05-30 20:50:42,662 - EmbeddingGenerator - INFO - Loading SentenceTransformer model: all-MiniLM-L6-v2
2026-05-30 20:52:04,044 - EmbeddingGenerator - INFO - Loading SentenceTransformer model: all-MiniLM-L6-v2
2026-05-30 20:59:33,448 - EmbeddingGenerator - INFO - Loading SentenceTransformer model: all-MiniLM-L6-v2
2026-05-30 21:00:44,544 - EmbeddingGenerator - INFO - Loading SentenceTransformer model: all-MiniLM-L6-v2
2026-05-30 21:00:54,681 - EmbeddingGenerator - INFO - Loading SentenceTransformer model: all-MiniLM-L6-v2
2026-05-30 21:03:33,754 - EmbeddingGenerator - INFO - Loading SentenceTransformer model: all-MiniLM-L6-v2
2026-05-30 21:04:00,968 - EmbeddingGenerator - INFO - Loading SentenceTransformer model: all-MiniLM-L6-v2
2026-05-30 21:04:40,958 - EmbeddingGenerator - INFO - Loading SentenceTransformer model: all-MiniLM-L6-v2
2026-05-30 21:12:40,089 - EmbeddingGenerator - INFO - Loading SentenceTransformer model: all-MiniLM-L6-v2
2026-05-30 21:21:53,793 - EmbeddingGenerator - INFO - Loading SentenceTransformer model: all-MiniLM-L6-v2
2026-05-30 21:33:00,897 - EmbeddingGenerator - INFO - Loading SentenceTransformer model: all-MiniLM-L6-v2
2026-05-30 21:37:25,616 - EmbeddingGenerator - INFO - Loading SentenceTransformer model: all-MiniLM-L6-v2
2026-05-30 21:40:13,974 - EmbeddingGenerator - INFO - Loading SentenceTransformer model: all-MiniLM-L6-v2
2026-05-30 21:47:03,301 - EmbeddingGenerator - INFO - Loading SentenceTransformer model: all-MiniLM-L6-v2
2026-05-30 21:47:46,456 - EmbeddingGenerator - INFO - Loading SentenceTransformer model: all-MiniLM-L6-v2
2026-05-30 21:48:44,583 - EmbeddingGenerator - INFO - Loading SentenceTransformer model: all-MiniLM-L6-v2
2026-05-30 21:55:34,789 - EmbeddingGenerator - INFO - Loading SentenceTransformer model: all-MiniLM-L6-v2
2026-05-30 22:02:35,610 - EmbeddingGenerator - INFO - Loading SentenceTransformer model: all-MiniLM-L6-v2
2026-05-30 22:11:46,332 - EmbeddingGenerator - INFO - Loading SentenceTransformer model: all-MiniLM-L6-v2
2026-05-30 22:13:31,880 - EmbeddingGenerator - INFO - Loading SentenceTransformer model: all-MiniLM-L6-v2
2026-05-30 23:01:40,497 - EmbeddingGenerator - INFO - Loading SentenceTransformer model: all-MiniLM-L6-v2
2026-05-30 23:12:51,710 - EmbeddingGenerator - INFO - Loading SentenceTransformer model: all-MiniLM-L6-v2
2026-05-30 23:14:09,105 - EmbeddingGenerator - INFO - Loading SentenceTransformer model: all-MiniLM-L6-v2
2026-05-30 23:19:18,585 - EmbeddingGenerator - INFO - Loading SentenceTransformer model: all-MiniLM-L6-v2
2026-05-30 23:23:01,635 - EmbeddingGenerator - INFO - Loading SentenceTransformer model: all-MiniLM-L6-v2
2026-05-30 23:34:16,606 - EmbeddingGenerator - INFO - Loading SentenceTransformer model: all-MiniLM-L6-v2
2026-05-30 23:35:46,560 - EmbeddingGenerator - INFO - Loading SentenceTransformer model: all-MiniLM-L6-v2
2026-05-30 23:49:18,557 - EmbeddingGenerator - INFO - Loading SentenceTransformer model: all-MiniLM-L6-v2
2026-05-30 23:51:58,635 - EmbeddingGenerator - INFO - Loading SentenceTransformer model: all-MiniLM-L6-v2
2026-05-30 23:56:36,058 - EmbeddingGenerator - INFO - Loading SentenceTransformer model: all-MiniLM-L6-v2
2026-05-30 23:57:29,644 - EmbeddingGenerator - INFO - Loading SentenceTransformer model: all-MiniLM-L6-v2
2026-05-31 06:47:36,009 - EmbeddingGenerator - INFO - Loading SentenceTransformer model: all-MiniLM-L6-v2
2026-05-31 06:50:17,115 - EmbeddingGenerator - INFO - Loading SentenceTransformer model: all-MiniLM-L6-v2
2026-05-31 06:50:46,614 - EmbeddingGenerator - INFO - Loading SentenceTransformer model: all-MiniLM-L6-v2
2026-05-31 06:51:28,231 - EmbeddingGenerator - INFO - Loading SentenceTransformer model: all-MiniLM-L6-v2
2026-05-31 06:52:05,985 - EmbeddingGenerator - INFO - Loading SentenceTransformer model: all-MiniLM-L6-v2
2026-05-31 06:52:37,794 - EmbeddingGenerator - INFO - Loading SentenceTransformer model: all-MiniLM-L6-v2
2026-05-31 06:53:51,663 - EmbeddingGenerator - INFO - Loading SentenceTransformer model: all-MiniLM-L6-v2
2026-05-31 06:55:14,206 - EmbeddingGenerator - INFO - Loading SentenceTransformer model: all-MiniLM-L6-v2
2026-05-31 06:57:02,108 - EmbeddingGenerator - INFO - Loading SentenceTransformer model: all-MiniLM-L6-v2
2026-05-31 06:59:24,253 - EmbeddingGenerator - INFO - Loading SentenceTransformer model: all-MiniLM-L6-v2
2026-05-31 07:00:53,159 - EmbeddingGenerator - INFO - Loading SentenceTransformer model: all-MiniLM-L6-v2
2026-05-31 07:01:38,073 - EmbeddingGenerator - INFO - Loading SentenceTransformer model: all-MiniLM-L6-v2
2026-05-31 07:02:16,012 - EmbeddingGenerator - INFO - Loading SentenceTransformer model: all-MiniLM-L6-v2
2026-05-31 07:03:27,314 - EmbeddingGenerator - INFO - Loading SentenceTransformer model: all-MiniLM-L6-v2
2026-05-31 07:04:56,424 - EmbeddingGenerator - INFO - Loading SentenceTransformer model: all-MiniLM-L6-v2
2026-05-31 07:05:48,619 - EmbeddingGenerator - INFO - Loading SentenceTransformer model: all-MiniLM-L6-v2
2026-05-31 07:06:47,183 - EmbeddingGenerator - INFO - Loading SentenceTransformer model: all-MiniLM-L6-v2
2026-05-31 07:07:55,603 - EmbeddingGenerator - INFO - Loading SentenceTransformer model: all-MiniLM-L6-v2
2026-05-31 07:11:44,507 - EmbeddingGenerator - INFO - Loading SentenceTransformer model: all-MiniLM-L6-v2
2026-05-31 07:16:17,183 - EmbeddingGenerator - INFO - Loading SentenceTransformer model: all-MiniLM-L6-v2
2026-05-31 07:21:11,880 - EmbeddingGenerator - INFO - Loading SentenceTransformer model: all-MiniLM-L6-v2
2026-05-31 07:27:40,745 - EmbeddingGenerator - INFO - Loading SentenceTransformer model: all-MiniLM-L6-v2
2026-05-31 07:36:21,829 - EmbeddingGenerator - INFO - Loading SentenceTransformer model: all-MiniLM-L6-v2
2026-05-31 07:45:56,198 - EmbeddingGenerator - INFO - Loading SentenceTransformer model: all-MiniLM-L6-v2
2026-05-31 07:52:54,940 - EmbeddingGenerator - INFO - Loading SentenceTransformer model: all-MiniLM-L6-v2
2026-05-31 08:04:43,278 - EmbeddingGenerator - INFO - Loading SentenceTransformer model: all-MiniLM-L6-v2
2026-05-31 08:11:58,439 - EmbeddingGenerator - INFO - Loading SentenceTransformer model: all-MiniLM-L6-v2
2026-05-31 08:13:15,828 - EmbeddingGenerator - INFO - Loading SentenceTransformer model: all-MiniLM-L6-v2
2026-05-31 08:18:11,299 - EmbeddingGenerator - INFO - Loading SentenceTransformer model: all-MiniLM-L6-v2
2026-05-31 08:25:14,756 - EmbeddingGenerator - INFO - Loading SentenceTransformer model: all-MiniLM-L6-v2
2026-05-31 08:36:28,388 - EmbeddingGenerator - INFO - Loading SentenceTransformer model: all-MiniLM-L6-v2
2026-05-31 08:39:25,064 - EmbeddingGenerator - INFO - Loading SentenceTransformer model: all-MiniLM-L6-v2
2026-05-31 08:47:51,958 - EmbeddingGenerator - INFO - Loading SentenceTransformer model: all-MiniLM-L6-v2
2026-05-31 08:49:28,502 - EmbeddingGenerator - INFO - Loading SentenceTransformer model: all-MiniLM-L6-v2
2026-05-31 08:51:05,618 - EmbeddingGenerator - INFO - Loading SentenceTransformer model: all-MiniLM-L6-v2
2026-05-31 08:57:17,329 - EmbeddingGenerator - INFO - Loading SentenceTransformer model: all-MiniLM-L6-v2
2026-05-31 08:59:54,777 - EmbeddingGenerator - INFO - Loading SentenceTransformer model: all-MiniLM-L6-v2
2026-05-31 09:12:58,053 - EmbeddingGenerator - INFO - Loading SentenceTransformer model: all-MiniLM-L6-v2
2026-05-31 09:14:19,354 - EmbeddingGenerator - INFO - Loading SentenceTransformer model: all-MiniLM-L6-v2
2026-05-31 09:17:17,558 - EmbeddingGenerator - INFO - Loading SentenceTransformer model: all-MiniLM-L6-v2
2026-05-31 09:45:07,229 - EmbeddingGenerator - INFO - Loading SentenceTransformer model: all-MiniLM-L6-v2
2026-05-31 10:17:05,677 - EmbeddingGenerator - INFO - Loading SentenceTransformer model: all-MiniLM-L6-v2
2026-05-31 10:19:58,702 - EmbeddingGenerator - INFO - Loading SentenceTransformer model: all-MiniLM-L6-v2
2026-05-31 10:27:59,645 - EmbeddingGenerator - INFO - Loading SentenceTransformer model: all-MiniLM-L6-v2
2026-05-31 10:32:05,335 - EmbeddingGenerator - INFO - Loading SentenceTransformer model: all-MiniLM-L6-v2
2026-05-31 10:34:51,422 - EmbeddingGenerator - INFO - Loading SentenceTransformer model: all-MiniLM-L6-v2
2026-05-31 10:38:32,153 - EmbeddingGenerator - INFO - Loading SentenceTransformer model: all-MiniLM-L6-v2
2026-05-31 11:04:39,616 - EmbeddingGenerator - INFO - Loading SentenceTransformer model: all-MiniLM-L6-v2
2026-05-31 11:16:51,732 - EmbeddingGenerator - INFO - Loading SentenceTransformer model: all-MiniLM-L6-v2
2026-05-31 11:18:01,781 - EmbeddingGenerator - INFO - Loading SentenceTransformer model: all-MiniLM-L6-v2
2026-05-31 11:21:51,739 - EmbeddingGenerator - INFO - Loading SentenceTransformer model: all-MiniLM-L6-v2
2026-05-31 11:26:06,724 - EmbeddingGenerator - INFO - Loading SentenceTransformer model: all-MiniLM-L6-v2
