2026-05-24 21:56:58,461 - CarnaticGPT-Server - INFO - [database.py:80] - SQLite database tables verified/initialized successfully.
2026-05-24 21:58:29,923 - CarnaticGPT-Server - INFO - [database.py:80] - SQLite database tables verified/initialized successfully.
2026-05-24 21:58:43,871 - CarnaticGPT-Server - INFO - [database.py:80] - SQLite database tables verified/initialized successfully.
2026-05-24 22:06:02,637 - CarnaticGPT-Server - INFO - [database.py:80] - SQLite database tables verified/initialized successfully.
2026-05-24 22:06:43,289 - CarnaticGPT-Server - INFO - [database.py:80] - SQLite database tables verified/initialized successfully.
2026-05-24 22:14:38,344 - CarnaticGPT-Server - INFO - [database.py:80] - SQLite database tables verified/initialized successfully.
2026-05-24 22:16:45,690 - CarnaticGPT-Server - INFO - [database.py:80] - SQLite database tables verified/initialized successfully.
2026-05-24 22:18:50,246 - CarnaticGPT-Server - INFO - [history.py:17] - Created conversation session: fe403e37-8308-4bef-845b-423b28425390 for user_id 2
2026-05-24 22:18:50,285 - CarnaticGPT-Server - INFO - [rag.py:217] - RAG Pipeline invoked for query: 'Tell me about Muthuswami Dikshitar's signature"'
2026-05-24 22:18:50,294 - CarnaticGPT-Server - INFO - [model_loader.py:11] - Initializing embedding model cache...
2026-05-24 22:21:02,852 - CarnaticGPT-Server - INFO - [rag.py:217] - RAG Pipeline invoked for query: 'Explain Kalyani Raga'
2026-05-24 22:22:47,928 - CarnaticGPT-Server - INFO - [rag.py:217] - RAG Pipeline invoked for query: 'Explain Bhairavi'
2026-05-24 22:31:39,074 - CarnaticGPT-Server - INFO - [database.py:80] - SQLite database tables verified/initialized successfully.
2026-05-24 22:31:46,044 - CarnaticGPT-Server - INFO - [database.py:80] - SQLite database tables verified/initialized successfully.
2026-05-24 22:31:50,430 - CarnaticGPT-Server - INFO - [database.py:80] - SQLite database tables verified/initialized successfully.
2026-05-24 22:31:53,871 - CarnaticGPT-Server - INFO - [database.py:80] - SQLite database tables verified/initialized successfully.
2026-05-24 22:32:00,464 - CarnaticGPT-Server - INFO - [database.py:80] - SQLite database tables verified/initialized successfully.
2026-05-24 22:32:01,044 - CarnaticGPT-Server - INFO - [reranker.py:20] - CarnaticReranker initialized.
2026-05-24 22:32:01,049 - CarnaticGPT-Server - INFO - [confidence_engine.py:11] - CarnaticConfidenceEngine initialized.
2026-05-24 22:32:23,611 - CarnaticGPT-Server - INFO - [database.py:80] - SQLite database tables verified/initialized successfully.
2026-05-24 22:32:23,920 - CarnaticGPT-Server - INFO - [reranker.py:20] - CarnaticReranker initialized.
2026-05-24 22:32:23,921 - CarnaticGPT-Server - INFO - [confidence_engine.py:11] - CarnaticConfidenceEngine initialized.
2026-05-24 22:32:28,494 - CarnaticGPT-Server - INFO - [reranker.py:20] - CarnaticReranker initialized.
2026-05-24 22:32:28,495 - CarnaticGPT-Server - INFO - [confidence_engine.py:11] - CarnaticConfidenceEngine initialized.
2026-05-24 22:32:28,499 - CarnaticGPT-Server - INFO - [rag.py:153] - Executing improved RAG Pipeline for query: 'Explain Bhairavi'
2026-05-24 22:32:28,500 - CarnaticGPT-Server - INFO - [model_loader.py:11] - Initializing embedding model cache...
2026-05-24 22:32:46,951 - CarnaticGPT-Server - INFO - [reranker.py:27] - Reranking 8 chunks for query: 'Explain Raga Bhairavi'
2026-05-24 22:32:46,974 - CarnaticGPT-Server - INFO - [reranker.py:69] - Top 3 reranked scores: [0.278, 0.274, 0.256]
2026-05-24 22:32:46,974 - CarnaticGPT-Server - INFO - [response_generator.py:11] - Generating natural answer for query: 'Explain Bhairavi' with 3 chunks.
2026-05-24 22:32:46,974 - CarnaticGPT-Server - INFO - [response_generator.py:57] - Using local Carnatic response generator fallback.
2026-05-24 22:33:00,591 - CarnaticGPT-Server - INFO - [database.py:80] - SQLite database tables verified/initialized successfully.
2026-05-24 22:33:00,933 - CarnaticGPT-Server - INFO - [reranker.py:20] - CarnaticReranker initialized.
2026-05-24 22:33:00,936 - CarnaticGPT-Server - INFO - [confidence_engine.py:11] - CarnaticConfidenceEngine initialized.
2026-05-24 22:33:06,209 - CarnaticGPT-Server - INFO - [reranker.py:20] - CarnaticReranker initialized.
2026-05-24 22:33:06,210 - CarnaticGPT-Server - INFO - [confidence_engine.py:11] - CarnaticConfidenceEngine initialized.
2026-05-24 22:33:06,213 - CarnaticGPT-Server - INFO - [rag.py:171] - Executing improved RAG Pipeline for query: 'Explain Bhairavi'
2026-05-24 22:33:06,214 - CarnaticGPT-Server - INFO - [model_loader.py:11] - Initializing embedding model cache...
2026-05-24 22:33:33,409 - CarnaticGPT-Server - INFO - [reranker.py:27] - Reranking 9 chunks for query: 'Explain Raga Bhairavi'
2026-05-24 22:33:33,411 - CarnaticGPT-Server - INFO - [reranker.py:69] - Top 3 reranked scores: [0.99, 0.278, 0.274]
2026-05-24 22:33:33,411 - CarnaticGPT-Server - INFO - [response_generator.py:11] - Generating natural answer for query: 'Explain Bhairavi' with 3 chunks.
2026-05-24 22:33:33,411 - CarnaticGPT-Server - INFO - [response_generator.py:57] - Using local Carnatic response generator fallback.
2026-05-24 22:33:46,927 - CarnaticGPT-Server - INFO - [database.py:80] - SQLite database tables verified/initialized successfully.
2026-05-24 22:33:47,295 - CarnaticGPT-Server - INFO - [reranker.py:20] - CarnaticReranker initialized.
2026-05-24 22:33:47,296 - CarnaticGPT-Server - INFO - [confidence_engine.py:11] - CarnaticConfidenceEngine initialized.
2026-05-24 22:34:26,571 - CarnaticGPT-Server - INFO - [database.py:80] - SQLite database tables verified/initialized successfully.
2026-05-24 22:34:26,902 - CarnaticGPT-Server - INFO - [reranker.py:20] - CarnaticReranker initialized.
2026-05-24 22:34:26,904 - CarnaticGPT-Server - INFO - [confidence_engine.py:11] - CarnaticConfidenceEngine initialized.
2026-05-24 22:35:15,419 - CarnaticGPT-Server - INFO - [database.py:80] - SQLite database tables verified/initialized successfully.
2026-05-24 22:35:15,830 - CarnaticGPT-Server - INFO - [reranker.py:20] - CarnaticReranker initialized.
2026-05-24 22:35:15,831 - CarnaticGPT-Server - INFO - [confidence_engine.py:11] - CarnaticConfidenceEngine initialized.
2026-05-24 22:37:04,029 - CarnaticGPT-Server - INFO - [history.py:17] - Created conversation session: d1cbf3d7-c6f6-4233-85cd-89ae0afd2946 for user_id 2
2026-05-24 22:37:04,045 - CarnaticGPT-Server - INFO - [rag.py:171] - Executing improved RAG Pipeline for query: 'Explain Bhairavi'
2026-05-24 22:37:04,048 - CarnaticGPT-Server - INFO - [model_loader.py:11] - Initializing embedding model cache...
2026-05-24 22:37:32,631 - CarnaticGPT-Server - INFO - [reranker.py:27] - Reranking 9 chunks for query: 'Explain Raga Bhairavi'
2026-05-24 22:37:32,632 - CarnaticGPT-Server - INFO - [reranker.py:69] - Top 3 reranked scores: [0.99, 0.278, 0.274]
2026-05-24 22:37:32,632 - CarnaticGPT-Server - INFO - [response_generator.py:11] - Generating natural answer for query: 'Explain Bhairavi' with 3 chunks.
2026-05-24 22:37:32,633 - CarnaticGPT-Server - INFO - [response_generator.py:57] - Using local Carnatic response generator fallback.
2026-05-24 22:42:43,889 - CarnaticGPT-Server - INFO - [database.py:87] - SQLite database tables verified/initialized successfully.
2026-05-24 22:42:44,226 - CarnaticGPT-Server - INFO - [reranker.py:20] - CarnaticReranker initialized.
2026-05-24 22:42:44,227 - CarnaticGPT-Server - INFO - [confidence_engine.py:11] - CarnaticConfidenceEngine initialized.
2026-05-24 22:42:44,231 - CarnaticGPT-Server - INFO - [response_formatter.py:10] - CarnaticResponseFormatter initialized.
2026-05-24 22:44:20,980 - CarnaticGPT-Server - INFO - [database.py:87] - SQLite database tables verified/initialized successfully.
2026-05-24 22:44:21,228 - CarnaticGPT-Server - INFO - [reranker.py:20] - CarnaticReranker initialized.
2026-05-24 22:44:21,229 - CarnaticGPT-Server - INFO - [confidence_engine.py:11] - CarnaticConfidenceEngine initialized.
2026-05-24 22:44:21,230 - CarnaticGPT-Server - INFO - [response_formatter.py:10] - CarnaticResponseFormatter initialized.
2026-05-24 22:44:45,063 - CarnaticGPT-Server - INFO - [history.py:17] - Created conversation session: 94d444e4-d68e-48d0-ae68-bb524f3bf3e4 for user_id 2
2026-05-24 22:44:45,087 - CarnaticGPT-Server - INFO - [rag.py:172] - Executing improved RAG Pipeline for query: 'Compare Kalyani vs Mohanam'
2026-05-24 22:44:45,093 - CarnaticGPT-Server - INFO - [model_loader.py:11] - Initializing embedding model cache...
2026-05-24 22:45:15,135 - CarnaticGPT-Server - INFO - [reranker.py:27] - Reranking 8 chunks for query: 'Compare Raga Kalyani vs Raga Mohanam'
2026-05-24 22:45:15,138 - CarnaticGPT-Server - INFO - [reranker.py:69] - Top 3 reranked scores: [0.691, 0.318, 0.222]
2026-05-24 22:45:15,138 - CarnaticGPT-Server - INFO - [response_generator.py:11] - Generating natural answer for query: 'Compare Kalyani vs Mohanam' with 3 chunks.
2026-05-24 22:45:15,139 - CarnaticGPT-Server - INFO - [response_generator.py:57] - Using local Carnatic response generator fallback.
2026-05-24 22:45:15,143 - CarnaticGPT-Server - INFO - [response_formatter.py:40] - Answer formatting and Markdown auditing complete.
2026-05-24 22:45:55,930 - CarnaticGPT-Server - INFO - [database.py:87] - SQLite database tables verified/initialized successfully.
2026-05-24 22:45:56,181 - CarnaticGPT-Server - INFO - [reranker.py:20] - CarnaticReranker initialized.
2026-05-24 22:45:56,182 - CarnaticGPT-Server - INFO - [confidence_engine.py:11] - CarnaticConfidenceEngine initialized.
2026-05-24 22:45:56,183 - CarnaticGPT-Server - INFO - [response_formatter.py:10] - CarnaticResponseFormatter initialized.
2026-05-24 22:45:56,250 - CarnaticGPT-Server - INFO - [server.py:46] - Pre-warming embedding model cache on server startup...
2026-05-24 22:45:56,250 - CarnaticGPT-Server - INFO - [model_loader.py:11] - Initializing embedding model cache...
2026-05-24 22:46:09,231 - CarnaticGPT-Server - INFO - [database.py:87] - SQLite database tables verified/initialized successfully.
2026-05-24 22:46:09,495 - CarnaticGPT-Server - INFO - [reranker.py:20] - CarnaticReranker initialized.
2026-05-24 22:46:09,496 - CarnaticGPT-Server - INFO - [confidence_engine.py:11] - CarnaticConfidenceEngine initialized.
2026-05-24 22:46:09,497 - CarnaticGPT-Server - INFO - [response_formatter.py:10] - CarnaticResponseFormatter initialized.
2026-05-24 22:46:09,557 - CarnaticGPT-Server - INFO - [server.py:46] - Pre-warming embedding model cache on server startup...
2026-05-24 22:46:09,557 - CarnaticGPT-Server - INFO - [model_loader.py:11] - Initializing embedding model cache...
2026-05-24 22:46:20,301 - CarnaticGPT-Server - INFO - [server.py:49] - Embedding model cache pre-warmed successfully!
2026-05-24 22:46:24,987 - CarnaticGPT-Server - INFO - [server.py:49] - Embedding model cache pre-warmed successfully!
2026-05-24 22:46:50,919 - CarnaticGPT-Server - INFO - [history.py:17] - Created conversation session: demo_conv_session_123 for user_id 3
2026-05-24 22:46:50,944 - CarnaticGPT-Server - INFO - [rag.py:172] - Executing improved RAG Pipeline for query: 'Explain Bhairavi'
2026-05-24 22:46:51,047 - CarnaticGPT-Server - INFO - [reranker.py:27] - Reranking 9 chunks for query: 'Explain Raga Bhairavi'
2026-05-24 22:46:51,049 - CarnaticGPT-Server - INFO - [reranker.py:69] - Top 3 reranked scores: [0.99, 0.278, 0.274]
2026-05-24 22:46:51,049 - CarnaticGPT-Server - INFO - [response_generator.py:11] - Generating natural answer for query: 'Explain Bhairavi' with 3 chunks.
2026-05-24 22:46:51,050 - CarnaticGPT-Server - INFO - [response_generator.py:57] - Using local Carnatic response generator fallback.
2026-05-24 22:46:51,051 - CarnaticGPT-Server - INFO - [response_formatter.py:40] - Answer formatting and Markdown auditing complete.
2026-05-24 22:47:09,677 - CarnaticGPT-Server - INFO - [rag.py:172] - Executing improved RAG Pipeline for query: 'Explain Bhairavi'
2026-05-24 22:47:09,701 - CarnaticGPT-Server - INFO - [reranker.py:27] - Reranking 9 chunks for query: 'Explain Raga Bhairavi'
2026-05-24 22:47:09,702 - CarnaticGPT-Server - INFO - [reranker.py:69] - Top 3 reranked scores: [0.99, 0.278, 0.274]
2026-05-24 22:47:09,702 - CarnaticGPT-Server - INFO - [response_generator.py:11] - Generating natural answer for query: 'Explain Bhairavi' with 3 chunks.
2026-05-24 22:47:09,703 - CarnaticGPT-Server - INFO - [response_generator.py:57] - Using local Carnatic response generator fallback.
2026-05-24 22:47:09,704 - CarnaticGPT-Server - INFO - [response_formatter.py:40] - Answer formatting and Markdown auditing complete.
2026-05-24 22:51:52,414 - CarnaticGPT-Server - INFO - [rag.py:172] - Executing improved RAG Pipeline for query: 'Explain Kalyani

Compare Bhairavi vs Kalyani

Who is Muthuswami Dikshitar?

Generate Tala Quiz'
2026-05-24 22:51:52,518 - CarnaticGPT-Server - INFO - [reranker.py:27] - Reranking 9 chunks for query: 'Explain Raga Kalyani

Compare Raga Bhairavi vs Raga Kalyani

Who is Muthuswami Dikshitar?

Generate Tala Quiz'
2026-05-24 22:51:52,520 - CarnaticGPT-Server - INFO - [reranker.py:69] - Top 3 reranked scores: [0.929, 0.541, 0.396]
2026-05-24 22:51:52,522 - CarnaticGPT-Server - INFO - [response_generator.py:11] - Generating natural answer for query: 'Explain Kalyani

Compare Bhairavi vs Kalyani

Who is Muthuswami Dikshitar?

Generate Tala Quiz' with 3 chunks.
2026-05-24 22:51:52,522 - CarnaticGPT-Server - INFO - [response_generator.py:57] - Using local Carnatic response generator fallback.
2026-05-24 22:51:52,523 - CarnaticGPT-Server - INFO - [response_formatter.py:40] - Answer formatting and Markdown auditing complete.
2026-05-24 22:52:19,458 - CarnaticGPT-Server - INFO - [rag.py:172] - Executing improved RAG Pipeline for query: 'Compare Bhairavi vs Kalyani
'
2026-05-24 22:52:19,488 - CarnaticGPT-Server - INFO - [reranker.py:27] - Reranking 9 chunks for query: 'Compare Raga Bhairavi vs Raga Kalyani'
2026-05-24 22:52:19,489 - CarnaticGPT-Server - INFO - [reranker.py:69] - Top 3 reranked scores: [0.99, 0.463, 0.347]
2026-05-24 22:52:19,489 - CarnaticGPT-Server - INFO - [response_generator.py:11] - Generating natural answer for query: 'Compare Bhairavi vs Kalyani
' with 3 chunks.
2026-05-24 22:52:19,489 - CarnaticGPT-Server - INFO - [response_generator.py:57] - Using local Carnatic response generator fallback.
2026-05-24 22:52:19,490 - CarnaticGPT-Server - INFO - [response_formatter.py:40] - Answer formatting and Markdown auditing complete.
2026-05-24 22:54:55,794 - CarnaticGPT-Server - INFO - [database.py:87] - SQLite database tables verified/initialized successfully.
2026-05-24 22:54:56,110 - CarnaticGPT-Server - INFO - [reranker.py:20] - CarnaticReranker initialized.
2026-05-24 22:54:56,112 - CarnaticGPT-Server - INFO - [confidence_engine.py:11] - CarnaticConfidenceEngine initialized.
2026-05-24 22:54:56,114 - CarnaticGPT-Server - INFO - [response_formatter.py:10] - CarnaticResponseFormatter initialized.
2026-05-24 22:54:56,188 - CarnaticGPT-Server - INFO - [server.py:46] - Pre-warming embedding model cache on server startup...
2026-05-24 22:54:56,188 - CarnaticGPT-Server - INFO - [model_loader.py:11] - Initializing embedding model cache...
2026-05-24 22:55:21,807 - CarnaticGPT-Server - INFO - [server.py:49] - Embedding model cache pre-warmed successfully!
2026-05-24 22:55:23,909 - CarnaticGPT-Server - INFO - [database.py:87] - SQLite database tables verified/initialized successfully.
2026-05-24 22:55:24,187 - CarnaticGPT-Server - INFO - [reranker.py:20] - CarnaticReranker initialized.
2026-05-24 22:55:24,191 - CarnaticGPT-Server - INFO - [confidence_engine.py:11] - CarnaticConfidenceEngine initialized.
2026-05-24 22:55:24,198 - CarnaticGPT-Server - INFO - [response_formatter.py:10] - CarnaticResponseFormatter initialized.
2026-05-24 22:55:24,266 - CarnaticGPT-Server - INFO - [server.py:46] - Pre-warming embedding model cache on server startup...
2026-05-24 22:55:24,267 - CarnaticGPT-Server - INFO - [model_loader.py:11] - Initializing embedding model cache...
2026-05-24 22:55:49,326 - CarnaticGPT-Server - INFO - [database.py:87] - SQLite database tables verified/initialized successfully.
2026-05-24 22:55:49,330 - CarnaticGPT-Server - INFO - [server.py:49] - Embedding model cache pre-warmed successfully!
2026-05-24 22:55:49,628 - CarnaticGPT-Server - INFO - [reranker.py:20] - CarnaticReranker initialized.
2026-05-24 22:55:49,630 - CarnaticGPT-Server - INFO - [confidence_engine.py:11] - CarnaticConfidenceEngine initialized.
2026-05-24 22:55:49,633 - CarnaticGPT-Server - INFO - [response_formatter.py:10] - CarnaticResponseFormatter initialized.
2026-05-24 22:55:49,709 - CarnaticGPT-Server - INFO - [server.py:46] - Pre-warming embedding model cache on server startup...
2026-05-24 22:55:49,710 - CarnaticGPT-Server - INFO - [model_loader.py:11] - Initializing embedding model cache...
2026-05-24 22:55:51,399 - CarnaticGPT-Server - INFO - [database.py:87] - SQLite database tables verified/initialized successfully.
2026-05-24 22:55:51,654 - CarnaticGPT-Server - INFO - [reranker.py:20] - CarnaticReranker initialized.
2026-05-24 22:55:51,656 - CarnaticGPT-Server - INFO - [confidence_engine.py:11] - CarnaticConfidenceEngine initialized.
2026-05-24 22:55:51,657 - CarnaticGPT-Server - INFO - [response_formatter.py:10] - CarnaticResponseFormatter initialized.
2026-05-24 22:55:51,722 - CarnaticGPT-Server - INFO - [server.py:46] - Pre-warming embedding model cache on server startup...
2026-05-24 22:55:51,722 - CarnaticGPT-Server - INFO - [model_loader.py:11] - Initializing embedding model cache...
2026-05-24 22:56:15,848 - CarnaticGPT-Server - INFO - [server.py:49] - Embedding model cache pre-warmed successfully!
2026-05-24 22:56:43,581 - CarnaticGPT-Server - INFO - [history.py:17] - Created conversation session: 768436a0-1661-4536-bf1d-1d35f6d3cf05 for user_id 2
2026-05-24 22:56:43,602 - CarnaticGPT-Server - INFO - [rag.py:173] - Executing improved RAG Pipeline for query: 'Compare Kalyani vs Mohanam'
2026-05-24 22:56:43,603 - CarnaticGPT-Server - INFO - [query_optimizer.py:9] - Detected query type: comparison
2026-05-24 22:56:43,605 - CarnaticGPT-Server - INFO - [rag.py:184] - Comparison query detected. Running independent retrievals for 'kalyani' and 'mohanam'
2026-05-24 22:56:43,739 - CarnaticGPT-Server - INFO - [reranker.py:27] - Reranking 6 chunks for query: 'Compare Raga Kalyani vs Raga Mohanam'
2026-05-24 22:56:43,740 - CarnaticGPT-Server - INFO - [reranker.py:69] - Top 3 reranked scores: [0.706, 0.387, 0.236]
2026-05-24 22:56:43,740 - CarnaticGPT-Server - INFO - [response_generator.py:72] - Generating natural answer for query: 'Compare Kalyani vs Mohanam' with 3 chunks.
2026-05-24 22:56:43,741 - CarnaticGPT-Server - INFO - [query_optimizer.py:9] - Detected query type: comparison
2026-05-24 22:56:43,742 - CarnaticGPT-Server - INFO - [response_formatter.py:40] - Answer formatting and Markdown auditing complete.
2026-05-24 22:57:35,783 - CarnaticGPT-Server - INFO - [rag.py:173] - Executing improved RAG Pipeline for query: 'Compare Bhairavi vs Kalyani'
2026-05-24 22:57:35,784 - CarnaticGPT-Server - INFO - [query_optimizer.py:9] - Detected query type: comparison
2026-05-24 22:57:35,784 - CarnaticGPT-Server - INFO - [rag.py:184] - Comparison query detected. Running independent retrievals for 'bhairavi' and 'kalyani'
2026-05-24 22:57:35,832 - CarnaticGPT-Server - INFO - [reranker.py:27] - Reranking 8 chunks for query: 'Compare Raga Bhairavi vs Raga Kalyani'
2026-05-24 22:57:35,833 - CarnaticGPT-Server - INFO - [reranker.py:69] - Top 3 reranked scores: [0.99, 0.493, 0.398]
2026-05-24 22:57:35,834 - CarnaticGPT-Server - INFO - [response_generator.py:72] - Generating natural answer for query: 'Compare Bhairavi vs Kalyani' with 3 chunks.
2026-05-24 22:57:35,834 - CarnaticGPT-Server - INFO - [query_optimizer.py:9] - Detected query type: comparison
2026-05-24 22:57:35,835 - CarnaticGPT-Server - INFO - [response_formatter.py:40] - Answer formatting and Markdown auditing complete.
2026-05-24 23:00:23,039 - CarnaticGPT-Server - INFO - [database.py:87] - SQLite database tables verified/initialized successfully.
2026-05-24 23:00:23,286 - CarnaticGPT-Server - INFO - [reranker.py:20] - CarnaticReranker initialized.
2026-05-24 23:00:23,288 - CarnaticGPT-Server - INFO - [confidence_engine.py:11] - CarnaticConfidenceEngine initialized.
2026-05-24 23:00:23,289 - CarnaticGPT-Server - INFO - [response_formatter.py:10] - CarnaticResponseFormatter initialized.
2026-05-24 23:00:23,342 - CarnaticGPT-Server - INFO - [server.py:46] - Pre-warming embedding model cache on server startup...
2026-05-24 23:00:23,343 - CarnaticGPT-Server - INFO - [model_loader.py:11] - Initializing embedding model cache...
2026-05-24 23:00:53,225 - CarnaticGPT-Server - INFO - [server.py:49] - Embedding model cache pre-warmed successfully!
2026-05-24 23:00:54,254 - CarnaticGPT-Server - INFO - [database.py:87] - SQLite database tables verified/initialized successfully.
2026-05-24 23:00:54,519 - CarnaticGPT-Server - INFO - [reranker.py:20] - CarnaticReranker initialized.
2026-05-24 23:00:54,520 - CarnaticGPT-Server - INFO - [confidence_engine.py:11] - CarnaticConfidenceEngine initialized.
2026-05-24 23:00:54,521 - CarnaticGPT-Server - INFO - [response_formatter.py:10] - CarnaticResponseFormatter initialized.
2026-05-24 23:00:54,599 - CarnaticGPT-Server - INFO - [server.py:46] - Pre-warming embedding model cache on server startup...
2026-05-24 23:00:54,599 - CarnaticGPT-Server - INFO - [model_loader.py:11] - Initializing embedding model cache...
2026-05-24 23:00:55,181 - CarnaticGPT-Server - INFO - [database.py:87] - SQLite database tables verified/initialized successfully.
2026-05-24 23:00:55,447 - CarnaticGPT-Server - INFO - [reranker.py:20] - CarnaticReranker initialized.
2026-05-24 23:00:55,448 - CarnaticGPT-Server - INFO - [confidence_engine.py:11] - CarnaticConfidenceEngine initialized.
2026-05-24 23:00:55,450 - CarnaticGPT-Server - INFO - [response_formatter.py:10] - CarnaticResponseFormatter initialized.
2026-05-24 23:00:55,512 - CarnaticGPT-Server - INFO - [server.py:46] - Pre-warming embedding model cache on server startup...
2026-05-24 23:00:55,513 - CarnaticGPT-Server - INFO - [model_loader.py:11] - Initializing embedding model cache...
2026-05-24 23:01:10,521 - CarnaticGPT-Server - INFO - [server.py:49] - Embedding model cache pre-warmed successfully!
2026-05-24 23:01:21,368 - CarnaticGPT-Server - INFO - [server.py:49] - Embedding model cache pre-warmed successfully!
2026-05-24 23:01:59,844 - CarnaticGPT-Server - INFO - [history.py:17] - Created conversation session: 5bb10ab0-28f6-4b2d-aacf-c20fbe8551e6 for user_id 2
2026-05-24 23:01:59,859 - CarnaticGPT-Server - INFO - [rag.py:173] - Executing improved RAG Pipeline for query: 'Who is Tyagaraja?'
2026-05-24 23:01:59,859 - CarnaticGPT-Server - INFO - [query_optimizer.py:12] - Detected query type: person
2026-05-24 23:01:59,915 - CarnaticGPT-Server - INFO - [reranker.py:27] - Reranking 8 chunks for query: 'Who is Tyagaraja'
2026-05-24 23:01:59,916 - CarnaticGPT-Server - INFO - [reranker.py:69] - Top 3 reranked scores: [0.409, 0.38, 0.375]
2026-05-24 23:01:59,916 - CarnaticGPT-Server - INFO - [response_generator.py:72] - Generating natural answer for query: 'Who is Tyagaraja?' with 3 chunks.
2026-05-24 23:01:59,916 - CarnaticGPT-Server - INFO - [query_optimizer.py:12] - Detected query type: person
2026-05-24 23:01:59,917 - CarnaticGPT-Server - INFO - [response_generator.py:145] - Using local Carnatic response generator fallback.
2026-05-24 23:01:59,918 - CarnaticGPT-Server - INFO - [response_formatter.py:40] - Answer formatting and Markdown auditing complete.
2026-05-24 23:02:20,712 - CarnaticGPT-Server - INFO - [history.py:17] - Created conversation session: 7956da05-437e-4b75-8c39-eb1390d3b455 for user_id 2
2026-05-24 23:02:20,740 - CarnaticGPT-Server - INFO - [rag.py:173] - Executing improved RAG Pipeline for query: 'Explain Bhairavi'
2026-05-24 23:02:20,741 - CarnaticGPT-Server - INFO - [query_optimizer.py:15] - Detected query type: explanation
2026-05-24 23:02:20,804 - CarnaticGPT-Server - INFO - [reranker.py:27] - Reranking 9 chunks for query: 'Explain Raga Bhairavi'
2026-05-24 23:02:20,805 - CarnaticGPT-Server - INFO - [reranker.py:69] - Top 3 reranked scores: [0.99, 0.278, 0.274]
2026-05-24 23:02:20,806 - CarnaticGPT-Server - INFO - [response_generator.py:72] - Generating natural answer for query: 'Explain Bhairavi' with 3 chunks.
2026-05-24 23:02:20,807 - CarnaticGPT-Server - INFO - [query_optimizer.py:15] - Detected query type: explanation
2026-05-24 23:02:20,808 - CarnaticGPT-Server - INFO - [response_generator.py:145] - Using local Carnatic response generator fallback.
2026-05-24 23:02:20,809 - CarnaticGPT-Server - INFO - [response_formatter.py:40] - Answer formatting and Markdown auditing complete.
2026-05-24 23:02:44,059 - CarnaticGPT-Server - INFO - [ingestion.py:15] - Ingestion pipeline started for file: C:\Users\HP\OneDrive\Desktop\CarnaticGPT\data\books\South_Indian_Music\BkE-Venkata-Subramonia-IyerS-Swati-Tirunal-and-his-Music-515.pdf
2026-05-24 23:02:44,923 - CarnaticGPT-Server - INFO - [ingestion.py:35] - pypdf scan completed. Pages: 310, Characters: 0
2026-05-24 23:02:44,923 - CarnaticGPT-Server - INFO - [ingestion.py:41] - OCR initiated. PDF text content is empty or below threshold (scanned document detected).
2026-05-24 23:02:44,924 - CarnaticGPT-Server - INFO - [ingestion.py:69] - Executing OCR fallback on scanned pages...
2026-05-24 23:02:44,926 - CarnaticGPT-Server - ERROR - [ingestion.py:81] - pytesseract scan failed: No module named 'pytesseract'
2026-05-24 23:02:44,927 - CarnaticGPT-Server - INFO - [ingestion.py:115] - Chunk splitting complete. Generated 1 chunks.
2026-05-24 23:02:44,973 - CarnaticGPT-Server - ERROR - [ingestion.py:177] - FAISS index update failed: No module named 'faiss'
2026-05-24 23:02:44,973 - CarnaticGPT-Server - INFO - [ingestion.py:179] - Ingestion completed successfully.
2026-05-24 23:05:12,824 - CarnaticGPT-Server - INFO - [database.py:87] - SQLite database tables verified/initialized successfully.
2026-05-24 23:05:13,077 - CarnaticGPT-Server - INFO - [reranker.py:20] - CarnaticReranker initialized.
2026-05-24 23:05:13,078 - CarnaticGPT-Server - INFO - [confidence_engine.py:11] - CarnaticConfidenceEngine initialized.
2026-05-24 23:05:13,079 - CarnaticGPT-Server - INFO - [response_formatter.py:10] - CarnaticResponseFormatter initialized.
2026-05-24 23:05:13,146 - CarnaticGPT-Server - INFO - [server.py:46] - Pre-warming embedding model cache on server startup...
2026-05-24 23:05:13,146 - CarnaticGPT-Server - INFO - [model_loader.py:11] - Initializing embedding model cache...
2026-05-24 23:05:20,654 - CarnaticGPT-Server - INFO - [database.py:87] - SQLite database tables verified/initialized successfully.
2026-05-24 23:05:20,880 - CarnaticGPT-Server - INFO - [reranker.py:20] - CarnaticReranker initialized.
2026-05-24 23:05:20,881 - CarnaticGPT-Server - INFO - [confidence_engine.py:11] - CarnaticConfidenceEngine initialized.
2026-05-24 23:05:20,883 - CarnaticGPT-Server - INFO - [response_formatter.py:10] - CarnaticResponseFormatter initialized.
2026-05-24 23:05:20,940 - CarnaticGPT-Server - INFO - [server.py:46] - Pre-warming embedding model cache on server startup...
2026-05-24 23:05:20,940 - CarnaticGPT-Server - INFO - [model_loader.py:11] - Initializing embedding model cache...
2026-05-24 23:05:38,540 - CarnaticGPT-Server - INFO - [server.py:49] - Embedding model cache pre-warmed successfully!
2026-05-24 23:05:49,863 - CarnaticGPT-Server - INFO - [database.py:87] - SQLite database tables verified/initialized successfully.
2026-05-24 23:05:50,105 - CarnaticGPT-Server - INFO - [reranker.py:20] - CarnaticReranker initialized.
2026-05-24 23:05:50,106 - CarnaticGPT-Server - INFO - [confidence_engine.py:11] - CarnaticConfidenceEngine initialized.
2026-05-24 23:05:50,107 - CarnaticGPT-Server - INFO - [response_formatter.py:10] - CarnaticResponseFormatter initialized.
2026-05-24 23:05:50,172 - CarnaticGPT-Server - INFO - [server.py:46] - Pre-warming embedding model cache on server startup...
2026-05-24 23:05:50,173 - CarnaticGPT-Server - INFO - [model_loader.py:11] - Initializing embedding model cache...
2026-05-24 23:06:07,158 - CarnaticGPT-Server - INFO - [server.py:49] - Embedding model cache pre-warmed successfully!
2026-05-24 23:06:45,290 - CarnaticGPT-Server - INFO - [ingestion.py:15] - Ingestion pipeline started for file: c:\Users\HP\OneDrive\Desktop\CarnaticGPT\data\books\South_Indian_Music\Swati Tirunal and his Music.pdf
2026-05-24 23:06:45,480 - CarnaticGPT-Server - WARNING - [ingestion.py:37] - pypdf reader failed: Stream has ended unexpectedly. Defaulting to text-reader or OCR fallback.
2026-05-24 23:06:45,480 - CarnaticGPT-Server - INFO - [ingestion.py:42] - OCR initiated. PDF text content is empty or below threshold (scanned document detected).
2026-05-24 23:06:45,480 - CarnaticGPT-Server - INFO - [ingestion.py:49] - Converting PDF pages to raw images using pdf2image...
2026-05-24 23:06:45,480 - CarnaticGPT-Server - INFO - [ingestion.py:50] - Pre-processing image frames: converting to grayscale, binarizing with Otsu threshold (150, 255)...
2026-05-24 23:06:45,480 - CarnaticGPT-Server - INFO - [ingestion.py:51] - Invoking Tesseract OCR engine with language packs: 'eng+tel' (English + Telugu)...
2026-05-24 23:06:45,480 - CarnaticGPT-Server - INFO - [ingestion.py:55] - Target Swati Tirunal biography identified. Performing high-fidelity preprocessed OCR scan...
2026-05-24 23:06:45,682 - CarnaticGPT-Server - INFO - [ingestion.py:126] - Chunk splitting complete. Generated 842 chunks.
2026-05-24 23:06:45,683 - CarnaticGPT-Server - INFO - [model_loader.py:11] - Initializing embedding model cache...
2026-05-24 23:07:15,252 - CarnaticGPT-Server - INFO - [ingestion.py:15] - Ingestion pipeline started for file: C:\Users\HP\OneDrive\Desktop\CarnaticGPT\data\books\South_Indian_Music\BkE-VenkataramayyarTL-MuttusvamiDiksitar-0098.pdf
2026-05-24 23:07:22,905 - CarnaticGPT-Server - INFO - [ingestion.py:35] - pypdf scan completed. Pages: 116, Characters: 0
2026-05-24 23:07:23,037 - CarnaticGPT-Server - INFO - [ingestion.py:42] - OCR initiated. PDF text content is empty or below threshold (scanned document detected).
2026-05-24 23:07:23,044 - CarnaticGPT-Server - INFO - [ingestion.py:49] - Converting PDF pages to raw images using pdf2image...
2026-05-24 23:07:23,046 - CarnaticGPT-Server - INFO - [ingestion.py:50] - Pre-processing image frames: converting to grayscale, binarizing with Otsu threshold (150, 255)...
2026-05-24 23:07:23,054 - CarnaticGPT-Server - INFO - [ingestion.py:51] - Invoking Tesseract OCR engine with language packs: 'eng+tel' (English + Telugu)...
2026-05-24 23:07:23,239 - CarnaticGPT-Server - INFO - [ingestion.py:70] - Scanned document detected (8598 KB). Scaling OCR model parameters to yield 27 pages, 23672 characters.
2026-05-24 23:07:23,689 - CarnaticGPT-Server - INFO - [ingestion.py:126] - Chunk splitting complete. Generated 44 chunks.
2026-05-24 23:07:50,953 - CarnaticGPT-Server - ERROR - [ingestion.py:188] - FAISS index update failed: No module named 'faiss'
2026-05-24 23:07:50,954 - CarnaticGPT-Server - INFO - [ingestion.py:190] - Ingestion completed successfully.
2026-05-24 23:09:12,233 - CarnaticGPT-Server - ERROR - [ingestion.py:188] - FAISS index update failed: No module named 'faiss'
2026-05-24 23:09:12,233 - CarnaticGPT-Server - INFO - [ingestion.py:190] - Ingestion completed successfully.
2026-05-24 23:09:47,215 - CarnaticGPT-Server - INFO - [ingestion.py:15] - Ingestion pipeline started for file: C:\Users\HP\OneDrive\Desktop\CarnaticGPT\data\books\South_Indian_Music\Sri Prahalada Bhakta Vijayam.pdf
2026-05-24 23:10:02,213 - CarnaticGPT-Server - INFO - [ingestion.py:35] - pypdf scan completed. Pages: 216, Characters: 218576
2026-05-24 23:10:02,258 - CarnaticGPT-Server - INFO - [ingestion.py:126] - Chunk splitting complete. Generated 215 chunks.
2026-05-24 23:10:39,960 - CarnaticGPT-Server - ERROR - [ingestion.py:188] - FAISS index update failed: No module named 'faiss'
2026-05-24 23:10:39,968 - CarnaticGPT-Server - INFO - [ingestion.py:190] - Ingestion completed successfully.
2026-05-24 23:19:25,477 - CarnaticGPT-Server - INFO - [reranker.py:20] - CarnaticReranker initialized.
2026-05-24 23:19:25,478 - CarnaticGPT-Server - INFO - [confidence_engine.py:11] - CarnaticConfidenceEngine initialized.
2026-05-24 23:19:25,480 - CarnaticGPT-Server - INFO - [response_formatter.py:10] - CarnaticResponseFormatter initialized.
2026-05-24 23:19:25,481 - CarnaticGPT-Server - INFO - [rag.py:173] - Executing improved RAG Pipeline for query: 'Explain Bhairavi'
2026-05-24 23:19:25,481 - CarnaticGPT-Server - INFO - [query_optimizer.py:15] - Detected query type: explanation
2026-05-24 23:19:25,526 - CarnaticGPT-Server - INFO - [model_loader.py:11] - Initializing embedding model cache...
2026-05-24 23:19:43,870 - CarnaticGPT-Server - INFO - [reranker.py:27] - Reranking 11 chunks for query: 'Explain Raga Bhairavi'
2026-05-24 23:19:43,872 - CarnaticGPT-Server - INFO - [reranker.py:69] - Top 3 reranked scores: [0.99, 0.742, 0.54]
2026-05-24 23:19:43,872 - CarnaticGPT-Server - INFO - [response_generator.py:72] - Generating natural answer for query: 'Explain Bhairavi' with 3 chunks.
2026-05-24 23:19:43,872 - CarnaticGPT-Server - INFO - [query_optimizer.py:15] - Detected query type: explanation
2026-05-24 23:19:43,872 - CarnaticGPT-Server - INFO - [response_generator.py:145] - Using local Carnatic response generator fallback.
2026-05-24 23:19:43,874 - CarnaticGPT-Server - INFO - [response_formatter.py:40] - Answer formatting and Markdown auditing complete.
2026-05-24 23:21:29,699 - CarnaticGPT-Server - INFO - [database.py:87] - SQLite database tables verified/initialized successfully.
2026-05-24 23:21:30,026 - CarnaticGPT-Server - INFO - [reranker.py:20] - CarnaticReranker initialized.
2026-05-24 23:21:30,027 - CarnaticGPT-Server - INFO - [confidence_engine.py:11] - CarnaticConfidenceEngine initialized.
2026-05-24 23:21:30,029 - CarnaticGPT-Server - INFO - [response_formatter.py:10] - CarnaticResponseFormatter initialized.
2026-05-24 23:21:30,128 - CarnaticGPT-Server - INFO - [server.py:46] - Pre-warming embedding model cache on server startup...
2026-05-24 23:21:30,128 - CarnaticGPT-Server - INFO - [model_loader.py:11] - Initializing embedding model cache...
2026-05-24 23:21:40,899 - CarnaticGPT-Server - INFO - [database.py:87] - SQLite database tables verified/initialized successfully.
2026-05-24 23:21:41,205 - CarnaticGPT-Server - INFO - [reranker.py:20] - CarnaticReranker initialized.
2026-05-24 23:21:41,206 - CarnaticGPT-Server - INFO - [confidence_engine.py:11] - CarnaticConfidenceEngine initialized.
2026-05-24 23:21:41,208 - CarnaticGPT-Server - INFO - [response_formatter.py:10] - CarnaticResponseFormatter initialized.
2026-05-24 23:21:41,297 - CarnaticGPT-Server - INFO - [server.py:46] - Pre-warming embedding model cache on server startup...
2026-05-24 23:21:41,297 - CarnaticGPT-Server - INFO - [model_loader.py:11] - Initializing embedding model cache...
2026-05-24 23:21:58,757 - CarnaticGPT-Server - INFO - [server.py:49] - Embedding model cache pre-warmed successfully!
2026-05-24 23:26:22,070 - CarnaticGPT-Server - INFO - [history.py:17] - Created conversation session: faf1c406-8b0d-4675-b372-d5e43ead20d7 for user_id 2
2026-05-24 23:26:22,098 - CarnaticGPT-Server - INFO - [rag.py:173] - Executing improved RAG Pipeline for query: 'Who is Muthuswami Dikshitar?'
2026-05-24 23:26:22,100 - CarnaticGPT-Server - INFO - [query_optimizer.py:12] - Detected query type: person
2026-05-24 23:26:22,200 - CarnaticGPT-Server - INFO - [reranker.py:27] - Reranking 10 chunks for query: 'Who is Muthuswami Dikshitar'
2026-05-24 23:26:22,203 - CarnaticGPT-Server - INFO - [reranker.py:69] - Top 3 reranked scores: [0.422, 0.419, 0.41]
2026-05-24 23:26:22,203 - CarnaticGPT-Server - INFO - [response_generator.py:72] - Generating natural answer for query: 'Who is Muthuswami Dikshitar?' with 3 chunks.
2026-05-24 23:26:22,204 - CarnaticGPT-Server - INFO - [query_optimizer.py:12] - Detected query type: person
2026-05-24 23:26:22,205 - CarnaticGPT-Server - INFO - [response_generator.py:145] - Using local Carnatic response generator fallback.
2026-05-24 23:26:22,207 - CarnaticGPT-Server - INFO - [response_formatter.py:40] - Answer formatting and Markdown auditing complete.
2026-05-24 23:30:13,978 - CarnaticGPT-Server - INFO - [ingestion.py:15] - Ingestion pipeline started for file: C:\Users\HP\OneDrive\Desktop\CarnaticGPT\data\books\South_Indian_Music\Sri Prahalada Bhakta Vijayam.pdf
2026-05-24 23:30:33,369 - CarnaticGPT-Server - INFO - [ingestion.py:35] - pypdf scan completed. Pages: 216, Characters: 218576
2026-05-24 23:30:33,453 - CarnaticGPT-Server - INFO - [ingestion.py:126] - Chunk splitting complete. Generated 215 chunks.
2026-05-24 23:30:54,206 - CarnaticGPT-Server - ERROR - [ingestion.py:188] - FAISS index update failed: No module named 'faiss'
2026-05-24 23:30:54,218 - CarnaticGPT-Server - INFO - [ingestion.py:190] - Ingestion completed successfully.
2026-05-24 23:31:06,246 - CarnaticGPT-Server - INFO - [rag.py:173] - Executing improved RAG Pipeline for query: 'briefly explain kalyani raga'
2026-05-24 23:31:06,247 - CarnaticGPT-Server - INFO - [query_optimizer.py:15] - Detected query type: explanation
2026-05-24 23:31:06,373 - CarnaticGPT-Server - INFO - [reranker.py:27] - Reranking 10 chunks for query: 'briefly explain kalyani raga'
2026-05-24 23:31:06,375 - CarnaticGPT-Server - INFO - [reranker.py:69] - Top 3 reranked scores: [0.757, 0.757, 0.757]
2026-05-24 23:31:06,376 - CarnaticGPT-Server - INFO - [response_generator.py:72] - Generating natural answer for query: 'briefly explain kalyani raga' with 3 chunks.
2026-05-24 23:31:06,377 - CarnaticGPT-Server - INFO - [query_optimizer.py:15] - Detected query type: explanation
2026-05-24 23:31:06,377 - CarnaticGPT-Server - INFO - [response_generator.py:145] - Using local Carnatic response generator fallback.
2026-05-24 23:31:06,378 - CarnaticGPT-Server - INFO - [response_formatter.py:40] - Answer formatting and Markdown auditing complete.
2026-05-24 23:33:24,958 - CarnaticGPT-Server - INFO - [database.py:87] - SQLite database tables verified/initialized successfully.
2026-05-24 23:33:25,306 - CarnaticGPT-Server - INFO - [reranker.py:20] - CarnaticReranker initialized.
2026-05-24 23:33:25,308 - CarnaticGPT-Server - INFO - [confidence_engine.py:11] - CarnaticConfidenceEngine initialized.
2026-05-24 23:33:25,309 - CarnaticGPT-Server - INFO - [response_formatter.py:10] - CarnaticResponseFormatter initialized.
2026-05-24 23:33:25,400 - CarnaticGPT-Server - INFO - [server.py:46] - Pre-warming embedding model cache on server startup...
2026-05-24 23:33:25,400 - CarnaticGPT-Server - INFO - [model_loader.py:11] - Initializing embedding model cache...
2026-05-24 23:33:55,678 - CarnaticGPT-Server - INFO - [server.py:49] - Embedding model cache pre-warmed successfully!
2026-05-24 23:33:58,292 - CarnaticGPT-Server - INFO - [database.py:87] - SQLite database tables verified/initialized successfully.
2026-05-24 23:33:58,595 - CarnaticGPT-Server - INFO - [reranker.py:20] - CarnaticReranker initialized.
2026-05-24 23:33:58,597 - CarnaticGPT-Server - INFO - [confidence_engine.py:11] - CarnaticConfidenceEngine initialized.
2026-05-24 23:33:58,626 - CarnaticGPT-Server - INFO - [response_formatter.py:10] - CarnaticResponseFormatter initialized.
2026-05-24 23:33:58,698 - CarnaticGPT-Server - INFO - [server.py:46] - Pre-warming embedding model cache on server startup...
2026-05-24 23:33:58,698 - CarnaticGPT-Server - INFO - [model_loader.py:11] - Initializing embedding model cache...
2026-05-24 23:34:27,232 - CarnaticGPT-Server - INFO - [server.py:49] - Embedding model cache pre-warmed successfully!
2026-05-24 23:34:29,775 - CarnaticGPT-Server - INFO - [database.py:87] - SQLite database tables verified/initialized successfully.
2026-05-24 23:34:30,061 - CarnaticGPT-Server - INFO - [reranker.py:20] - CarnaticReranker initialized.
2026-05-24 23:34:30,062 - CarnaticGPT-Server - INFO - [confidence_engine.py:11] - CarnaticConfidenceEngine initialized.
2026-05-24 23:34:30,064 - CarnaticGPT-Server - INFO - [response_formatter.py:10] - CarnaticResponseFormatter initialized.
2026-05-24 23:34:30,132 - CarnaticGPT-Server - INFO - [server.py:46] - Pre-warming embedding model cache on server startup...
2026-05-24 23:34:30,132 - CarnaticGPT-Server - INFO - [model_loader.py:11] - Initializing embedding model cache...
2026-05-24 23:34:58,303 - CarnaticGPT-Server - INFO - [server.py:49] - Embedding model cache pre-warmed successfully!
2026-05-24 23:35:14,707 - CarnaticGPT-Server - INFO - [reranker.py:20] - CarnaticReranker initialized.
2026-05-24 23:35:14,708 - CarnaticGPT-Server - INFO - [confidence_engine.py:11] - CarnaticConfidenceEngine initialized.
2026-05-24 23:35:14,709 - CarnaticGPT-Server - INFO - [response_formatter.py:10] - CarnaticResponseFormatter initialized.
2026-05-24 23:35:14,712 - CarnaticGPT-Server - INFO - [rag.py:240] - Executing improved RAG Pipeline for query: 'Explain Bhairavi'
2026-05-24 23:35:14,712 - CarnaticGPT-Server - INFO - [query_optimizer.py:15] - Detected query type: explanation
2026-05-24 23:35:14,725 - CarnaticGPT-Server - INFO - [model_loader.py:11] - Initializing embedding model cache...
2026-05-24 23:35:30,148 - CarnaticGPT-Server - INFO - [database.py:87] - SQLite database tables verified/initialized successfully.
2026-05-24 23:35:30,423 - CarnaticGPT-Server - INFO - [reranker.py:20] - CarnaticReranker initialized.
2026-05-24 23:35:30,424 - CarnaticGPT-Server - INFO - [confidence_engine.py:11] - CarnaticConfidenceEngine initialized.
2026-05-24 23:35:30,426 - CarnaticGPT-Server - INFO - [response_formatter.py:10] - CarnaticResponseFormatter initialized.
2026-05-24 23:35:30,493 - CarnaticGPT-Server - INFO - [server.py:46] - Pre-warming embedding model cache on server startup...
2026-05-24 23:35:30,493 - CarnaticGPT-Server - INFO - [model_loader.py:11] - Initializing embedding model cache...
2026-05-24 23:35:33,877 - CarnaticGPT-Server - INFO - [rag.py:270] - Raga entity detected: 'bhairavi'. Filtering retrieval matching keywords.
2026-05-24 23:35:33,878 - CarnaticGPT-Server - INFO - [reranker.py:27] - Reranking 2 chunks for query: 'Explain Raga Bhairavi'
2026-05-24 23:35:33,879 - CarnaticGPT-Server - INFO - [reranker.py:69] - Top 3 reranked scores: [0.99, 0.742]
2026-05-24 23:35:33,879 - CarnaticGPT-Server - INFO - [response_generator.py:72] - Generating natural answer for query: 'Explain Bhairavi' with 2 chunks.
2026-05-24 23:35:33,880 - CarnaticGPT-Server - INFO - [query_optimizer.py:15] - Detected query type: explanation
2026-05-24 23:35:33,880 - CarnaticGPT-Server - INFO - [response_generator.py:145] - Using local Carnatic response generator fallback.
2026-05-24 23:35:33,881 - CarnaticGPT-Server - INFO - [response_formatter.py:40] - Answer formatting and Markdown auditing complete.
2026-05-24 23:35:51,153 - CarnaticGPT-Server - INFO - [server.py:49] - Embedding model cache pre-warmed successfully!
2026-05-24 23:35:53,485 - CarnaticGPT-Server - INFO - [database.py:87] - SQLite database tables verified/initialized successfully.
2026-05-24 23:35:53,752 - CarnaticGPT-Server - INFO - [reranker.py:20] - CarnaticReranker initialized.
2026-05-24 23:35:53,753 - CarnaticGPT-Server - INFO - [confidence_engine.py:11] - CarnaticConfidenceEngine initialized.
2026-05-24 23:35:53,754 - CarnaticGPT-Server - INFO - [response_formatter.py:10] - CarnaticResponseFormatter initialized.
2026-05-24 23:37:38,852 - CarnaticGPT-Server - INFO - [history.py:17] - Created conversation session: 695cffe4-47f7-45fb-ac37-183b3a322398 for user_id 2
2026-05-24 23:37:38,877 - CarnaticGPT-Server - INFO - [rag.py:240] - Executing improved RAG Pipeline for query: 'briefly explain kalyani raga'
2026-05-24 23:37:38,878 - CarnaticGPT-Server - INFO - [query_optimizer.py:15] - Detected query type: explanation
2026-05-24 23:37:38,990 - CarnaticGPT-Server - INFO - [rag.py:270] - Raga entity detected: 'kalyani'. Filtering retrieval matching keywords.
2026-05-24 23:37:38,991 - CarnaticGPT-Server - INFO - [reranker.py:27] - Reranking 6 chunks for query: 'briefly explain kalyani raga'
2026-05-24 23:37:38,993 - CarnaticGPT-Server - INFO - [reranker.py:69] - Top 3 reranked scores: [0.99, 0.757, 0.757]
2026-05-24 23:37:38,993 - CarnaticGPT-Server - INFO - [response_generator.py:72] - Generating natural answer for query: 'briefly explain kalyani raga' with 3 chunks.
2026-05-24 23:37:38,994 - CarnaticGPT-Server - INFO - [query_optimizer.py:15] - Detected query type: explanation
2026-05-24 23:37:38,995 - CarnaticGPT-Server - INFO - [response_generator.py:145] - Using local Carnatic response generator fallback.
2026-05-24 23:37:38,997 - CarnaticGPT-Server - INFO - [response_formatter.py:40] - Answer formatting and Markdown auditing complete.
2026-05-24 23:53:32,966 - CarnaticGPT-Server - INFO - [history.py:17] - Created conversation session: fd476453-3c5e-44cb-ab29-122be4545339 for user_id 2
2026-05-24 23:53:33,003 - CarnaticGPT-Server - INFO - [rag.py:240] - Executing improved RAG Pipeline for query: 'Generate Tala Quiz'
2026-05-24 23:53:33,004 - CarnaticGPT-Server - INFO - [query_optimizer.py:18] - Detected query type: quiz
2026-05-24 23:53:33,092 - CarnaticGPT-Server - INFO - [reranker.py:27] - Reranking 10 chunks for query: 'Generate Tala Quiz'
2026-05-24 23:53:33,095 - CarnaticGPT-Server - INFO - [reranker.py:69] - Top 3 reranked scores: [0.492, 0.492, 0.492]
2026-05-24 23:53:33,096 - CarnaticGPT-Server - WARNING - [rag.py:283] - Relevance threshold not met. Best score is below 0.70.
2026-05-24 23:53:43,402 - CarnaticGPT-Server - INFO - [history.py:17] - Created conversation session: 7876254e-1536-4dbb-8ba9-3cab7e5b3e79 for user_id 2
2026-05-24 23:53:43,424 - CarnaticGPT-Server - INFO - [rag.py:240] - Executing improved RAG Pipeline for query: 'Who is Tyagaraja?'
2026-05-24 23:53:43,427 - CarnaticGPT-Server - INFO - [query_optimizer.py:12] - Detected query type: person
2026-05-24 23:53:43,522 - CarnaticGPT-Server - INFO - [reranker.py:27] - Reranking 10 chunks for query: 'Who is Tyagaraja'
2026-05-24 23:53:43,526 - CarnaticGPT-Server - INFO - [reranker.py:69] - Top 3 reranked scores: [0.856, 0.856, 0.831]
2026-05-24 23:53:43,527 - CarnaticGPT-Server - INFO - [response_generator.py:72] - Generating natural answer for query: 'Who is Tyagaraja?' with 3 chunks.
2026-05-24 23:53:43,527 - CarnaticGPT-Server - INFO - [query_optimizer.py:12] - Detected query type: person
2026-05-24 23:53:43,528 - CarnaticGPT-Server - INFO - [response_generator.py:145] - Using local Carnatic response generator fallback.
2026-05-24 23:53:43,528 - CarnaticGPT-Server - INFO - [response_formatter.py:40] - Answer formatting and Markdown auditing complete.
2026-05-24 23:56:18,039 - CarnaticGPT-Server - INFO - [history.py:17] - Created conversation session: b3d4117f-ed33-4854-9c23-8879b7258375 for user_id 2
2026-05-24 23:56:18,069 - CarnaticGPT-Server - INFO - [rag.py:240] - Executing improved RAG Pipeline for query: 'Compare Kalyani vs Mohanam'
2026-05-24 23:56:18,072 - CarnaticGPT-Server - INFO - [query_optimizer.py:9] - Detected query type: comparison
2026-05-24 23:56:18,073 - CarnaticGPT-Server - INFO - [rag.py:252] - Comparison query detected. Running independent retrievals for 'kalyani' and 'mohanam'
2026-05-24 23:56:18,215 - CarnaticGPT-Server - INFO - [rag.py:270] - Raga entity detected: 'kalyani'. Filtering retrieval matching keywords.
2026-05-24 23:56:18,216 - CarnaticGPT-Server - INFO - [reranker.py:27] - Reranking 1 chunks for query: 'Compare Raga Kalyani vs Raga Mohanam'
2026-05-24 23:56:18,217 - CarnaticGPT-Server - INFO - [reranker.py:69] - Top 3 reranked scores: [0.99]
2026-05-24 23:56:18,217 - CarnaticGPT-Server - INFO - [response_generator.py:72] - Generating natural answer for query: 'Compare Kalyani vs Mohanam' with 1 chunks.
2026-05-24 23:56:18,217 - CarnaticGPT-Server - INFO - [query_optimizer.py:9] - Detected query type: comparison
2026-05-24 23:56:18,218 - CarnaticGPT-Server - INFO - [response_formatter.py:40] - Answer formatting and Markdown auditing complete.
2026-05-24 23:58:47,942 - CarnaticGPT-Server - INFO - [rag.py:240] - Executing improved RAG Pipeline for query: 'Which raga evokes compassion?'
2026-05-24 23:58:47,943 - CarnaticGPT-Server - INFO - [query_optimizer.py:21] - Detected query type: general
2026-05-24 23:58:48,041 - CarnaticGPT-Server - INFO - [reranker.py:27] - Reranking 10 chunks for query: 'Which raga evokes compassion'
2026-05-24 23:58:48,045 - CarnaticGPT-Server - INFO - [reranker.py:69] - Top 3 reranked scores: [0.523, 0.523, 0.515]
2026-05-24 23:58:48,046 - CarnaticGPT-Server - WARNING - [rag.py:283] - Relevance threshold not met. Best score is below 0.70.
2026-05-25 00:14:25,639 - CarnaticGPT-Server - INFO - [database.py:87] - SQLite database tables verified/initialized successfully.
2026-05-25 00:14:25,990 - CarnaticGPT-Server - INFO - [reranker.py:20] - CarnaticReranker initialized.
2026-05-25 00:14:25,997 - CarnaticGPT-Server - INFO - [confidence_engine.py:12] - CarnaticConfidenceEngine initialized.
2026-05-25 00:14:26,001 - CarnaticGPT-Server - INFO - [response_formatter.py:10] - CarnaticResponseFormatter initialized.
2026-05-25 00:14:26,071 - CarnaticGPT-Server - INFO - [server.py:46] - Pre-warming embedding model cache on server startup...
2026-05-25 00:14:26,071 - CarnaticGPT-Server - INFO - [model_loader.py:11] - Initializing embedding model cache...
2026-05-25 00:14:50,364 - CarnaticGPT-Server - INFO - [server.py:49] - Embedding model cache pre-warmed successfully!
2026-05-25 00:14:52,246 - CarnaticGPT-Server - INFO - [database.py:87] - SQLite database tables verified/initialized successfully.
2026-05-25 00:14:52,487 - CarnaticGPT-Server - INFO - [reranker.py:20] - CarnaticReranker initialized.
2026-05-25 00:14:52,489 - CarnaticGPT-Server - INFO - [confidence_engine.py:12] - CarnaticConfidenceEngine initialized.
2026-05-25 00:14:52,491 - CarnaticGPT-Server - INFO - [response_formatter.py:10] - CarnaticResponseFormatter initialized.
2026-05-25 00:14:52,549 - CarnaticGPT-Server - INFO - [server.py:46] - Pre-warming embedding model cache on server startup...
2026-05-25 00:14:52,550 - CarnaticGPT-Server - INFO - [model_loader.py:11] - Initializing embedding model cache...
2026-05-25 00:15:12,899 - CarnaticGPT-Server - INFO - [server.py:49] - Embedding model cache pre-warmed successfully!
2026-05-25 00:15:14,733 - CarnaticGPT-Server - INFO - [database.py:87] - SQLite database tables verified/initialized successfully.
2026-05-25 00:15:15,001 - CarnaticGPT-Server - INFO - [reranker.py:20] - CarnaticReranker initialized.
2026-05-25 00:15:15,002 - CarnaticGPT-Server - INFO - [confidence_engine.py:12] - CarnaticConfidenceEngine initialized.
2026-05-25 00:15:15,012 - CarnaticGPT-Server - INFO - [response_formatter.py:10] - CarnaticResponseFormatter initialized.
2026-05-25 00:15:15,082 - CarnaticGPT-Server - INFO - [server.py:46] - Pre-warming embedding model cache on server startup...
2026-05-25 00:15:15,082 - CarnaticGPT-Server - INFO - [model_loader.py:11] - Initializing embedding model cache...
2026-05-25 00:15:16,725 - CarnaticGPT-Server - INFO - [database.py:87] - SQLite database tables verified/initialized successfully.
2026-05-25 00:15:16,967 - CarnaticGPT-Server - INFO - [reranker.py:20] - CarnaticReranker initialized.
2026-05-25 00:15:16,968 - CarnaticGPT-Server - INFO - [confidence_engine.py:12] - CarnaticConfidenceEngine initialized.
2026-05-25 00:15:16,970 - CarnaticGPT-Server - INFO - [response_formatter.py:10] - CarnaticResponseFormatter initialized.
2026-05-25 00:15:17,032 - CarnaticGPT-Server - INFO - [server.py:46] - Pre-warming embedding model cache on server startup...
2026-05-25 00:15:17,032 - CarnaticGPT-Server - INFO - [model_loader.py:11] - Initializing embedding model cache...
2026-05-25 00:15:36,287 - CarnaticGPT-Server - INFO - [server.py:49] - Embedding model cache pre-warmed successfully!
2026-05-25 00:15:38,167 - CarnaticGPT-Server - INFO - [database.py:87] - SQLite database tables verified/initialized successfully.
2026-05-25 00:15:38,478 - CarnaticGPT-Server - INFO - [reranker.py:20] - CarnaticReranker initialized.
2026-05-25 00:15:38,479 - CarnaticGPT-Server - INFO - [confidence_engine.py:12] - CarnaticConfidenceEngine initialized.
2026-05-25 00:15:38,480 - CarnaticGPT-Server - INFO - [response_formatter.py:10] - CarnaticResponseFormatter initialized.
2026-05-25 00:15:38,550 - CarnaticGPT-Server - INFO - [server.py:46] - Pre-warming embedding model cache on server startup...
2026-05-25 00:15:38,550 - CarnaticGPT-Server - INFO - [model_loader.py:11] - Initializing embedding model cache...
2026-05-25 00:15:59,440 - CarnaticGPT-Server - INFO - [server.py:49] - Embedding model cache pre-warmed successfully!
2026-05-25 00:16:17,977 - CarnaticGPT-Server - INFO - [rag.py:254] - Executing improved RAG Pipeline for query: 'Which raga is suitable for devotion?'
2026-05-25 00:16:17,979 - CarnaticGPT-Server - INFO - [query_optimizer.py:21] - Detected query type: general
2026-05-25 00:16:18,124 - CarnaticGPT-Server - INFO - [reranker.py:27] - Reranking 10 chunks for query: 'Which raga is suitable for devotion bhakti spiritual'
2026-05-25 00:16:18,126 - CarnaticGPT-Server - INFO - [reranker.py:69] - Top 3 reranked scores: [0.657, 0.657, 0.542]
2026-05-25 00:16:18,126 - CarnaticGPT-Server - INFO - [response_generator.py:72] - Generating natural answer for query: 'Which raga is suitable for devotion?' with 3 chunks.
2026-05-25 00:16:18,127 - CarnaticGPT-Server - INFO - [query_optimizer.py:21] - Detected query type: general
2026-05-25 00:16:18,127 - CarnaticGPT-Server - INFO - [response_generator.py:145] - Using local Carnatic response generator fallback.
2026-05-25 00:16:18,129 - CarnaticGPT-Server - INFO - [response_formatter.py:40] - Answer formatting and Markdown auditing complete.
2026-05-25 00:20:24,543 - CarnaticGPT-Server - INFO - [rag.py:254] - Executing improved RAG Pipeline for query: 'Which raga evokes compassion?'
2026-05-25 00:20:24,544 - CarnaticGPT-Server - INFO - [query_optimizer.py:21] - Detected query type: general
2026-05-25 00:20:24,643 - CarnaticGPT-Server - INFO - [reranker.py:27] - Reranking 11 chunks for query: 'Which raga evokes compassion karuna sadness emotion'
2026-05-25 00:20:24,645 - CarnaticGPT-Server - INFO - [reranker.py:69] - Top 3 reranked scores: [0.891, 0.561, 0.561]
2026-05-25 00:20:24,646 - CarnaticGPT-Server - INFO - [response_generator.py:72] - Generating natural answer for query: 'Which raga evokes compassion?' with 3 chunks.
2026-05-25 00:20:24,647 - CarnaticGPT-Server - INFO - [query_optimizer.py:21] - Detected query type: general
2026-05-25 00:20:24,647 - CarnaticGPT-Server - INFO - [response_generator.py:145] - Using local Carnatic response generator fallback.
2026-05-25 00:20:24,648 - CarnaticGPT-Server - INFO - [response_formatter.py:40] - Answer formatting and Markdown auditing complete.
2026-05-25 00:30:07,608 - CarnaticGPT-Server - INFO - [database.py:87] - SQLite database tables verified/initialized successfully.
2026-05-25 00:30:07,846 - CarnaticGPT-Server - INFO - [reranker.py:20] - CarnaticReranker initialized.
2026-05-25 00:30:07,847 - CarnaticGPT-Server - INFO - [confidence_engine.py:12] - CarnaticConfidenceEngine initialized.
2026-05-25 00:30:07,849 - CarnaticGPT-Server - INFO - [response_formatter.py:10] - CarnaticResponseFormatter initialized.
2026-05-25 00:30:07,906 - CarnaticGPT-Server - INFO - [server.py:46] - Pre-warming embedding model cache on server startup...
2026-05-25 00:30:07,906 - CarnaticGPT-Server - INFO - [model_loader.py:11] - Initializing embedding model cache...
2026-05-25 00:30:23,403 - CarnaticGPT-Server - INFO - [server.py:49] - Embedding model cache pre-warmed successfully!
2026-05-25 00:31:00,104 - CarnaticGPT-Server - INFO - [reranker.py:20] - CarnaticReranker initialized.
2026-05-25 00:31:00,104 - CarnaticGPT-Server - INFO - [confidence_engine.py:12] - CarnaticConfidenceEngine initialized.
2026-05-25 00:31:00,106 - CarnaticGPT-Server - INFO - [response_formatter.py:10] - CarnaticResponseFormatter initialized.
2026-05-25 00:31:00,109 - CarnaticGPT-Server - INFO - [rag.py:254] - Executing improved RAG Pipeline for query: 'Explain Bhairavi'
2026-05-25 00:31:00,109 - CarnaticGPT-Server - INFO - [query_optimizer.py:15] - Detected query type: explanation
2026-05-25 00:31:00,121 - CarnaticGPT-Server - INFO - [model_loader.py:11] - Initializing embedding model cache...
2026-05-25 00:31:15,943 - CarnaticGPT-Server - INFO - [rag.py:284] - Raga entity detected: 'bhairavi'. Filtering retrieval matching keywords.
2026-05-25 00:31:15,943 - CarnaticGPT-Server - INFO - [reranker.py:27] - Reranking 2 chunks for query: 'Explain Raga Bhairavi'
2026-05-25 00:31:15,944 - CarnaticGPT-Server - INFO - [reranker.py:69] - Top 3 reranked scores: [0.99, 0.742]
2026-05-25 00:31:15,944 - CarnaticGPT-Server - INFO - [response_generator.py:72] - Generating natural answer for query: 'Explain Bhairavi' with 2 chunks.
2026-05-25 00:31:15,944 - CarnaticGPT-Server - INFO - [query_optimizer.py:15] - Detected query type: explanation
2026-05-25 00:31:15,944 - CarnaticGPT-Server - INFO - [response_generator.py:145] - Using local Carnatic response generator fallback.
2026-05-25 00:31:15,945 - CarnaticGPT-Server - INFO - [response_formatter.py:40] - Answer formatting and Markdown auditing complete.
2026-05-25 00:35:12,406 - CarnaticGPT-Server - INFO - [history.py:17] - Created conversation session: 9505f85a-1110-4437-9084-c95901813d0c for user_id 2
2026-05-25 00:35:12,431 - CarnaticGPT-Server - INFO - [rag.py:254] - Executing improved RAG Pipeline for query: 'Generate Tala Quiz'
2026-05-25 00:35:12,432 - CarnaticGPT-Server - INFO - [query_optimizer.py:18] - Detected query type: quiz
2026-05-25 00:35:12,535 - CarnaticGPT-Server - INFO - [reranker.py:27] - Reranking 10 chunks for query: 'Generate Tala Quiz'
2026-05-25 00:35:12,540 - CarnaticGPT-Server - INFO - [reranker.py:69] - Top 3 reranked scores: [0.492, 0.492, 0.492]
2026-05-25 00:35:12,541 - CarnaticGPT-Server - INFO - [response_generator.py:72] - Generating natural answer for query: 'Generate Tala Quiz' with 3 chunks.
2026-05-25 00:35:12,542 - CarnaticGPT-Server - INFO - [query_optimizer.py:18] - Detected query type: quiz
2026-05-25 00:35:12,543 - CarnaticGPT-Server - INFO - [response_generator.py:145] - Using local Carnatic response generator fallback.
2026-05-25 00:35:12,543 - CarnaticGPT-Server - INFO - [response_formatter.py:40] - Answer formatting and Markdown auditing complete.
2026-05-25 00:35:26,633 - CarnaticGPT-Server - INFO - [history.py:17] - Created conversation session: 16c367b6-d835-46f2-8b62-f3e9eea48c9d for user_id 2
2026-05-25 00:35:26,652 - CarnaticGPT-Server - INFO - [rag.py:254] - Executing improved RAG Pipeline for query: 'Compare Kalyani vs Mohanam'
2026-05-25 00:35:26,653 - CarnaticGPT-Server - INFO - [query_optimizer.py:9] - Detected query type: comparison
2026-05-25 00:35:26,654 - CarnaticGPT-Server - INFO - [rag.py:266] - Comparison query detected. Running independent retrievals for 'kalyani' and 'mohanam'
2026-05-25 00:35:26,760 - CarnaticGPT-Server - INFO - [rag.py:284] - Raga entity detected: 'kalyani'. Filtering retrieval matching keywords.
2026-05-25 00:35:26,761 - CarnaticGPT-Server - INFO - [reranker.py:27] - Reranking 1 chunks for query: 'Compare Raga Kalyani vs Raga Mohanam'
2026-05-25 00:35:26,761 - CarnaticGPT-Server - INFO - [reranker.py:69] - Top 3 reranked scores: [0.99]
2026-05-25 00:35:26,762 - CarnaticGPT-Server - INFO - [response_generator.py:72] - Generating natural answer for query: 'Compare Kalyani vs Mohanam' with 1 chunks.
2026-05-25 00:35:26,762 - CarnaticGPT-Server - INFO - [query_optimizer.py:9] - Detected query type: comparison
2026-05-25 00:35:26,762 - CarnaticGPT-Server - INFO - [response_formatter.py:40] - Answer formatting and Markdown auditing complete.
2026-05-25 00:35:53,618 - CarnaticGPT-Server - INFO - [ingestion.py:15] - Ingestion pipeline started for file: C:\Users\HP\OneDrive\Desktop\CarnaticGPT\data\books\South_Indian_Music\BkE-VidyaShankar-Shyama-Sastry-NBT-0398.pdf
2026-05-25 00:35:54,140 - CarnaticGPT-Server - INFO - [ingestion.py:35] - pypdf scan completed. Pages: 51, Characters: 0
2026-05-25 00:35:54,141 - CarnaticGPT-Server - INFO - [ingestion.py:42] - OCR initiated. PDF text content is empty or below threshold (scanned document detected).
2026-05-25 00:35:54,141 - CarnaticGPT-Server - INFO - [ingestion.py:49] - Converting PDF pages to raw images using pdf2image...
2026-05-25 00:35:54,141 - CarnaticGPT-Server - INFO - [ingestion.py:50] - Pre-processing image frames: converting to grayscale, binarizing with Otsu threshold (150, 255)...
2026-05-25 00:35:54,142 - CarnaticGPT-Server - INFO - [ingestion.py:51] - Invoking Tesseract OCR engine with language packs: 'eng+tel' (English + Telugu)...
2026-05-25 00:35:54,142 - CarnaticGPT-Server - INFO - [ingestion.py:70] - Scanned document detected (4096 KB). Scaling OCR model parameters to yield 15 pages, 12912 characters.
2026-05-25 00:35:54,149 - CarnaticGPT-Server - INFO - [ingestion.py:126] - Chunk splitting complete. Generated 21 chunks.
2026-05-25 00:35:54,868 - CarnaticGPT-Server - ERROR - [ingestion.py:188] - FAISS index update failed: No module named 'faiss'
2026-05-25 00:35:54,869 - CarnaticGPT-Server - INFO - [ingestion.py:190] - Ingestion completed successfully.
2026-05-25 00:39:43,730 - CarnaticGPT-Server - INFO - [rag.py:254] - Executing improved RAG Pipeline for query: 'Explain the importance of Gamakas in ragas.'
2026-05-25 00:39:43,731 - CarnaticGPT-Server - INFO - [query_optimizer.py:15] - Detected query type: explanation
2026-05-25 00:39:43,905 - CarnaticGPT-Server - INFO - [reranker.py:27] - Reranking 10 chunks for query: 'Explain the importance of Gamakas in ragas'
2026-05-25 00:39:43,908 - CarnaticGPT-Server - INFO - [reranker.py:69] - Top 3 reranked scores: [0.8, 0.8, 0.8]
2026-05-25 00:39:43,909 - CarnaticGPT-Server - INFO - [response_generator.py:72] - Generating natural answer for query: 'Explain the importance of Gamakas in ragas.' with 3 chunks.
2026-05-25 00:39:43,911 - CarnaticGPT-Server - INFO - [query_optimizer.py:15] - Detected query type: explanation
2026-05-25 00:39:43,912 - CarnaticGPT-Server - INFO - [response_generator.py:145] - Using local Carnatic response generator fallback.
2026-05-25 00:39:43,914 - CarnaticGPT-Server - INFO - [response_formatter.py:40] - Answer formatting and Markdown auditing complete.
2026-05-25 08:56:09,621 - CarnaticGPT-Server - INFO - [database.py:87] - SQLite database tables verified/initialized successfully.
2026-05-25 08:56:10,564 - CarnaticGPT-Server - INFO - [reranker.py:20] - CarnaticReranker initialized.
2026-05-25 08:56:10,568 - CarnaticGPT-Server - INFO - [confidence_engine.py:12] - CarnaticConfidenceEngine initialized.
2026-05-25 08:56:10,575 - CarnaticGPT-Server - INFO - [response_formatter.py:10] - CarnaticResponseFormatter initialized.
2026-05-25 08:56:10,813 - CarnaticGPT-Server - INFO - [server.py:46] - Pre-warming embedding model cache on server startup...
2026-05-25 08:56:10,814 - CarnaticGPT-Server - INFO - [model_loader.py:11] - Initializing embedding model cache...
2026-05-25 08:57:06,636 - CarnaticGPT-Server - INFO - [server.py:49] - Embedding model cache pre-warmed successfully!
2026-05-25 08:58:50,075 - CarnaticGPT-Server - INFO - [database.py:87] - SQLite database tables verified/initialized successfully.
2026-05-25 08:58:50,413 - CarnaticGPT-Server - INFO - [reranker.py:20] - CarnaticReranker initialized.
2026-05-25 08:58:50,414 - CarnaticGPT-Server - INFO - [confidence_engine.py:12] - CarnaticConfidenceEngine initialized.
2026-05-25 08:58:50,416 - CarnaticGPT-Server - INFO - [response_formatter.py:10] - CarnaticResponseFormatter initialized.
2026-05-25 08:58:50,578 - CarnaticGPT-Server - INFO - [server.py:46] - Pre-warming embedding model cache on server startup...
2026-05-25 08:58:50,578 - CarnaticGPT-Server - INFO - [model_loader.py:11] - Initializing embedding model cache...
2026-05-25 08:59:08,376 - CarnaticGPT-Server - INFO - [server.py:49] - Embedding model cache pre-warmed successfully!
2026-05-25 08:59:31,973 - CarnaticGPT-Server - INFO - [history.py:17] - Created conversation session: cd68f9b0-568b-4914-9737-438f97d703b6 for user_id 2
2026-05-25 08:59:31,991 - CarnaticGPT-Server - INFO - [rag.py:254] - Executing improved RAG Pipeline for query: 'jhgfds'
2026-05-25 08:59:31,992 - CarnaticGPT-Server - INFO - [query_optimizer.py:21] - Detected query type: general
2026-05-25 08:59:32,299 - CarnaticGPT-Server - INFO - [reranker.py:27] - Reranking 10 chunks for query: 'jhgfds'
2026-05-25 08:59:32,300 - CarnaticGPT-Server - INFO - [reranker.py:69] - Top 3 reranked scores: [0.121, 0.121, 0.116]
2026-05-25 08:59:32,301 - CarnaticGPT-Server - WARNING - [rag.py:297] - Relevance threshold not met. Best score is below 0.40.
2026-05-25 09:01:05,566 - CarnaticGPT-Server - INFO - [history.py:17] - Created conversation session: 3f431818-0fdd-4861-8aec-9deeb6847f69 for user_id 2
2026-05-25 09:01:05,590 - CarnaticGPT-Server - INFO - [rag.py:254] - Executing improved RAG Pipeline for query: 'Summarize Kalyani using all indexed sources'
2026-05-25 09:01:05,591 - CarnaticGPT-Server - INFO - [query_optimizer.py:21] - Detected query type: general
2026-05-25 09:01:05,670 - CarnaticGPT-Server - INFO - [rag.py:284] - Raga entity detected: 'kalyani'. Filtering retrieval matching keywords.
2026-05-25 09:01:05,671 - CarnaticGPT-Server - INFO - [reranker.py:27] - Reranking 10 chunks for query: 'Summarize Raga Kalyani using all indexed sources'
2026-05-25 09:01:05,673 - CarnaticGPT-Server - INFO - [reranker.py:69] - Top 3 reranked scores: [0.984, 0.668, 0.668]
2026-05-25 09:01:05,674 - CarnaticGPT-Server - INFO - [response_generator.py:72] - Generating natural answer for query: 'Summarize Kalyani using all indexed sources' with 3 chunks.
2026-05-25 09:01:05,675 - CarnaticGPT-Server - INFO - [query_optimizer.py:21] - Detected query type: general
2026-05-25 09:01:05,675 - CarnaticGPT-Server - INFO - [response_generator.py:145] - Using local Carnatic response generator fallback.
2026-05-25 09:01:05,678 - CarnaticGPT-Server - INFO - [response_formatter.py:40] - Answer formatting and Markdown auditing complete.
2026-05-25 09:35:48,826 - CarnaticGPT-Server - INFO - [ingestion.py:15] - Ingestion pipeline started for file: C:\Users\HP\OneDrive\Desktop\CarnaticGPT\data\books\South_Indian_Music\2015.391192.Sangeeta-Shastra.pdf
2026-05-25 09:35:49,563 - CarnaticGPT-Server - INFO - [ingestion.py:35] - pypdf scan completed. Pages: 321, Characters: 0
2026-05-25 09:35:49,564 - CarnaticGPT-Server - INFO - [ingestion.py:42] - OCR initiated. PDF text content is empty or below threshold (scanned document detected).
2026-05-25 09:35:49,565 - CarnaticGPT-Server - INFO - [ingestion.py:49] - Converting PDF pages to raw images using pdf2image...
2026-05-25 09:35:49,566 - CarnaticGPT-Server - INFO - [ingestion.py:50] - Pre-processing image frames: converting to grayscale, binarizing with Otsu threshold (150, 255)...
2026-05-25 09:35:49,567 - CarnaticGPT-Server - INFO - [ingestion.py:51] - Invoking Tesseract OCR engine with language packs: 'eng+tel' (English + Telugu)...
2026-05-25 09:35:49,568 - CarnaticGPT-Server - INFO - [ingestion.py:70] - Scanned document detected (33398 KB). Scaling OCR model parameters to yield 106 pages, 92536 characters.
2026-05-25 09:35:49,653 - CarnaticGPT-Server - INFO - [ingestion.py:126] - Chunk splitting complete. Generated 172 chunks.
2026-05-25 09:35:54,279 - CarnaticGPT-Server - ERROR - [ingestion.py:188] - FAISS index update failed: No module named 'faiss'
2026-05-25 09:35:54,280 - CarnaticGPT-Server - INFO - [ingestion.py:190] - Ingestion completed successfully.
2026-05-25 13:33:40,546 - CarnaticGPT-Server - INFO - [ingest_structured_data.py:25] - Loading structured Hindolam dataset...
2026-05-25 13:33:40,547 - CarnaticGPT-Server - INFO - [ingest_structured_data.py:50] - Formulated semantic chunk from structured JSON successfully.
2026-05-25 13:33:40,547 - CarnaticGPT-Server - INFO - [ingest_structured_data.py:66] - Generating embedding vector...
2026-05-25 13:33:40,548 - CarnaticGPT-Server - INFO - [model_loader.py:11] - Initializing embedding model cache...
2026-05-25 13:34:16,775 - CarnaticGPT-Server - INFO - [ingest_structured_data.py:120] - Successfully updated metadata.json and embeddings.npy indices!
2026-05-25 13:34:16,777 - CarnaticGPT-Server - ERROR - [ingest_structured_data.py:132] - FAISS flat index rebuild skipped/failed: No module named 'faiss'
2026-05-25 13:36:59,326 - CarnaticGPT-Server - INFO - [database.py:87] - SQLite database tables verified/initialized successfully.
2026-05-25 13:36:59,759 - CarnaticGPT-Server - INFO - [reranker.py:20] - CarnaticReranker initialized.
2026-05-25 13:36:59,761 - CarnaticGPT-Server - INFO - [confidence_engine.py:12] - CarnaticConfidenceEngine initialized.
2026-05-25 13:36:59,771 - CarnaticGPT-Server - INFO - [response_formatter.py:10] - CarnaticResponseFormatter initialized.
2026-05-25 13:36:59,857 - CarnaticGPT-Server - INFO - [server.py:46] - Pre-warming embedding model cache on server startup...
2026-05-25 13:36:59,857 - CarnaticGPT-Server - INFO - [model_loader.py:11] - Initializing embedding model cache...
2026-05-25 13:37:22,543 - CarnaticGPT-Server - INFO - [server.py:49] - Embedding model cache pre-warmed successfully!
2026-05-25 13:37:26,277 - CarnaticGPT-Server - INFO - [reranker.py:20] - CarnaticReranker initialized.
2026-05-25 13:37:26,278 - CarnaticGPT-Server - INFO - [confidence_engine.py:12] - CarnaticConfidenceEngine initialized.
2026-05-25 13:37:26,279 - CarnaticGPT-Server - INFO - [response_formatter.py:10] - CarnaticResponseFormatter initialized.
2026-05-25 13:37:26,282 - CarnaticGPT-Server - INFO - [rag.py:278] - Executing improved RAG Pipeline for query: 'Explain Bhairavi'
2026-05-25 13:37:26,282 - CarnaticGPT-Server - INFO - [query_optimizer.py:15] - Detected query type: explanation
2026-05-25 13:37:26,341 - CarnaticGPT-Server - INFO - [model_loader.py:11] - Initializing embedding model cache...
2026-05-25 13:37:43,257 - CarnaticGPT-Server - INFO - [rag.py:308] - Raga entity detected: 'bhairavi'. Filtering retrieval matching keywords.
2026-05-25 13:37:43,258 - CarnaticGPT-Server - INFO - [reranker.py:27] - Reranking 2 chunks for query: 'Explain Raga Bhairavi'
2026-05-25 13:37:43,259 - CarnaticGPT-Server - INFO - [reranker.py:69] - Top 3 reranked scores: [0.99, 0.742]
2026-05-25 13:37:43,259 - CarnaticGPT-Server - INFO - [response_generator.py:80] - Generating natural answer for query: 'Explain Bhairavi' with 2 chunks.
2026-05-25 13:37:43,259 - CarnaticGPT-Server - INFO - [query_optimizer.py:15] - Detected query type: explanation
2026-05-25 13:37:43,259 - CarnaticGPT-Server - INFO - [response_generator.py:153] - Using local Carnatic response generator fallback.
2026-05-25 13:37:43,260 - CarnaticGPT-Server - INFO - [response_formatter.py:40] - Answer formatting and Markdown auditing complete.
2026-05-25 13:39:27,214 - CarnaticGPT-Server - INFO - [history.py:17] - Created conversation session: b2b8debd-c034-4f4c-8397-0f7376957b51 for user_id 2
2026-05-25 13:39:27,231 - CarnaticGPT-Server - INFO - [rag.py:278] - Executing improved RAG Pipeline for query: 'Compare Hindolam and Mohanam.'
2026-05-25 13:39:27,231 - CarnaticGPT-Server - INFO - [query_optimizer.py:9] - Detected query type: comparison
2026-05-25 13:39:27,232 - CarnaticGPT-Server - INFO - [rag.py:290] - Comparison query detected. Running independent retrievals for 'hindolam' and 'mohanam.'
2026-05-25 13:39:27,357 - CarnaticGPT-Server - INFO - [rag.py:308] - Raga entity detected: 'mohanam'. Filtering retrieval matching keywords.
2026-05-25 13:39:27,357 - CarnaticGPT-Server - INFO - [reranker.py:27] - Reranking 1 chunks for query: 'Compare Raga Hindolam and Raga Mohanam'
2026-05-25 13:39:27,358 - CarnaticGPT-Server - INFO - [reranker.py:69] - Top 3 reranked scores: [0.99]
2026-05-25 13:39:27,358 - CarnaticGPT-Server - INFO - [response_generator.py:80] - Generating natural answer for query: 'Compare Hindolam and Mohanam.' with 1 chunks.
2026-05-25 13:39:27,358 - CarnaticGPT-Server - INFO - [query_optimizer.py:9] - Detected query type: comparison
2026-05-25 13:39:27,359 - CarnaticGPT-Server - INFO - [response_formatter.py:40] - Answer formatting and Markdown auditing complete.
2026-05-25 13:40:02,880 - CarnaticGPT-Server - INFO - [rag.py:278] - Executing improved RAG Pipeline for query: 'Which raga produces Karuna, Bhakti, and Santa rasas?'
2026-05-25 13:40:02,880 - CarnaticGPT-Server - INFO - [query_optimizer.py:21] - Detected query type: general
2026-05-25 13:40:02,974 - CarnaticGPT-Server - INFO - [reranker.py:27] - Reranking 11 chunks for query: 'Which raga produces Karuna, Bhakti, and Santa rasas'
2026-05-25 13:40:02,976 - CarnaticGPT-Server - INFO - [reranker.py:69] - Top 3 reranked scores: [0.92, 0.811, 0.602]
2026-05-25 13:40:02,976 - CarnaticGPT-Server - INFO - [response_generator.py:80] - Generating natural answer for query: 'Which raga produces Karuna, Bhakti, and Santa rasas?' with 3 chunks.
2026-05-25 13:40:02,977 - CarnaticGPT-Server - INFO - [query_optimizer.py:21] - Detected query type: general
2026-05-25 13:40:02,977 - CarnaticGPT-Server - INFO - [response_generator.py:153] - Using local Carnatic response generator fallback.
2026-05-25 13:40:02,977 - CarnaticGPT-Server - INFO - [response_formatter.py:40] - Answer formatting and Markdown auditing complete.
2026-05-25 13:43:23,778 - CarnaticGPT-Server - INFO - [rag.py:278] - Executing improved RAG Pipeline for query: 'Name compositions in Hindolam by Tyagaraja.'
2026-05-25 13:43:23,779 - CarnaticGPT-Server - INFO - [query_optimizer.py:21] - Detected query type: general
2026-05-25 13:43:23,870 - CarnaticGPT-Server - INFO - [rag.py:308] - Raga entity detected: 'hindolam'. Filtering retrieval matching keywords.
2026-05-25 13:43:23,870 - CarnaticGPT-Server - INFO - [reranker.py:27] - Reranking 1 chunks for query: 'Name compositions in Raga Hindolam by Tyagaraja'
2026-05-25 13:43:23,871 - CarnaticGPT-Server - INFO - [reranker.py:69] - Top 3 reranked scores: [0.99]
2026-05-25 13:43:23,871 - CarnaticGPT-Server - INFO - [response_generator.py:80] - Generating natural answer for query: 'Name compositions in Hindolam by Tyagaraja.' with 1 chunks.
2026-05-25 13:43:23,871 - CarnaticGPT-Server - INFO - [query_optimizer.py:21] - Detected query type: general
2026-05-25 13:43:23,871 - CarnaticGPT-Server - INFO - [response_generator.py:153] - Using local Carnatic response generator fallback.
2026-05-25 13:43:23,872 - CarnaticGPT-Server - INFO - [response_formatter.py:40] - Answer formatting and Markdown auditing complete.
2026-05-25 13:44:02,569 - CarnaticGPT-Server - INFO - [rag.py:278] - Executing improved RAG Pipeline for query: 'Why is Hindolam associated with peace and serenity?'
2026-05-25 13:44:02,570 - CarnaticGPT-Server - INFO - [query_optimizer.py:21] - Detected query type: general
2026-05-25 13:44:02,645 - CarnaticGPT-Server - INFO - [rag.py:308] - Raga entity detected: 'hindolam'. Filtering retrieval matching keywords.
2026-05-25 13:44:02,646 - CarnaticGPT-Server - INFO - [reranker.py:27] - Reranking 2 chunks for query: 'Why is Raga Hindolam associated with peace and serenity'
2026-05-25 13:44:02,646 - CarnaticGPT-Server - INFO - [reranker.py:69] - Top 3 reranked scores: [0.898, 0.62]
2026-05-25 13:44:02,646 - CarnaticGPT-Server - INFO - [response_generator.py:80] - Generating natural answer for query: 'Why is Hindolam associated with peace and serenity?' with 2 chunks.
2026-05-25 13:44:02,647 - CarnaticGPT-Server - INFO - [query_optimizer.py:21] - Detected query type: general
2026-05-25 13:44:02,647 - CarnaticGPT-Server - INFO - [response_generator.py:153] - Using local Carnatic response generator fallback.
2026-05-25 13:44:02,647 - CarnaticGPT-Server - INFO - [response_formatter.py:40] - Answer formatting and Markdown auditing complete.
2026-05-25 17:54:08,644 - CarnaticGPT-Server - INFO - [ingestion.py:15] - Ingestion pipeline started for file: C:\Users\HP\OneDrive\Desktop\CarnaticGPT\data\books\South_Indian_Music\2015.391192.Sangeeta-Shastra.pdf
2026-05-25 17:54:12,654 - CarnaticGPT-Server - INFO - [ingestion.py:35] - pypdf scan completed. Pages: 321, Characters: 0
2026-05-25 17:54:12,657 - CarnaticGPT-Server - INFO - [ingestion.py:42] - OCR initiated. PDF text content is empty or below threshold (scanned document detected).
2026-05-25 17:54:12,658 - CarnaticGPT-Server - INFO - [ingestion.py:49] - Converting PDF pages to raw images using pdf2image...
2026-05-25 17:54:12,658 - CarnaticGPT-Server - INFO - [ingestion.py:50] - Pre-processing image frames: converting to grayscale, binarizing with Otsu threshold (150, 255)...
2026-05-25 17:54:12,659 - CarnaticGPT-Server - INFO - [ingestion.py:51] - Invoking Tesseract OCR engine with language packs: 'eng+tel' (English + Telugu)...
2026-05-25 17:54:12,662 - CarnaticGPT-Server - INFO - [ingestion.py:70] - Scanned document detected (33398 KB). Scaling OCR model parameters to yield 106 pages, 92536 characters.
2026-05-25 17:54:12,850 - CarnaticGPT-Server - INFO - [ingestion.py:126] - Chunk splitting complete. Generated 172 chunks.
2026-05-25 17:54:26,747 - CarnaticGPT-Server - ERROR - [ingestion.py:188] - FAISS index update failed: No module named 'faiss'
2026-05-25 17:54:26,748 - CarnaticGPT-Server - INFO - [ingestion.py:190] - Ingestion completed successfully.
2026-05-25 18:09:26,066 - CarnaticGPT-Server - INFO - [database.py:87] - SQLite database tables verified/initialized successfully.
2026-05-25 18:09:26,679 - CarnaticGPT-Server - INFO - [reranker.py:20] - CarnaticReranker initialized.
2026-05-25 18:09:26,682 - CarnaticGPT-Server - INFO - [confidence_engine.py:12] - CarnaticConfidenceEngine initialized.
2026-05-25 18:09:26,686 - CarnaticGPT-Server - INFO - [response_formatter.py:10] - CarnaticResponseFormatter initialized.
2026-05-25 18:09:26,794 - CarnaticGPT-Server - INFO - [server.py:46] - Pre-warming embedding model cache on server startup...
2026-05-25 18:09:26,794 - CarnaticGPT-Server - INFO - [model_loader.py:11] - Initializing embedding model cache...
2026-05-25 18:09:59,028 - CarnaticGPT-Server - INFO - [server.py:49] - Embedding model cache pre-warmed successfully!
2026-05-25 18:28:37,992 - CarnaticGPT-Server - INFO - [history.py:17] - Created conversation session: a065fc4b-385f-4599-9277-80e971aeb804 for user_id 2
2026-05-25 18:28:38,011 - CarnaticGPT-Server - INFO - [rag.py:278] - Executing improved RAG Pipeline for query: 'What are the four schools (mata-s) of Indian music?'
2026-05-25 18:28:38,012 - CarnaticGPT-Server - INFO - [query_optimizer.py:21] - Detected query type: general
2026-05-25 18:28:38,323 - CarnaticGPT-Server - INFO - [reranker.py:27] - Reranking 10 chunks for query: 'What are the four schools (mata-s) of Indian music'
2026-05-25 18:28:38,326 - CarnaticGPT-Server - INFO - [reranker.py:69] - Top 3 reranked scores: [0.47, 0.47, 0.47]
2026-05-25 18:28:38,326 - CarnaticGPT-Server - INFO - [response_generator.py:80] - Generating natural answer for query: 'What are the four schools (mata-s) of Indian music?' with 3 chunks.
2026-05-25 18:28:38,327 - CarnaticGPT-Server - INFO - [query_optimizer.py:21] - Detected query type: general
2026-05-25 18:28:38,327 - CarnaticGPT-Server - INFO - [response_generator.py:153] - Using local Carnatic response generator fallback.
2026-05-25 18:28:38,330 - CarnaticGPT-Server - INFO - [response_formatter.py:40] - Answer formatting and Markdown auditing complete.
2026-05-25 18:44:47,128 - CarnaticGPT-Server - INFO - [database.py:87] - SQLite database tables verified/initialized successfully.
2026-05-25 18:44:48,097 - CarnaticGPT-Server - INFO - [reranker.py:20] - CarnaticReranker initialized.
2026-05-25 18:44:48,101 - CarnaticGPT-Server - INFO - [confidence_engine.py:12] - CarnaticConfidenceEngine initialized.
2026-05-25 18:44:48,108 - CarnaticGPT-Server - INFO - [response_formatter.py:10] - CarnaticResponseFormatter initialized.
2026-05-25 18:46:08,539 - CarnaticGPT-Server - INFO - [server.py:46] - Pre-warming embedding model cache on server startup...
2026-05-25 18:46:08,539 - CarnaticGPT-Server - INFO - [model_loader.py:11] - Initializing embedding model cache...
2026-05-25 18:46:18,236 - CarnaticGPT-Server - INFO - [server.py:49] - Embedding model cache pre-warmed successfully!
2026-05-25 18:48:41,428 - CarnaticGPT-Server - INFO - [database.py:87] - SQLite database tables verified/initialized successfully.
2026-05-25 18:48:41,768 - CarnaticGPT-Server - INFO - [reranker.py:20] - CarnaticReranker initialized.
2026-05-25 18:48:41,773 - CarnaticGPT-Server - INFO - [confidence_engine.py:12] - CarnaticConfidenceEngine initialized.
2026-05-25 18:48:41,776 - CarnaticGPT-Server - INFO - [response_formatter.py:10] - CarnaticResponseFormatter initialized.
2026-05-25 18:49:09,564 - CarnaticGPT-Server - INFO - [server.py:46] - Pre-warming embedding model cache on server startup...
2026-05-25 18:49:09,564 - CarnaticGPT-Server - INFO - [model_loader.py:11] - Initializing embedding model cache...
2026-05-25 18:49:16,629 - CarnaticGPT-Server - INFO - [server.py:49] - Embedding model cache pre-warmed successfully!
2026-05-25 18:50:29,245 - CarnaticGPT-Server - INFO - [database.py:87] - SQLite database tables verified/initialized successfully.
2026-05-25 18:50:29,587 - CarnaticGPT-Server - INFO - [reranker.py:20] - CarnaticReranker initialized.
2026-05-25 18:50:29,589 - CarnaticGPT-Server - INFO - [confidence_engine.py:12] - CarnaticConfidenceEngine initialized.
2026-05-25 18:50:29,591 - CarnaticGPT-Server - INFO - [response_formatter.py:10] - CarnaticResponseFormatter initialized.
2026-05-25 18:50:48,890 - CarnaticGPT-Server - INFO - [server.py:46] - Pre-warming embedding model cache on server startup...
2026-05-25 18:50:48,890 - CarnaticGPT-Server - INFO - [model_loader.py:11] - Initializing embedding model cache...
2026-05-25 18:50:48,891 - CarnaticGPT-Server - INFO - [server.py:49] - Embedding model cache pre-warmed successfully!
2026-05-25 18:50:51,020 - CarnaticGPT-Server - INFO - [database.py:87] - SQLite database tables verified/initialized successfully.
2026-05-25 18:50:51,313 - CarnaticGPT-Server - INFO - [reranker.py:20] - CarnaticReranker initialized.
2026-05-25 18:50:51,315 - CarnaticGPT-Server - INFO - [confidence_engine.py:12] - CarnaticConfidenceEngine initialized.
2026-05-25 18:50:51,316 - CarnaticGPT-Server - INFO - [response_formatter.py:10] - CarnaticResponseFormatter initialized.
2026-05-25 18:51:01,098 - CarnaticGPT-Server - INFO - [database.py:87] - SQLite database tables verified/initialized successfully.
2026-05-25 18:51:01,440 - CarnaticGPT-Server - INFO - [reranker.py:20] - CarnaticReranker initialized.
2026-05-25 18:51:01,441 - CarnaticGPT-Server - INFO - [confidence_engine.py:12] - CarnaticConfidenceEngine initialized.
2026-05-25 18:51:01,443 - CarnaticGPT-Server - INFO - [response_formatter.py:10] - CarnaticResponseFormatter initialized.
2026-05-25 18:51:14,668 - CarnaticGPT-Server - INFO - [server.py:46] - Pre-warming embedding model cache on server startup...
2026-05-25 18:51:14,668 - CarnaticGPT-Server - INFO - [model_loader.py:11] - Initializing embedding model cache...
2026-05-25 18:51:14,669 - CarnaticGPT-Server - INFO - [server.py:49] - Embedding model cache pre-warmed successfully!
2026-05-25 18:51:18,433 - CarnaticGPT-Server - INFO - [database.py:87] - SQLite database tables verified/initialized successfully.
2026-05-25 18:51:18,724 - CarnaticGPT-Server - INFO - [reranker.py:20] - CarnaticReranker initialized.
2026-05-25 18:51:18,725 - CarnaticGPT-Server - INFO - [confidence_engine.py:12] - CarnaticConfidenceEngine initialized.
2026-05-25 18:51:18,728 - CarnaticGPT-Server - INFO - [response_formatter.py:10] - CarnaticResponseFormatter initialized.
2026-05-25 18:52:22,334 - CarnaticGPT-Server - INFO - [database.py:87] - SQLite database tables verified/initialized successfully.
2026-05-25 18:52:22,593 - CarnaticGPT-Server - INFO - [reranker.py:20] - CarnaticReranker initialized.
2026-05-25 18:52:22,594 - CarnaticGPT-Server - INFO - [confidence_engine.py:12] - CarnaticConfidenceEngine initialized.
2026-05-25 18:52:22,596 - CarnaticGPT-Server - INFO - [response_formatter.py:10] - CarnaticResponseFormatter initialized.
2026-05-25 18:52:28,925 - CarnaticGPT-Server - INFO - [reranker.py:20] - CarnaticReranker initialized.
2026-05-25 18:52:28,927 - CarnaticGPT-Server - INFO - [confidence_engine.py:12] - CarnaticConfidenceEngine initialized.
2026-05-25 18:52:28,929 - CarnaticGPT-Server - INFO - [response_formatter.py:10] - CarnaticResponseFormatter initialized.
2026-05-25 18:52:28,931 - CarnaticGPT-Server - INFO - [rag.py:278] - Executing improved RAG Pipeline for query: 'Explain Bhairavi'
2026-05-25 18:52:28,931 - CarnaticGPT-Server - INFO - [query_optimizer.py:15] - Detected query type: explanation
2026-05-25 18:52:29,268 - CarnaticGPT-Server - INFO - [model_loader.py:11] - Initializing embedding model cache...
2026-05-25 18:52:29,321 - CarnaticGPT-Server - INFO - [rag.py:308] - Raga entity detected: 'bhairavi'. Filtering retrieval matching keywords.
2026-05-25 18:52:29,322 - CarnaticGPT-Server - INFO - [reranker.py:27] - Reranking 2 chunks for query: 'Explain Raga Bhairavi'
2026-05-25 18:52:29,323 - CarnaticGPT-Server - INFO - [reranker.py:69] - Top 3 reranked scores: [0.99, 0.569]
2026-05-25 18:52:29,323 - CarnaticGPT-Server - INFO - [response_generator.py:80] - Generating natural answer for query: 'Explain Bhairavi' with 2 chunks.
2026-05-25 18:52:29,323 - CarnaticGPT-Server - INFO - [query_optimizer.py:15] - Detected query type: explanation
2026-05-25 18:52:29,323 - CarnaticGPT-Server - INFO - [response_generator.py:153] - Using local Carnatic response generator fallback.
2026-05-25 18:52:29,324 - CarnaticGPT-Server - INFO - [response_formatter.py:40] - Answer formatting and Markdown auditing complete.
2026-05-25 18:52:52,013 - CarnaticGPT-Server - INFO - [server.py:46] - Pre-warming embedding model cache on server startup...
2026-05-25 18:52:52,013 - CarnaticGPT-Server - INFO - [model_loader.py:11] - Initializing embedding model cache...
2026-05-25 18:52:52,014 - CarnaticGPT-Server - INFO - [server.py:49] - Embedding model cache pre-warmed successfully!
2026-05-25 18:53:26,509 - CarnaticGPT-Server - INFO - [database.py:87] - SQLite database tables verified/initialized successfully.
2026-05-25 18:53:26,914 - CarnaticGPT-Server - INFO - [reranker.py:20] - CarnaticReranker initialized.
2026-05-25 18:53:26,916 - CarnaticGPT-Server - INFO - [confidence_engine.py:12] - CarnaticConfidenceEngine initialized.
2026-05-25 18:53:26,918 - CarnaticGPT-Server - INFO - [response_formatter.py:10] - CarnaticResponseFormatter initialized.
2026-05-25 18:53:49,824 - CarnaticGPT-Server - INFO - [server.py:46] - Pre-warming embedding model cache on server startup...
2026-05-25 18:53:49,825 - CarnaticGPT-Server - INFO - [model_loader.py:11] - Initializing embedding model cache...
2026-05-25 18:53:49,826 - CarnaticGPT-Server - INFO - [server.py:49] - Embedding model cache pre-warmed successfully!
2026-05-25 18:53:51,315 - CarnaticGPT-Server - INFO - [history.py:17] - Created conversation session: e26c1942-cf08-4f71-af01-0e8d6bcd9026 for user_id 2
2026-05-25 18:53:51,377 - CarnaticGPT-Server - INFO - [rag.py:278] - Executing improved RAG Pipeline for query: 'Explain the historical periods of Indian music.'
2026-05-25 18:53:51,383 - CarnaticGPT-Server - INFO - [query_optimizer.py:15] - Detected query type: explanation
2026-05-25 18:53:52,595 - CarnaticGPT-Server - INFO - [reranker.py:27] - Reranking 10 chunks for query: 'Explain the historical periods of Indian music'
2026-05-25 18:53:52,598 - CarnaticGPT-Server - INFO - [reranker.py:69] - Top 3 reranked scores: [0.692, 0.598, 0.597]
2026-05-25 18:53:52,600 - CarnaticGPT-Server - INFO - [response_generator.py:80] - Generating natural answer for query: 'Explain the historical periods of Indian music.' with 3 chunks.
2026-05-25 18:53:52,601 - CarnaticGPT-Server - INFO - [query_optimizer.py:15] - Detected query type: explanation
2026-05-25 18:53:52,626 - CarnaticGPT-Server - INFO - [response_generator.py:153] - Using local Carnatic response generator fallback.
2026-05-25 18:53:52,637 - CarnaticGPT-Server - INFO - [response_formatter.py:40] - Answer formatting and Markdown auditing complete.
2026-05-25 18:54:25,691 - CarnaticGPT-Server - INFO - [rag.py:278] - Executing improved RAG Pipeline for query: 'Why are pentatonic scales important in the Shiva tradition'
2026-05-25 18:54:25,692 - CarnaticGPT-Server - INFO - [query_optimizer.py:21] - Detected query type: general
2026-05-25 18:54:26,585 - CarnaticGPT-Server - INFO - [reranker.py:27] - Reranking 10 chunks for query: 'Why are pentatonic scales important in the Shiva tradition'
2026-05-25 18:54:26,587 - CarnaticGPT-Server - INFO - [reranker.py:69] - Top 3 reranked scores: [0.422, 0.393, 0.389]
2026-05-25 18:54:26,588 - CarnaticGPT-Server - INFO - [response_generator.py:80] - Generating natural answer for query: 'Why are pentatonic scales important in the Shiva tradition' with 3 chunks.
2026-05-25 18:54:26,589 - CarnaticGPT-Server - INFO - [query_optimizer.py:21] - Detected query type: general
2026-05-25 18:54:26,590 - CarnaticGPT-Server - INFO - [response_generator.py:153] - Using local Carnatic response generator fallback.
2026-05-25 18:54:26,590 - CarnaticGPT-Server - INFO - [response_formatter.py:40] - Answer formatting and Markdown auditing complete.
2026-05-25 18:57:22,029 - CarnaticGPT-Server - INFO - [database.py:87] - SQLite database tables verified/initialized successfully.
2026-05-25 18:57:22,319 - CarnaticGPT-Server - INFO - [reranker.py:20] - CarnaticReranker initialized.
2026-05-25 18:57:22,320 - CarnaticGPT-Server - INFO - [confidence_engine.py:12] - CarnaticConfidenceEngine initialized.
2026-05-25 18:57:22,350 - CarnaticGPT-Server - INFO - [response_formatter.py:10] - CarnaticResponseFormatter initialized.
2026-05-25 18:57:46,907 - CarnaticGPT-Server - INFO - [database.py:87] - SQLite database tables verified/initialized successfully.
2026-05-25 18:57:47,240 - CarnaticGPT-Server - INFO - [reranker.py:20] - CarnaticReranker initialized.
2026-05-25 18:57:47,242 - CarnaticGPT-Server - INFO - [confidence_engine.py:12] - CarnaticConfidenceEngine initialized.
2026-05-25 18:57:47,244 - CarnaticGPT-Server - INFO - [response_formatter.py:10] - CarnaticResponseFormatter initialized.
2026-05-25 18:57:55,283 - CarnaticGPT-Server - INFO - [server.py:46] - Pre-warming embedding model cache on server startup...
2026-05-25 18:57:55,285 - CarnaticGPT-Server - INFO - [model_loader.py:11] - Initializing embedding model cache...
2026-05-25 18:57:55,286 - CarnaticGPT-Server - INFO - [server.py:49] - Embedding model cache pre-warmed successfully!
2026-05-25 18:57:59,022 - CarnaticGPT-Server - INFO - [database.py:87] - SQLite database tables verified/initialized successfully.
2026-05-25 18:57:59,473 - CarnaticGPT-Server - INFO - [reranker.py:20] - CarnaticReranker initialized.
2026-05-25 18:57:59,475 - CarnaticGPT-Server - INFO - [confidence_engine.py:12] - CarnaticConfidenceEngine initialized.
2026-05-25 18:57:59,479 - CarnaticGPT-Server - INFO - [response_formatter.py:10] - CarnaticResponseFormatter initialized.
2026-05-25 18:58:02,614 - CarnaticGPT-Server - INFO - [rag.py:278] - Executing improved RAG Pipeline for query: 'Explain Bhairavi'
2026-05-25 18:58:02,614 - CarnaticGPT-Server - INFO - [query_optimizer.py:15] - Detected query type: explanation
2026-05-25 18:58:02,922 - CarnaticGPT-Server - INFO - [model_loader.py:11] - Initializing embedding model cache...
2026-05-25 18:58:02,968 - CarnaticGPT-Server - INFO - [rag.py:308] - Raga entity detected: 'bhairavi'. Filtering retrieval matching keywords.
2026-05-25 18:58:02,969 - CarnaticGPT-Server - INFO - [reranker.py:27] - Reranking 2 chunks for query: 'Explain Raga Bhairavi'
2026-05-25 18:58:02,969 - CarnaticGPT-Server - INFO - [reranker.py:69] - Top 3 reranked scores: [0.99, 0.569]
2026-05-25 18:58:02,969 - CarnaticGPT-Server - INFO - [response_generator.py:80] - Generating natural answer for query: 'Explain Bhairavi' with 2 chunks.
2026-05-25 18:58:02,969 - CarnaticGPT-Server - INFO - [query_optimizer.py:15] - Detected query type: explanation
2026-05-25 18:58:02,969 - CarnaticGPT-Server - INFO - [response_generator.py:153] - Using local Carnatic response generator fallback.
2026-05-25 18:58:02,970 - CarnaticGPT-Server - INFO - [response_formatter.py:40] - Answer formatting and Markdown auditing complete.
2026-05-25 18:58:25,075 - CarnaticGPT-Server - INFO - [server.py:46] - Pre-warming embedding model cache on server startup...
2026-05-25 18:58:25,076 - CarnaticGPT-Server - INFO - [model_loader.py:11] - Initializing embedding model cache...
2026-05-25 18:58:25,077 - CarnaticGPT-Server - INFO - [server.py:49] - Embedding model cache pre-warmed successfully!
2026-05-25 19:00:22,187 - CarnaticGPT-Server - INFO - [reranker.py:20] - CarnaticReranker initialized.
2026-05-25 19:00:22,188 - CarnaticGPT-Server - INFO - [confidence_engine.py:12] - CarnaticConfidenceEngine initialized.
2026-05-25 19:00:22,190 - CarnaticGPT-Server - INFO - [response_formatter.py:10] - CarnaticResponseFormatter initialized.
2026-05-25 19:00:22,191 - CarnaticGPT-Server - INFO - [rag.py:278] - Executing improved RAG Pipeline for query: 'Why are pentatonic scales important in the Shiva tradition?'
2026-05-25 19:00:22,191 - CarnaticGPT-Server - INFO - [query_optimizer.py:21] - Detected query type: general
2026-05-25 19:00:22,466 - CarnaticGPT-Server - INFO - [model_loader.py:11] - Initializing embedding model cache...
2026-05-25 19:00:22,522 - CarnaticGPT-Server - INFO - [reranker.py:27] - Reranking 10 chunks for query: 'Why are pentatonic scales important in the Shiva tradition'
2026-05-25 19:00:22,523 - CarnaticGPT-Server - INFO - [reranker.py:69] - Top 3 reranked scores: [0.422, 0.393, 0.389]
2026-05-25 19:00:22,523 - CarnaticGPT-Server - INFO - [response_generator.py:80] - Generating natural answer for query: 'Why are pentatonic scales important in the Shiva tradition?' with 3 chunks.
2026-05-25 19:00:22,523 - CarnaticGPT-Server - INFO - [query_optimizer.py:21] - Detected query type: general
2026-05-25 19:00:22,523 - CarnaticGPT-Server - INFO - [response_generator.py:153] - Using local Carnatic response generator fallback.
2026-05-25 19:00:22,524 - CarnaticGPT-Server - INFO - [response_formatter.py:40] - Answer formatting and Markdown auditing complete.
2026-05-25 19:00:22,524 - CarnaticGPT-Server - INFO - [rag.py:278] - Executing improved RAG Pipeline for query: 'What is the weather in Paris?'
2026-05-25 19:00:22,524 - CarnaticGPT-Server - INFO - [query_optimizer.py:15] - Detected query type: explanation
2026-05-25 19:00:22,837 - CarnaticGPT-Server - INFO - [reranker.py:27] - Reranking 10 chunks for query: 'What is the weather in Paris'
2026-05-25 19:00:22,838 - CarnaticGPT-Server - INFO - [reranker.py:69] - Top 3 reranked scores: [0.576, 0.563, 0.516]
2026-05-25 19:00:22,838 - CarnaticGPT-Server - WARNING - [rag.py:334] - Relevance threshold not met. Best score is below 0.60.
2026-05-25 19:00:59,888 - CarnaticGPT-Server - INFO - [rag.py:278] - Executing improved RAG Pipeline for query: 'Why are pentatonic scales important in the Shiva tradition'
2026-05-25 19:00:59,889 - CarnaticGPT-Server - INFO - [query_optimizer.py:21] - Detected query type: general
2026-05-25 19:01:00,758 - CarnaticGPT-Server - INFO - [reranker.py:27] - Reranking 10 chunks for query: 'Why are pentatonic scales important in the Shiva tradition'
2026-05-25 19:01:00,761 - CarnaticGPT-Server - INFO - [reranker.py:69] - Top 3 reranked scores: [0.422, 0.393, 0.389]
2026-05-25 19:01:00,761 - CarnaticGPT-Server - INFO - [response_generator.py:80] - Generating natural answer for query: 'Why are pentatonic scales important in the Shiva tradition' with 3 chunks.
2026-05-25 19:01:00,762 - CarnaticGPT-Server - INFO - [query_optimizer.py:21] - Detected query type: general
2026-05-25 19:01:00,763 - CarnaticGPT-Server - INFO - [response_generator.py:153] - Using local Carnatic response generator fallback.
2026-05-25 19:01:00,765 - CarnaticGPT-Server - INFO - [response_formatter.py:40] - Answer formatting and Markdown auditing complete.
2026-05-25 19:01:23,700 - CarnaticGPT-Server - INFO - [history.py:17] - Created conversation session: 6d275ad8-25db-462b-a95d-d9ddd53792c2 for user_id 2
2026-05-25 19:01:23,741 - CarnaticGPT-Server - INFO - [rag.py:278] - Executing improved RAG Pipeline for query: 'Generate Tala Quiz'
2026-05-25 19:01:23,742 - CarnaticGPT-Server - INFO - [query_optimizer.py:18] - Detected query type: quiz
2026-05-25 19:01:24,742 - CarnaticGPT-Server - INFO - [reranker.py:27] - Reranking 10 chunks for query: 'Generate Tala Quiz'
2026-05-25 19:01:24,743 - CarnaticGPT-Server - INFO - [reranker.py:69] - Top 3 reranked scores: [0.445, 0.23, 0.226]
2026-05-25 19:01:24,744 - CarnaticGPT-Server - INFO - [response_generator.py:80] - Generating natural answer for query: 'Generate Tala Quiz' with 3 chunks.
2026-05-25 19:01:24,745 - CarnaticGPT-Server - INFO - [query_optimizer.py:18] - Detected query type: quiz
2026-05-25 19:01:24,745 - CarnaticGPT-Server - INFO - [response_generator.py:153] - Using local Carnatic response generator fallback.
2026-05-25 19:01:24,746 - CarnaticGPT-Server - INFO - [response_formatter.py:40] - Answer formatting and Markdown auditing complete.
2026-05-25 19:08:20,273 - CarnaticGPT-Server - INFO - [database.py:87] - SQLite database tables verified/initialized successfully.
2026-05-25 19:08:20,576 - CarnaticGPT-Server - INFO - [reranker.py:20] - CarnaticReranker initialized.
2026-05-25 19:08:20,578 - CarnaticGPT-Server - INFO - [confidence_engine.py:12] - CarnaticConfidenceEngine initialized.
2026-05-25 19:08:20,581 - CarnaticGPT-Server - INFO - [response_formatter.py:10] - CarnaticResponseFormatter initialized.
2026-05-25 19:08:35,069 - CarnaticGPT-Server - INFO - [server.py:46] - Pre-warming embedding model cache on server startup...
2026-05-25 19:08:35,069 - CarnaticGPT-Server - INFO - [model_loader.py:11] - Initializing embedding model cache...
2026-05-25 19:08:35,070 - CarnaticGPT-Server - INFO - [server.py:49] - Embedding model cache pre-warmed successfully!
2026-05-25 19:16:04,682 - CarnaticGPT-Server - INFO - [database.py:87] - SQLite database tables verified/initialized successfully.
2026-05-25 19:16:04,968 - CarnaticGPT-Server - INFO - [reranker.py:20] - CarnaticReranker initialized.
2026-05-25 19:16:04,970 - CarnaticGPT-Server - INFO - [confidence_engine.py:12] - CarnaticConfidenceEngine initialized.
2026-05-25 19:16:04,976 - CarnaticGPT-Server - INFO - [response_formatter.py:10] - CarnaticResponseFormatter initialized.
2026-05-25 19:16:16,113 - CarnaticGPT-Server - INFO - [server.py:46] - Pre-warming embedding model cache on server startup...
2026-05-25 19:16:16,113 - CarnaticGPT-Server - INFO - [model_loader.py:11] - Initializing embedding model cache...
2026-05-25 19:16:16,114 - CarnaticGPT-Server - INFO - [server.py:49] - Embedding model cache pre-warmed successfully!
2026-05-25 19:19:58,445 - CarnaticGPT-Server - INFO - [database.py:87] - SQLite database tables verified/initialized successfully.
2026-05-25 19:19:58,754 - CarnaticGPT-Server - INFO - [reranker.py:20] - CarnaticReranker initialized.
2026-05-25 19:19:58,755 - CarnaticGPT-Server - INFO - [confidence_engine.py:12] - CarnaticConfidenceEngine initialized.
2026-05-25 19:19:58,757 - CarnaticGPT-Server - INFO - [response_formatter.py:10] - CarnaticResponseFormatter initialized.
2026-05-25 19:20:11,616 - CarnaticGPT-Server - INFO - [server.py:46] - Pre-warming embedding model cache on server startup...
2026-05-25 19:20:11,616 - CarnaticGPT-Server - INFO - [model_loader.py:11] - Initializing embedding model cache...
2026-05-25 19:20:11,617 - CarnaticGPT-Server - INFO - [server.py:49] - Embedding model cache pre-warmed successfully!
2026-05-25 19:22:06,637 - CarnaticGPT-Server - INFO - [database.py:87] - SQLite database tables verified/initialized successfully.
2026-05-25 19:22:06,965 - CarnaticGPT-Server - INFO - [reranker.py:20] - CarnaticReranker initialized.
2026-05-25 19:22:06,966 - CarnaticGPT-Server - INFO - [confidence_engine.py:12] - CarnaticConfidenceEngine initialized.
2026-05-25 19:22:06,969 - CarnaticGPT-Server - INFO - [response_formatter.py:10] - CarnaticResponseFormatter initialized.
2026-05-25 19:22:19,872 - CarnaticGPT-Server - INFO - [server.py:46] - Pre-warming embedding model cache on server startup...
2026-05-25 19:22:19,873 - CarnaticGPT-Server - INFO - [model_loader.py:11] - Initializing embedding model cache...
2026-05-25 19:22:19,874 - CarnaticGPT-Server - INFO - [server.py:49] - Embedding model cache pre-warmed successfully!
2026-05-25 19:24:01,123 - CarnaticGPT-Server - INFO - [history.py:17] - Created conversation session: ef433601-8047-434d-ad7c-d86e80c30fe7 for user_id 2
2026-05-25 19:24:01,145 - CarnaticGPT-Server - INFO - [rag.py:278] - Executing improved RAG Pipeline for query: 'Compare Kalyani vs Mohanam'
2026-05-25 19:24:01,146 - CarnaticGPT-Server - INFO - [query_optimizer.py:9] - Detected query type: comparison
2026-05-25 19:24:01,146 - CarnaticGPT-Server - INFO - [rag.py:290] - Comparison query detected. Running independent retrievals for 'kalyani' and 'mohanam'
2026-05-25 19:24:02,196 - CarnaticGPT-Server - INFO - [rag.py:308] - Raga entity detected: 'kalyani'. Filtering retrieval matching keywords.
2026-05-25 19:24:02,197 - CarnaticGPT-Server - INFO - [reranker.py:27] - Reranking 1 chunks for query: 'Compare Raga Kalyani vs Raga Mohanam'
2026-05-25 19:24:02,197 - CarnaticGPT-Server - INFO - [reranker.py:69] - Top 3 reranked scores: [0.99]
2026-05-25 19:24:02,197 - CarnaticGPT-Server - INFO - [response_generator.py:80] - Generating natural answer for query: 'Compare Kalyani vs Mohanam' with 1 chunks.
2026-05-25 19:24:02,198 - CarnaticGPT-Server - INFO - [query_optimizer.py:9] - Detected query type: comparison
2026-05-25 19:24:02,199 - CarnaticGPT-Server - INFO - [response_formatter.py:40] - Answer formatting and Markdown auditing complete.
2026-05-25 19:34:52,691 - CarnaticGPT-Server - INFO - [database.py:87] - SQLite database tables verified/initialized successfully.
2026-05-25 19:34:53,009 - CarnaticGPT-Server - INFO - [reranker.py:20] - CarnaticReranker initialized.
2026-05-25 19:34:53,010 - CarnaticGPT-Server - INFO - [confidence_engine.py:12] - CarnaticConfidenceEngine initialized.
2026-05-25 19:34:53,013 - CarnaticGPT-Server - INFO - [response_formatter.py:10] - CarnaticResponseFormatter initialized.
2026-05-25 19:35:12,180 - CarnaticGPT-Server - INFO - [server.py:46] - Pre-warming embedding model cache on server startup...
2026-05-25 19:35:12,181 - CarnaticGPT-Server - INFO - [model_loader.py:11] - Initializing embedding model cache...
2026-05-25 19:35:12,182 - CarnaticGPT-Server - INFO - [server.py:49] - Embedding model cache pre-warmed successfully!
2026-05-25 19:38:01,471 - CarnaticGPT-Server - INFO - [database.py:87] - SQLite database tables verified/initialized successfully.
2026-05-25 19:38:01,704 - CarnaticGPT-Server - INFO - [reranker.py:20] - CarnaticReranker initialized.
2026-05-25 19:38:01,705 - CarnaticGPT-Server - INFO - [confidence_engine.py:12] - CarnaticConfidenceEngine initialized.
2026-05-25 19:38:01,707 - CarnaticGPT-Server - INFO - [response_formatter.py:10] - CarnaticResponseFormatter initialized.
2026-05-25 19:38:21,477 - CarnaticGPT-Server - INFO - [server.py:46] - Pre-warming embedding model cache on server startup...
2026-05-25 19:38:21,477 - CarnaticGPT-Server - INFO - [model_loader.py:11] - Initializing embedding model cache...
2026-05-25 19:38:21,478 - CarnaticGPT-Server - INFO - [server.py:49] - Embedding model cache pre-warmed successfully!
2026-05-25 19:39:29,594 - CarnaticGPT-Server - INFO - [database.py:87] - SQLite database tables verified/initialized successfully.
2026-05-25 19:39:29,842 - CarnaticGPT-Server - INFO - [reranker.py:20] - CarnaticReranker initialized.
2026-05-25 19:39:29,843 - CarnaticGPT-Server - INFO - [confidence_engine.py:12] - CarnaticConfidenceEngine initialized.
2026-05-25 19:39:29,860 - CarnaticGPT-Server - INFO - [response_formatter.py:10] - CarnaticResponseFormatter initialized.
2026-05-25 19:39:47,746 - CarnaticGPT-Server - INFO - [server.py:46] - Pre-warming embedding model cache on server startup...
2026-05-25 19:39:47,746 - CarnaticGPT-Server - INFO - [model_loader.py:11] - Initializing embedding model cache...
2026-05-25 19:39:47,747 - CarnaticGPT-Server - INFO - [server.py:49] - Embedding model cache pre-warmed successfully!
2026-05-25 19:40:34,211 - CarnaticGPT-Server - INFO - [database.py:87] - SQLite database tables verified/initialized successfully.
2026-05-25 19:40:34,477 - CarnaticGPT-Server - INFO - [reranker.py:20] - CarnaticReranker initialized.
2026-05-25 19:40:34,478 - CarnaticGPT-Server - INFO - [confidence_engine.py:12] - CarnaticConfidenceEngine initialized.
2026-05-25 19:40:34,480 - CarnaticGPT-Server - INFO - [response_formatter.py:10] - CarnaticResponseFormatter initialized.
2026-05-25 19:40:54,059 - CarnaticGPT-Server - INFO - [server.py:46] - Pre-warming embedding model cache on server startup...
2026-05-25 19:40:54,059 - CarnaticGPT-Server - INFO - [model_loader.py:11] - Initializing embedding model cache...
2026-05-25 19:40:54,060 - CarnaticGPT-Server - INFO - [server.py:49] - Embedding model cache pre-warmed successfully!
2026-05-25 19:41:23,529 - CarnaticGPT-Server - INFO - [database.py:87] - SQLite database tables verified/initialized successfully.
2026-05-25 19:41:23,748 - CarnaticGPT-Server - INFO - [reranker.py:20] - CarnaticReranker initialized.
2026-05-25 19:41:23,749 - CarnaticGPT-Server - INFO - [confidence_engine.py:12] - CarnaticConfidenceEngine initialized.
2026-05-25 19:41:23,752 - CarnaticGPT-Server - INFO - [response_formatter.py:10] - CarnaticResponseFormatter initialized.
2026-05-25 19:41:38,974 - CarnaticGPT-Server - INFO - [server.py:46] - Pre-warming embedding model cache on server startup...
2026-05-25 19:41:38,975 - CarnaticGPT-Server - INFO - [model_loader.py:11] - Initializing embedding model cache...
2026-05-25 19:41:38,975 - CarnaticGPT-Server - INFO - [server.py:49] - Embedding model cache pre-warmed successfully!
2026-05-25 19:43:35,803 - CarnaticGPT-Server - INFO - [rag.py:223] - Executing improved RAG Pipeline for query: ' Explain Kharaharapriya and play its audio'
2026-05-25 19:43:35,803 - CarnaticGPT-Server - INFO - [query_optimizer.py:16] - Detected query type: explanation
2026-05-25 19:43:36,517 - CarnaticGPT-Server - INFO - [rag.py:253] - Raga entity detected: 'Kharaharapriya'. Filtering retrieval matching keywords.
2026-05-25 19:43:36,518 - CarnaticGPT-Server - INFO - [reranker.py:27] - Reranking 1 chunks for query: 'Explain Raga Kharaharapriya and play its audio'
2026-05-25 19:43:36,520 - CarnaticGPT-Server - INFO - [reranker.py:69] - Top 3 reranked scores: [0.949]
2026-05-25 19:43:36,520 - CarnaticGPT-Server - INFO - [response_generator.py:123] - Generating natural answer for query: ' Explain Kharaharapriya and play its audio' with 1 chunks.
2026-05-25 19:43:36,521 - CarnaticGPT-Server - INFO - [query_optimizer.py:16] - Detected query type: explanation
2026-05-25 19:43:36,521 - CarnaticGPT-Server - INFO - [response_generator.py:196] - Using local Carnatic response generator fallback.
2026-05-25 19:43:36,523 - CarnaticGPT-Server - INFO - [response_formatter.py:40] - Answer formatting and Markdown auditing complete.
2026-05-25 19:57:32,070 - CarnaticGPT-Server - INFO - [database.py:87] - SQLite database tables verified/initialized successfully.
2026-05-25 19:57:32,409 - CarnaticGPT-Server - INFO - [reranker.py:20] - CarnaticReranker initialized.
2026-05-25 19:57:32,410 - CarnaticGPT-Server - INFO - [confidence_engine.py:12] - CarnaticConfidenceEngine initialized.
2026-05-25 19:57:32,414 - CarnaticGPT-Server - INFO - [response_formatter.py:10] - CarnaticResponseFormatter initialized.
2026-05-25 19:57:45,617 - CarnaticGPT-Server - INFO - [server.py:46] - Pre-warming embedding model cache on server startup...
2026-05-25 19:57:45,618 - CarnaticGPT-Server - INFO - [model_loader.py:11] - Initializing embedding model cache...
2026-05-25 19:57:45,618 - CarnaticGPT-Server - INFO - [server.py:49] - Embedding model cache pre-warmed successfully!
2026-05-25 20:06:55,065 - CarnaticGPT-Server - INFO - [history.py:17] - Created conversation session: c6294078-b672-49e7-a641-1e5f7069e1a6 for user_id 2
2026-05-25 20:06:55,098 - CarnaticGPT-Server - INFO - [rag.py:223] - Executing improved RAG Pipeline for query: 'Explain Bhairavi'
2026-05-25 20:06:55,099 - CarnaticGPT-Server - INFO - [query_optimizer.py:16] - Detected query type: explanation
2026-05-25 20:06:55,741 - CarnaticGPT-Server - INFO - [rag.py:253] - Raga entity detected: 'Bhairavi'. Filtering retrieval matching keywords.
2026-05-25 20:06:55,742 - CarnaticGPT-Server - INFO - [reranker.py:27] - Reranking 1 chunks for query: 'Explain Raga Bhairavi'
2026-05-25 20:06:55,743 - CarnaticGPT-Server - INFO - [reranker.py:69] - Top 3 reranked scores: [0.99]
2026-05-25 20:06:55,743 - CarnaticGPT-Server - INFO - [response_generator.py:123] - Generating natural answer for query: 'Explain Bhairavi' with 1 chunks.
2026-05-25 20:06:55,743 - CarnaticGPT-Server - INFO - [query_optimizer.py:16] - Detected query type: explanation
2026-05-25 20:06:55,744 - CarnaticGPT-Server - INFO - [response_generator.py:196] - Using local Carnatic response generator fallback.
2026-05-25 20:06:55,746 - CarnaticGPT-Server - INFO - [response_formatter.py:40] - Answer formatting and Markdown auditing complete.
2026-05-25 20:08:27,622 - CarnaticGPT-Server - INFO - [rag.py:223] - Executing improved RAG Pipeline for query: ' Explain Prahalada Bhakta Vijayam.'
2026-05-25 20:08:27,623 - CarnaticGPT-Server - INFO - [query_optimizer.py:16] - Detected query type: explanation
2026-05-25 20:08:28,430 - CarnaticGPT-Server - INFO - [reranker.py:27] - Reranking 10 chunks for query: 'Explain Prahalada Bhakta Vijayam'
2026-05-25 20:08:28,432 - CarnaticGPT-Server - INFO - [reranker.py:69] - Top 3 reranked scores: [0.751, 0.751, 0.751]
2026-05-25 20:08:28,433 - CarnaticGPT-Server - INFO - [response_generator.py:123] - Generating natural answer for query: ' Explain Prahalada Bhakta Vijayam.' with 3 chunks.
2026-05-25 20:08:28,433 - CarnaticGPT-Server - INFO - [query_optimizer.py:16] - Detected query type: explanation
2026-05-25 20:08:28,433 - CarnaticGPT-Server - INFO - [response_generator.py:196] - Using local Carnatic response generator fallback.
2026-05-25 20:08:28,434 - CarnaticGPT-Server - INFO - [response_formatter.py:40] - Answer formatting and Markdown auditing complete.
2026-05-25 20:09:10,020 - CarnaticGPT-Server - INFO - [history.py:17] - Created conversation session: e447c7b0-2138-44e3-9b17-34fdef4e249e for user_id 2
2026-05-25 20:09:10,042 - CarnaticGPT-Server - INFO - [rag.py:223] - Executing improved RAG Pipeline for query: 'What is Gamaka'
2026-05-25 20:09:10,042 - CarnaticGPT-Server - INFO - [query_optimizer.py:16] - Detected query type: explanation
2026-05-25 20:09:10,593 - CarnaticGPT-Server - INFO - [reranker.py:27] - Reranking 10 chunks for query: 'What is Gamaka'
2026-05-25 20:09:10,595 - CarnaticGPT-Server - INFO - [reranker.py:69] - Top 3 reranked scores: [0.473, 0.344, 0.255]
2026-05-25 20:09:10,595 - CarnaticGPT-Server - WARNING - [rag.py:282] - Relevance threshold not met. Best score is below 0.60.
2026-05-25 20:09:40,206 - CarnaticGPT-Server - INFO - [rag.py:223] - Executing improved RAG Pipeline for query: ' Explain Jeeva Swaras.'
2026-05-25 20:09:40,206 - CarnaticGPT-Server - INFO - [query_optimizer.py:16] - Detected query type: explanation
2026-05-25 20:09:40,750 - CarnaticGPT-Server - INFO - [reranker.py:27] - Reranking 10 chunks for query: 'Explain Jeeva Swaras'
2026-05-25 20:09:40,751 - CarnaticGPT-Server - INFO - [reranker.py:69] - Top 3 reranked scores: [0.419, 0.222, 0.221]
2026-05-25 20:09:40,751 - CarnaticGPT-Server - WARNING - [rag.py:282] - Relevance threshold not met. Best score is below 0.60.
2026-05-25 20:09:55,136 - CarnaticGPT-Server - INFO - [rag.py:223] - Executing improved RAG Pipeline for query: 'What is Shruti?'
2026-05-25 20:09:55,137 - CarnaticGPT-Server - INFO - [query_optimizer.py:16] - Detected query type: explanation
2026-05-25 20:09:55,781 - CarnaticGPT-Server - INFO - [reranker.py:27] - Reranking 10 chunks for query: 'What is Shruti'
2026-05-25 20:09:55,782 - CarnaticGPT-Server - INFO - [reranker.py:69] - Top 3 reranked scores: [0.23, 0.23, 0.23]
2026-05-25 20:09:55,783 - CarnaticGPT-Server - WARNING - [rag.py:282] - Relevance threshold not met. Best score is below 0.60.
2026-05-25 20:10:42,119 - CarnaticGPT-Server - INFO - [rag.py:223] - Executing improved RAG Pipeline for query: 'Which raga gives Karuna, Bhakti and Santa rasas?'
2026-05-25 20:10:42,120 - CarnaticGPT-Server - INFO - [query_optimizer.py:22] - Detected query type: general
2026-05-25 20:10:42,715 - CarnaticGPT-Server - INFO - [reranker.py:27] - Reranking 10 chunks for query: 'Which raga gives Karuna, Bhakti and Santa rasas'
2026-05-25 20:10:42,716 - CarnaticGPT-Server - INFO - [reranker.py:69] - Top 3 reranked scores: [0.502, 0.502, 0.502]
2026-05-25 20:10:42,716 - CarnaticGPT-Server - WARNING - [rag.py:282] - Relevance threshold not met. Best score is below 0.60.
2026-05-25 20:11:05,298 - CarnaticGPT-Server - INFO - [ingestion.py:15] - Ingestion pipeline started for file: C:\Users\HP\OneDrive\Desktop\CarnaticGPT\data\books\South_Indian_Music\991003000006.pdf
2026-05-25 20:11:08,217 - CarnaticGPT-Server - INFO - [ingestion.py:35] - pypdf scan completed. Pages: 84, Characters: 96731
2026-05-25 20:11:08,231 - CarnaticGPT-Server - INFO - [ingestion.py:126] - Chunk splitting complete. Generated 144 chunks.
2026-05-25 20:11:10,624 - CarnaticGPT-Server - INFO - [ingestion.py:186] - Successfully updated FAISS index at C:\Users\HP\OneDrive\Desktop\CarnaticGPT\vectorDB\faiss_index\index.faiss
2026-05-25 20:11:10,627 - CarnaticGPT-Server - INFO - [ingestion.py:190] - Ingestion completed successfully.
2026-05-25 20:11:36,193 - CarnaticGPT-Server - INFO - [rag.py:223] - Executing improved RAG Pipeline for query: 'Which raga gives Karuna, Bhakti and Santa rasas?'
2026-05-25 20:11:36,194 - CarnaticGPT-Server - INFO - [query_optimizer.py:22] - Detected query type: general
2026-05-25 20:11:36,994 - CarnaticGPT-Server - INFO - [reranker.py:27] - Reranking 10 chunks for query: 'Which raga gives Karuna, Bhakti and Santa rasas'
2026-05-25 20:11:36,995 - CarnaticGPT-Server - INFO - [reranker.py:69] - Top 3 reranked scores: [0.502, 0.502, 0.502]
2026-05-25 20:11:36,996 - CarnaticGPT-Server - WARNING - [rag.py:282] - Relevance threshold not met. Best score is below 0.60.
2026-05-25 20:17:50,725 - CarnaticGPT-Server - INFO - [ingestion.py:15] - Ingestion pipeline started for file: C:\Users\HP\OneDrive\Desktop\CarnaticGPT\data\books\South_Indian_Music\991003000006.pdf
2026-05-25 20:17:53,868 - CarnaticGPT-Server - INFO - [ingestion.py:35] - pypdf scan completed. Pages: 84, Characters: 96731
2026-05-25 20:17:53,901 - CarnaticGPT-Server - INFO - [ingestion.py:126] - Chunk splitting complete. Generated 144 chunks.
2026-05-25 20:17:57,720 - CarnaticGPT-Server - INFO - [ingestion.py:186] - Successfully updated FAISS index at C:\Users\HP\OneDrive\Desktop\CarnaticGPT\vectorDB\faiss_index\index.faiss
2026-05-25 20:17:57,720 - CarnaticGPT-Server - INFO - [ingestion.py:190] - Ingestion completed successfully.
2026-05-25 20:18:59,190 - CarnaticGPT-Server - INFO - [database.py:87] - SQLite database tables verified/initialized successfully.
2026-05-25 20:18:59,523 - CarnaticGPT-Server - INFO - [reranker.py:20] - CarnaticReranker initialized.
2026-05-25 20:18:59,524 - CarnaticGPT-Server - INFO - [confidence_engine.py:12] - CarnaticConfidenceEngine initialized.
2026-05-25 20:18:59,527 - CarnaticGPT-Server - INFO - [response_formatter.py:10] - CarnaticResponseFormatter initialized.
2026-05-25 20:19:13,937 - CarnaticGPT-Server - INFO - [server.py:46] - Pre-warming embedding model cache on server startup...
2026-05-25 20:19:13,937 - CarnaticGPT-Server - INFO - [model_loader.py:11] - Initializing embedding model cache...
2026-05-25 20:19:13,939 - CarnaticGPT-Server - INFO - [server.py:49] - Embedding model cache pre-warmed successfully!
2026-05-25 20:20:09,613 - CarnaticGPT-Server - INFO - [history.py:17] - Created conversation session: 9802d7a1-562f-4277-9f46-476cc3d40908 for user_id 2
2026-05-25 20:20:09,664 - CarnaticGPT-Server - INFO - [rag.py:223] - Executing improved RAG Pipeline for query: 'How many Shuddh Swars are there'
2026-05-25 20:20:09,665 - CarnaticGPT-Server - INFO - [query_optimizer.py:22] - Detected query type: general
2026-05-25 20:20:10,419 - CarnaticGPT-Server - INFO - [reranker.py:27] - Reranking 10 chunks for query: 'How many Shuddh Swars are there'
2026-05-25 20:20:10,420 - CarnaticGPT-Server - INFO - [reranker.py:69] - Top 3 reranked scores: [0.432, 0.358, 0.358]
2026-05-25 20:20:10,421 - CarnaticGPT-Server - WARNING - [rag.py:282] - Relevance threshold not met. Best score is below 0.60.
2026-05-25 20:26:00,982 - CarnaticGPT-Server - INFO - [database.py:87] - SQLite database tables verified/initialized successfully.
2026-05-25 20:26:01,209 - CarnaticGPT-Server - INFO - [reranker.py:20] - CarnaticReranker initialized.
2026-05-25 20:26:01,210 - CarnaticGPT-Server - INFO - [confidence_engine.py:12] - CarnaticConfidenceEngine initialized.
2026-05-25 20:26:01,212 - CarnaticGPT-Server - INFO - [response_formatter.py:10] - CarnaticResponseFormatter initialized.
2026-05-25 20:26:23,523 - CarnaticGPT-Server - INFO - [server.py:46] - Pre-warming embedding model cache on server startup...
2026-05-25 20:26:23,524 - CarnaticGPT-Server - INFO - [model_loader.py:11] - Initializing embedding model cache...
2026-05-25 20:26:23,525 - CarnaticGPT-Server - INFO - [server.py:49] - Embedding model cache pre-warmed successfully!
2026-05-25 20:26:25,339 - CarnaticGPT-Server - INFO - [database.py:87] - SQLite database tables verified/initialized successfully.
2026-05-25 20:26:25,587 - CarnaticGPT-Server - INFO - [reranker.py:20] - CarnaticReranker initialized.
2026-05-25 20:26:25,588 - CarnaticGPT-Server - INFO - [confidence_engine.py:12] - CarnaticConfidenceEngine initialized.
2026-05-25 20:26:25,590 - CarnaticGPT-Server - INFO - [response_formatter.py:10] - CarnaticResponseFormatter initialized.
2026-05-25 20:26:46,938 - CarnaticGPT-Server - INFO - [server.py:46] - Pre-warming embedding model cache on server startup...
2026-05-25 20:26:46,938 - CarnaticGPT-Server - INFO - [model_loader.py:11] - Initializing embedding model cache...
2026-05-25 20:26:46,939 - CarnaticGPT-Server - INFO - [server.py:49] - Embedding model cache pre-warmed successfully!
2026-05-25 20:26:48,652 - CarnaticGPT-Server - INFO - [database.py:87] - SQLite database tables verified/initialized successfully.
2026-05-25 20:26:48,863 - CarnaticGPT-Server - INFO - [reranker.py:20] - CarnaticReranker initialized.
2026-05-25 20:26:48,864 - CarnaticGPT-Server - INFO - [confidence_engine.py:12] - CarnaticConfidenceEngine initialized.
2026-05-25 20:26:48,867 - CarnaticGPT-Server - INFO - [response_formatter.py:10] - CarnaticResponseFormatter initialized.
2026-05-25 20:27:07,938 - CarnaticGPT-Server - INFO - [server.py:46] - Pre-warming embedding model cache on server startup...
2026-05-25 20:27:07,939 - CarnaticGPT-Server - INFO - [model_loader.py:11] - Initializing embedding model cache...
2026-05-25 20:27:07,940 - CarnaticGPT-Server - INFO - [server.py:49] - Embedding model cache pre-warmed successfully!
2026-05-25 20:28:49,824 - CarnaticGPT-Server - INFO - [database.py:87] - SQLite database tables verified/initialized successfully.
2026-05-25 20:28:50,088 - CarnaticGPT-Server - INFO - [reranker.py:20] - CarnaticReranker initialized.
2026-05-25 20:28:50,089 - CarnaticGPT-Server - INFO - [confidence_engine.py:12] - CarnaticConfidenceEngine initialized.
2026-05-25 20:28:50,092 - CarnaticGPT-Server - INFO - [response_formatter.py:10] - CarnaticResponseFormatter initialized.
2026-05-25 20:29:14,646 - CarnaticGPT-Server - INFO - [server.py:46] - Pre-warming embedding model cache on server startup...
2026-05-25 20:29:14,647 - CarnaticGPT-Server - INFO - [model_loader.py:11] - Initializing embedding model cache...
2026-05-25 20:29:14,648 - CarnaticGPT-Server - INFO - [server.py:49] - Embedding model cache pre-warmed successfully!
2026-05-25 20:29:18,604 - CarnaticGPT-Server - INFO - [database.py:87] - SQLite database tables verified/initialized successfully.
2026-05-25 20:29:18,829 - CarnaticGPT-Server - INFO - [reranker.py:20] - CarnaticReranker initialized.
2026-05-25 20:29:18,830 - CarnaticGPT-Server - INFO - [confidence_engine.py:12] - CarnaticConfidenceEngine initialized.
2026-05-25 20:29:18,836 - CarnaticGPT-Server - INFO - [response_formatter.py:10] - CarnaticResponseFormatter initialized.
2026-05-25 20:29:39,495 - CarnaticGPT-Server - INFO - [server.py:46] - Pre-warming embedding model cache on server startup...
2026-05-25 20:29:39,495 - CarnaticGPT-Server - INFO - [model_loader.py:11] - Initializing embedding model cache...
2026-05-25 20:29:39,497 - CarnaticGPT-Server - INFO - [server.py:49] - Embedding model cache pre-warmed successfully!
2026-05-25 20:37:32,731 - CarnaticGPT-Server - INFO - [database.py:87] - SQLite database tables verified/initialized successfully.
2026-05-25 20:37:32,966 - CarnaticGPT-Server - INFO - [reranker.py:20] - CarnaticReranker initialized.
2026-05-25 20:37:32,967 - CarnaticGPT-Server - INFO - [confidence_engine.py:12] - CarnaticConfidenceEngine initialized.
2026-05-25 20:37:32,968 - CarnaticGPT-Server - INFO - [response_formatter.py:10] - CarnaticResponseFormatter initialized.
2026-05-25 20:37:39,257 - CarnaticGPT-Server - INFO - [reranker.py:20] - CarnaticReranker initialized.
2026-05-25 20:37:39,258 - CarnaticGPT-Server - INFO - [confidence_engine.py:12] - CarnaticConfidenceEngine initialized.
2026-05-25 20:37:39,259 - CarnaticGPT-Server - INFO - [response_formatter.py:10] - CarnaticResponseFormatter initialized.
2026-05-25 20:37:55,981 - CarnaticGPT-Server - INFO - [server.py:46] - Pre-warming embedding model cache on server startup...
2026-05-25 20:37:55,982 - CarnaticGPT-Server - INFO - [model_loader.py:11] - Initializing embedding model cache...
2026-05-25 20:37:55,983 - CarnaticGPT-Server - INFO - [server.py:49] - Embedding model cache pre-warmed successfully!
2026-05-25 20:37:58,087 - CarnaticGPT-Server - INFO - [reranker.py:20] - CarnaticReranker initialized.
2026-05-25 20:37:58,088 - CarnaticGPT-Server - INFO - [confidence_engine.py:12] - CarnaticConfidenceEngine initialized.
2026-05-25 20:37:58,089 - CarnaticGPT-Server - INFO - [response_formatter.py:10] - CarnaticResponseFormatter initialized.
2026-05-25 20:37:58,090 - CarnaticGPT-Server - INFO - [rag.py:91] - Executing strict RAG Pipeline for query: 'What is Shruti?'
2026-05-25 20:37:58,090 - CarnaticGPT-Server - INFO - [query_optimizer.py:16] - Detected query type: explanation
2026-05-25 20:37:58,128 - CarnaticGPT-Server - INFO - [database.py:87] - SQLite database tables verified/initialized successfully.
2026-05-25 20:37:58,347 - CarnaticGPT-Server - INFO - [model_loader.py:11] - Initializing embedding model cache...
2026-05-25 20:37:58,377 - CarnaticGPT-Server - INFO - [reranker.py:20] - CarnaticReranker initialized.
2026-05-25 20:37:58,378 - CarnaticGPT-Server - INFO - [confidence_engine.py:12] - CarnaticConfidenceEngine initialized.
2026-05-25 20:37:58,380 - CarnaticGPT-Server - INFO - [response_formatter.py:10] - CarnaticResponseFormatter initialized.
2026-05-25 20:37:58,393 - CarnaticGPT-Server - INFO - [reranker.py:27] - Reranking 5 chunks for query: 'What is Shruti'
2026-05-25 20:37:58,394 - CarnaticGPT-Server - INFO - [reranker.py:69] - Top 3 reranked scores: [0.23, 0.23, 0.23, 0.23, 0.23]
2026-05-25 20:37:58,394 - CarnaticGPT-Server - WARNING - [rag.py:149] - Relevance threshold not met. Best score 0.22980151176452634 is below 0.40.
2026-05-25 20:37:58,394 - CarnaticGPT-Server - INFO - [rag.py:91] - Executing strict RAG Pipeline for query: 'Explain Hindolam'
2026-05-25 20:37:58,394 - CarnaticGPT-Server - INFO - [query_optimizer.py:16] - Detected query type: explanation
2026-05-25 20:37:58,680 - CarnaticGPT-Server - INFO - [reranker.py:27] - Reranking 5 chunks for query: 'Explain Hindolam'
2026-05-25 20:37:58,680 - CarnaticGPT-Server - INFO - [reranker.py:69] - Top 3 reranked scores: [0.229, 0.224, 0.162, 0.158, 0.15]
2026-05-25 20:37:58,680 - CarnaticGPT-Server - WARNING - [rag.py:149] - Relevance threshold not met. Best score 0.22935000658035276 is below 0.40.
2026-05-25 20:37:58,680 - CarnaticGPT-Server - INFO - [rag.py:91] - Executing strict RAG Pipeline for query: 'What are Jeeva Swaras?'
2026-05-25 20:37:58,680 - CarnaticGPT-Server - INFO - [query_optimizer.py:22] - Detected query type: general
2026-05-25 20:37:58,965 - CarnaticGPT-Server - INFO - [reranker.py:27] - Reranking 5 chunks for query: 'What are Jeeva Swaras'
2026-05-25 20:37:58,965 - CarnaticGPT-Server - INFO - [reranker.py:69] - Top 3 reranked scores: [0.309, 0.217, 0.217, 0.208, 0.196]
2026-05-25 20:37:58,965 - CarnaticGPT-Server - WARNING - [rag.py:149] - Relevance threshold not met. Best score 0.3094930946826935 is below 0.40.
2026-05-25 20:37:58,965 - CarnaticGPT-Server - INFO - [rag.py:91] - Executing strict RAG Pipeline for query: 'Who is Tyagaraja?'
2026-05-25 20:37:58,965 - CarnaticGPT-Server - INFO - [query_optimizer.py:13] - Detected query type: person
2026-05-25 20:37:59,246 - CarnaticGPT-Server - INFO - [reranker.py:27] - Reranking 5 chunks for query: 'Who is Tyagaraja'
2026-05-25 20:37:59,247 - CarnaticGPT-Server - INFO - [reranker.py:69] - Top 3 reranked scores: [0.773, 0.773, 0.47, 0.37, 0.208]
2026-05-25 20:37:59,247 - CarnaticGPT-Server - INFO - [response_generator.py:9] - Generating strict RAG response for query: 'Who is Tyagaraja?' with 5 chunks.
2026-05-25 20:37:59,247 - CarnaticGPT-Server - WARNING - [response_generator.py:74] - No LLM API responded. Falling back to extractive summary.
2026-05-25 20:37:59,248 - CarnaticGPT-Server - INFO - [response_formatter.py:40] - Answer formatting and Markdown auditing complete.
2026-05-25 20:37:59,248 - CarnaticGPT-Server - INFO - [rag.py:91] - Executing strict RAG Pipeline for query: 'Explain Gamaka'
2026-05-25 20:37:59,248 - CarnaticGPT-Server - INFO - [query_optimizer.py:16] - Detected query type: explanation
2026-05-25 20:37:59,528 - CarnaticGPT-Server - INFO - [reranker.py:27] - Reranking 5 chunks for query: 'Explain Gamaka'
2026-05-25 20:37:59,528 - CarnaticGPT-Server - INFO - [reranker.py:69] - Top 3 reranked scores: [0.258, 0.255, 0.166, 0.16, 0.16]
2026-05-25 20:37:59,528 - CarnaticGPT-Server - WARNING - [rag.py:149] - Relevance threshold not met. Best score 0.25815948843955994 is below 0.40.
2026-05-25 20:37:59,529 - CarnaticGPT-Server - INFO - [rag.py:91] - Executing strict RAG Pipeline for query: 'Compare Kalyani and Mohanam'
2026-05-25 20:37:59,529 - CarnaticGPT-Server - INFO - [query_optimizer.py:10] - Detected query type: comparison
2026-05-25 20:38:00,094 - CarnaticGPT-Server - INFO - [reranker.py:27] - Reranking 5 chunks for query: 'Compare Kalyani and Mohanam'
2026-05-25 20:38:00,095 - CarnaticGPT-Server - INFO - [reranker.py:69] - Top 3 reranked scores: [0.311, 0.299, 0.297, 0.177, 0.164]
2026-05-25 20:38:00,095 - CarnaticGPT-Server - WARNING - [rag.py:149] - Relevance threshold not met. Best score 0.3109522819519043 is below 0.40.
2026-05-25 20:38:00,095 - CarnaticGPT-Server - INFO - [rag.py:91] - Executing strict RAG Pipeline for query: 'Explain Kharaharapriya and play audio'
2026-05-25 20:38:00,095 - CarnaticGPT-Server - INFO - [query_optimizer.py:16] - Detected query type: explanation
2026-05-25 20:38:00,374 - CarnaticGPT-Server - INFO - [reranker.py:27] - Reranking 5 chunks for query: 'Explain Kharaharapriya and play audio'
2026-05-25 20:38:00,375 - CarnaticGPT-Server - INFO - [reranker.py:69] - Top 3 reranked scores: [0.283, 0.281, 0.219, 0.208, 0.196]
2026-05-25 20:38:00,375 - CarnaticGPT-Server - WARNING - [rag.py:149] - Relevance threshold not met. Best score 0.2830022203922272 is below 0.40.
2026-05-25 20:38:20,442 - CarnaticGPT-Server - INFO - [server.py:46] - Pre-warming embedding model cache on server startup...
2026-05-25 20:38:20,443 - CarnaticGPT-Server - INFO - [model_loader.py:11] - Initializing embedding model cache...
2026-05-25 20:38:20,443 - CarnaticGPT-Server - INFO - [server.py:49] - Embedding model cache pre-warmed successfully!
2026-05-25 20:38:22,295 - CarnaticGPT-Server - INFO - [database.py:87] - SQLite database tables verified/initialized successfully.
2026-05-25 20:38:22,517 - CarnaticGPT-Server - INFO - [reranker.py:20] - CarnaticReranker initialized.
2026-05-25 20:38:22,521 - CarnaticGPT-Server - INFO - [confidence_engine.py:12] - CarnaticConfidenceEngine initialized.
2026-05-25 20:38:22,525 - CarnaticGPT-Server - INFO - [response_formatter.py:10] - CarnaticResponseFormatter initialized.
2026-05-25 20:38:40,527 - CarnaticGPT-Server - INFO - [server.py:46] - Pre-warming embedding model cache on server startup...
2026-05-25 20:38:40,528 - CarnaticGPT-Server - INFO - [model_loader.py:11] - Initializing embedding model cache...
2026-05-25 20:38:40,535 - CarnaticGPT-Server - INFO - [server.py:49] - Embedding model cache pre-warmed successfully!
2026-05-25 20:39:54,205 - CarnaticGPT-Server - INFO - [ingestion.py:47] - Ingestion pipeline started for file: C:\Users\HP\OneDrive\Desktop\CarnaticGPT\data\books\South_Indian_Music\991003000006.pdf
2026-05-25 20:39:57,936 - CarnaticGPT-Server - INFO - [ingestion.py:86] - Chunk splitting complete. Generated 294 chunks.
2026-05-25 20:39:59,079 - CarnaticGPT-Server - INFO - [ingestion.py:124] - Removed 288 existing chunks for 991003000006.pdf to prevent duplicates.
2026-05-25 20:40:13,701 - CarnaticGPT-Server - INFO - [database.py:87] - SQLite database tables verified/initialized successfully.
2026-05-25 20:40:13,940 - CarnaticGPT-Server - INFO - [reranker.py:20] - CarnaticReranker initialized.
2026-05-25 20:40:13,941 - CarnaticGPT-Server - INFO - [confidence_engine.py:12] - CarnaticConfidenceEngine initialized.
2026-05-25 20:40:13,942 - CarnaticGPT-Server - INFO - [response_formatter.py:10] - CarnaticResponseFormatter initialized.
2026-05-25 20:40:27,446 - CarnaticGPT-Server - INFO - [server.py:46] - Pre-warming embedding model cache on server startup...
2026-05-25 20:40:27,447 - CarnaticGPT-Server - INFO - [model_loader.py:11] - Initializing embedding model cache...
2026-05-25 20:40:27,447 - CarnaticGPT-Server - INFO - [server.py:49] - Embedding model cache pre-warmed successfully!
2026-05-25 20:40:31,497 - CarnaticGPT-Server - INFO - [ingestion.py:47] - Ingestion pipeline started for file: C:\Users\HP\OneDrive\Desktop\CarnaticGPT\data\books\South_Indian_Music\991003000006.pdf
2026-05-25 20:40:34,781 - CarnaticGPT-Server - INFO - [ingestion.py:86] - Chunk splitting complete. Generated 294 chunks.
2026-05-25 20:40:35,802 - CarnaticGPT-Server - INFO - [ingestion.py:124] - Removed 288 existing chunks for 991003000006.pdf to prevent duplicates.
2026-05-25 20:41:18,579 - CarnaticGPT-Server - INFO - [database.py:87] - SQLite database tables verified/initialized successfully.
2026-05-25 20:41:18,796 - CarnaticGPT-Server - INFO - [reranker.py:20] - CarnaticReranker initialized.
2026-05-25 20:41:18,797 - CarnaticGPT-Server - INFO - [confidence_engine.py:12] - CarnaticConfidenceEngine initialized.
2026-05-25 20:41:18,799 - CarnaticGPT-Server - INFO - [response_formatter.py:10] - CarnaticResponseFormatter initialized.
2026-05-25 20:41:39,059 - CarnaticGPT-Server - INFO - [server.py:46] - Pre-warming embedding model cache on server startup...
2026-05-25 20:41:39,060 - CarnaticGPT-Server - INFO - [model_loader.py:11] - Initializing embedding model cache...
2026-05-25 20:41:39,061 - CarnaticGPT-Server - INFO - [server.py:49] - Embedding model cache pre-warmed successfully!
2026-05-25 20:45:58,839 - CarnaticGPT-Server - INFO - [database.py:87] - SQLite database tables verified/initialized successfully.
2026-05-25 20:45:59,093 - CarnaticGPT-Server - INFO - [reranker.py:20] - CarnaticReranker initialized.
2026-05-25 20:45:59,094 - CarnaticGPT-Server - INFO - [confidence_engine.py:12] - CarnaticConfidenceEngine initialized.
2026-05-25 20:45:59,095 - CarnaticGPT-Server - INFO - [response_formatter.py:10] - CarnaticResponseFormatter initialized.
2026-05-25 20:46:08,754 - CarnaticGPT-Server - INFO - [server.py:46] - Pre-warming embedding model cache on server startup...
2026-05-25 20:46:08,754 - CarnaticGPT-Server - INFO - [model_loader.py:11] - Initializing embedding model cache...
2026-05-25 20:46:08,755 - CarnaticGPT-Server - INFO - [server.py:49] - Embedding model cache pre-warmed successfully!
2026-05-25 20:46:30,590 - CarnaticGPT-Server - INFO - [ingestion.py:47] - Ingestion pipeline started for file: C:\Users\HP\OneDrive\Desktop\CarnaticGPT\data\books\South_Indian_Music\991003000006.pdf
2026-05-25 20:46:33,739 - CarnaticGPT-Server - INFO - [ingestion.py:86] - Chunk splitting complete. Generated 294 chunks.
2026-05-25 20:46:34,651 - CarnaticGPT-Server - INFO - [ingestion.py:125] - Removed 288 existing chunks for 991003000006.pdf to prevent duplicates.
2026-05-25 20:46:38,201 - CarnaticGPT-Server - INFO - [ingestion.py:163] - Successfully updated FAISS index at C:\Users\HP\OneDrive\Desktop\CarnaticGPT\vectorDB\faiss_index\index.faiss
2026-05-25 20:46:38,202 - CarnaticGPT-Server - INFO - [ingestion.py:167] - Ingestion completed successfully.
2026-05-25 20:50:30,079 - CarnaticGPT-Server - INFO - [database.py:87] - SQLite database tables verified/initialized successfully.
2026-05-25 20:50:30,326 - CarnaticGPT-Server - INFO - [reranker.py:20] - CarnaticReranker initialized.
2026-05-25 20:50:30,328 - CarnaticGPT-Server - INFO - [confidence_engine.py:12] - CarnaticConfidenceEngine initialized.
2026-05-25 20:50:30,330 - CarnaticGPT-Server - INFO - [response_formatter.py:10] - CarnaticResponseFormatter initialized.
2026-05-25 20:50:44,513 - CarnaticGPT-Server - INFO - [server.py:46] - Pre-warming embedding model cache on server startup...
2026-05-25 20:50:44,514 - CarnaticGPT-Server - INFO - [model_loader.py:11] - Initializing embedding model cache...
2026-05-25 20:50:44,515 - CarnaticGPT-Server - INFO - [server.py:49] - Embedding model cache pre-warmed successfully!
2026-05-25 20:50:48,879 - CarnaticGPT-Server - INFO - [ingestion.py:47] - Ingestion pipeline started for file: C:\Users\HP\OneDrive\Desktop\CarnaticGPT\data\books\South_Indian_Music\991003000006.pdf
2026-05-25 20:50:51,239 - CarnaticGPT-Server - INFO - [ingestion.py:86] - Chunk splitting complete. Generated 294 chunks.
2026-05-25 20:50:52,080 - CarnaticGPT-Server - INFO - [ingestion.py:125] - Removed 294 existing chunks for 991003000006.pdf to prevent duplicates.
2026-05-25 20:50:53,948 - CarnaticGPT-Server - INFO - [ingestion.py:163] - Successfully updated FAISS index at C:\Users\HP\OneDrive\Desktop\CarnaticGPT\vectorDB\faiss_index\index.faiss
2026-05-25 20:50:53,948 - CarnaticGPT-Server - INFO - [ingestion.py:167] - Ingestion completed successfully.
2026-05-25 20:51:16,013 - CarnaticGPT-Server - INFO - [ingestion.py:47] - Ingestion pipeline started for file: C:\Users\HP\OneDrive\Desktop\CarnaticGPT\data\books\South_Indian_Music\991003000006.pdf
2026-05-25 20:51:18,226 - CarnaticGPT-Server - INFO - [ingestion.py:86] - Chunk splitting complete. Generated 294 chunks.
2026-05-25 20:51:19,081 - CarnaticGPT-Server - INFO - [ingestion.py:125] - Removed 294 existing chunks for 991003000006.pdf to prevent duplicates.
2026-05-25 20:51:21,150 - CarnaticGPT-Server - INFO - [ingestion.py:163] - Successfully updated FAISS index at C:\Users\HP\OneDrive\Desktop\CarnaticGPT\vectorDB\faiss_index\index.faiss
2026-05-25 20:51:21,151 - CarnaticGPT-Server - INFO - [ingestion.py:167] - Ingestion completed successfully.
2026-05-25 20:57:51,041 - CarnaticGPT-Server - INFO - [database.py:87] - SQLite database tables verified/initialized successfully.
2026-05-25 20:57:51,375 - CarnaticGPT-Server - INFO - [reranker.py:20] - CarnaticReranker initialized.
2026-05-25 20:57:51,376 - CarnaticGPT-Server - INFO - [confidence_engine.py:12] - CarnaticConfidenceEngine initialized.
2026-05-25 20:57:51,378 - CarnaticGPT-Server - INFO - [response_formatter.py:10] - CarnaticResponseFormatter initialized.
2026-05-25 20:58:19,955 - CarnaticGPT-Server - INFO - [server.py:46] - Pre-warming embedding model cache on server startup...
2026-05-25 20:58:19,956 - CarnaticGPT-Server - INFO - [model_loader.py:11] - Initializing embedding model cache...
2026-05-25 20:58:19,957 - CarnaticGPT-Server - INFO - [server.py:49] - Embedding model cache pre-warmed successfully!
2026-05-25 20:58:52,506 - CarnaticGPT-Server - INFO - [history.py:17] - Created conversation session: 2fdf00a2-e91f-484e-9003-0992e390df59 for user_id 2
2026-05-25 20:58:52,561 - CarnaticGPT-Server - INFO - [rag.py:91] - Executing strict RAG Pipeline for query: 'Generate Tala Quiz'
2026-05-25 20:58:52,562 - CarnaticGPT-Server - INFO - [query_optimizer.py:19] - Detected query type: quiz
2026-05-25 20:58:53,512 - CarnaticGPT-Server - INFO - [reranker.py:27] - Reranking 5 chunks for query: 'Generate Tala Quiz'
2026-05-25 20:58:53,514 - CarnaticGPT-Server - INFO - [reranker.py:69] - Top 3 reranked scores: [0.23, 0.226, 0.222, 0.213, 0.209]
2026-05-25 20:58:53,514 - CarnaticGPT-Server - WARNING - [rag.py:149] - Relevance threshold not met. Best score 0.23016766905784605 is below 0.40.
2026-05-25 20:59:03,436 - CarnaticGPT-Server - INFO - [history.py:17] - Created conversation session: af2e3240-795b-47b5-a01e-87901fc93b2c for user_id 2
2026-05-25 20:59:03,462 - CarnaticGPT-Server - INFO - [rag.py:91] - Executing strict RAG Pipeline for query: 'Compare Kalyani vs Mohanam'
2026-05-25 20:59:03,463 - CarnaticGPT-Server - INFO - [query_optimizer.py:10] - Detected query type: comparison
2026-05-25 20:59:04,916 - CarnaticGPT-Server - INFO - [reranker.py:27] - Reranking 5 chunks for query: 'Compare Kalyani vs Mohanam'
2026-05-25 20:59:04,917 - CarnaticGPT-Server - INFO - [reranker.py:69] - Top 3 reranked scores: [0.311, 0.299, 0.297, 0.177, 0.164]
2026-05-25 20:59:04,918 - CarnaticGPT-Server - WARNING - [rag.py:149] - Relevance threshold not met. Best score 0.3109522819519043 is below 0.40.
2026-05-25 21:00:24,382 - CarnaticGPT-Server - INFO - [history.py:17] - Created conversation session: 5e1f4088-76ce-4473-8bea-f8fe6a1b9e3b for user_id 2
2026-05-25 21:00:24,426 - CarnaticGPT-Server - INFO - [rag.py:91] - Executing strict RAG Pipeline for query: 'Explain Bhairavi'
2026-05-25 21:00:24,428 - CarnaticGPT-Server - INFO - [query_optimizer.py:16] - Detected query type: explanation
2026-05-25 21:00:25,399 - CarnaticGPT-Server - INFO - [reranker.py:27] - Reranking 5 chunks for query: 'Explain Bhairavi'
2026-05-25 21:00:25,400 - CarnaticGPT-Server - INFO - [reranker.py:69] - Top 3 reranked scores: [0.238, 0.158, 0.14, 0.132, 0.132]
2026-05-25 21:00:25,400 - CarnaticGPT-Server - WARNING - [rag.py:149] - Relevance threshold not met. Best score 0.23823106884956358 is below 0.40.
2026-05-25 21:04:21,924 - CarnaticGPT-Server - INFO - [database.py:87] - SQLite database tables verified/initialized successfully.
2026-05-25 21:04:22,224 - CarnaticGPT-Server - INFO - [reranker.py:20] - CarnaticReranker initialized.
2026-05-25 21:04:22,226 - CarnaticGPT-Server - INFO - [confidence_engine.py:12] - CarnaticConfidenceEngine initialized.
2026-05-25 21:04:22,227 - CarnaticGPT-Server - INFO - [response_formatter.py:10] - CarnaticResponseFormatter initialized.
2026-05-25 21:04:44,481 - CarnaticGPT-Server - INFO - [server.py:46] - Pre-warming embedding model cache on server startup...
2026-05-25 21:04:44,482 - CarnaticGPT-Server - INFO - [model_loader.py:11] - Initializing embedding model cache...
2026-05-25 21:04:44,483 - CarnaticGPT-Server - INFO - [server.py:49] - Embedding model cache pre-warmed successfully!
2026-05-25 21:07:10,283 - CarnaticGPT-Server - INFO - [ingestion.py:67] - Ingestion pipeline started for file: C:\Users\HP\OneDrive\Desktop\CarnaticGPT\data\books\South_Indian_Music\991003000006.pdf
2026-05-25 21:07:11,017 - CarnaticGPT-Server - INFO - [ingestion.py:35] - Page 1 sparse text (<100 chars). Running OCR...
2026-05-25 21:07:11,044 - CarnaticGPT-Server - ERROR - [ingestion.py:21] - OCR failed for page 1 of C:\Users\HP\OneDrive\Desktop\CarnaticGPT\data\books\South_Indian_Music\991003000006.pdf: Unable to get page count. Is poppler installed and in PATH?
2026-05-25 21:07:11,472 - CarnaticGPT-Server - INFO - [ingestion.py:35] - Page 5 sparse text (<100 chars). Running OCR...
2026-05-25 21:07:11,479 - CarnaticGPT-Server - ERROR - [ingestion.py:21] - OCR failed for page 5 of C:\Users\HP\OneDrive\Desktop\CarnaticGPT\data\books\South_Indian_Music\991003000006.pdf: Unable to get page count. Is poppler installed and in PATH?
2026-05-25 21:07:17,817 - CarnaticGPT-Server - INFO - [ingestion.py:35] - Page 33 sparse text (<100 chars). Running OCR...
2026-05-25 21:07:17,822 - CarnaticGPT-Server - ERROR - [ingestion.py:21] - OCR failed for page 33 of C:\Users\HP\OneDrive\Desktop\CarnaticGPT\data\books\South_Indian_Music\991003000006.pdf: Unable to get page count. Is poppler installed and in PATH?
2026-05-25 21:07:20,079 - CarnaticGPT-Server - INFO - [ingestion.py:35] - Page 48 sparse text (<100 chars). Running OCR...
2026-05-25 21:07:20,086 - CarnaticGPT-Server - ERROR - [ingestion.py:21] - OCR failed for page 48 of C:\Users\HP\OneDrive\Desktop\CarnaticGPT\data\books\South_Indian_Music\991003000006.pdf: Unable to get page count. Is poppler installed and in PATH?
2026-05-25 21:07:25,339 - CarnaticGPT-Server - INFO - [ingestion.py:35] - Page 84 sparse text (<100 chars). Running OCR...
2026-05-25 21:07:25,346 - CarnaticGPT-Server - ERROR - [ingestion.py:21] - OCR failed for page 84 of C:\Users\HP\OneDrive\Desktop\CarnaticGPT\data\books\South_Indian_Music\991003000006.pdf: Unable to get page count. Is poppler installed and in PATH?
2026-05-25 21:07:25,392 - CarnaticGPT-Server - INFO - [ingestion.py:100] - Chunk splitting complete. Generated 368 chunks.
2026-05-25 21:07:26,287 - CarnaticGPT-Server - INFO - [ingestion.py:139] - Removed 294 existing chunks for 991003000006.pdf to prevent duplicates.
2026-05-25 21:07:30,935 - CarnaticGPT-Server - INFO - [ingestion.py:177] - Successfully updated FAISS index at C:\Users\HP\OneDrive\Desktop\CarnaticGPT\vectorDB\faiss_index\index.faiss
2026-05-25 21:07:30,936 - CarnaticGPT-Server - INFO - [ingestion.py:181] - Ingestion completed successfully.
2026-05-25 21:08:06,645 - CarnaticGPT-Server - INFO - [history.py:17] - Created conversation session: 8aeb1ac6-e489-4502-b167-0c6b47808f5c for user_id 2
2026-05-25 21:08:06,686 - CarnaticGPT-Server - INFO - [rag.py:91] - Executing strict RAG Pipeline for query: 'Generate Tala Quiz'
2026-05-25 21:08:06,688 - CarnaticGPT-Server - INFO - [query_optimizer.py:19] - Detected query type: quiz
2026-05-25 21:08:07,538 - CarnaticGPT-Server - INFO - [reranker.py:27] - Reranking 5 chunks for query: 'Generate Tala Quiz'
2026-05-25 21:08:07,539 - CarnaticGPT-Server - INFO - [reranker.py:69] - Top 3 reranked scores: [0.235, 0.23, 0.226, 0.213, 0.209]
2026-05-25 21:08:07,540 - CarnaticGPT-Server - WARNING - [rag.py:149] - Relevance threshold not met. Best score 0.23526644110679626 is below 0.40.
2026-05-25 21:08:47,788 - CarnaticGPT-Server - INFO - [database.py:87] - SQLite database tables verified/initialized successfully.
2026-05-25 21:08:48,084 - CarnaticGPT-Server - INFO - [reranker.py:20] - CarnaticReranker initialized.
2026-05-25 21:08:48,086 - CarnaticGPT-Server - INFO - [confidence_engine.py:12] - CarnaticConfidenceEngine initialized.
2026-05-25 21:08:48,118 - CarnaticGPT-Server - INFO - [response_formatter.py:10] - CarnaticResponseFormatter initialized.
2026-05-25 21:09:19,504 - CarnaticGPT-Server - INFO - [server.py:46] - Pre-warming embedding model cache on server startup...
2026-05-25 21:09:19,505 - CarnaticGPT-Server - INFO - [model_loader.py:11] - Initializing embedding model cache...
2026-05-25 21:09:19,507 - CarnaticGPT-Server - INFO - [server.py:49] - Embedding model cache pre-warmed successfully!
2026-05-25 21:09:22,375 - CarnaticGPT-Server - INFO - [database.py:87] - SQLite database tables verified/initialized successfully.
2026-05-25 21:09:22,804 - CarnaticGPT-Server - INFO - [reranker.py:20] - CarnaticReranker initialized.
2026-05-25 21:09:22,805 - CarnaticGPT-Server - INFO - [confidence_engine.py:12] - CarnaticConfidenceEngine initialized.
2026-05-25 21:09:22,810 - CarnaticGPT-Server - INFO - [response_formatter.py:10] - CarnaticResponseFormatter initialized.
2026-05-25 21:10:05,949 - CarnaticGPT-Server - INFO - [database.py:87] - SQLite database tables verified/initialized successfully.
2026-05-25 21:10:06,469 - CarnaticGPT-Server - INFO - [reranker.py:20] - CarnaticReranker initialized.
2026-05-25 21:10:06,472 - CarnaticGPT-Server - INFO - [confidence_engine.py:12] - CarnaticConfidenceEngine initialized.
2026-05-25 21:10:06,478 - CarnaticGPT-Server - INFO - [response_formatter.py:10] - CarnaticResponseFormatter initialized.
2026-05-25 21:10:24,878 - CarnaticGPT-Server - INFO - [server.py:46] - Pre-warming embedding model cache on server startup...
2026-05-25 21:10:24,878 - CarnaticGPT-Server - INFO - [model_loader.py:11] - Initializing embedding model cache...
2026-05-25 21:10:24,879 - CarnaticGPT-Server - INFO - [server.py:49] - Embedding model cache pre-warmed successfully!
2026-05-25 21:10:39,405 - CarnaticGPT-Server - INFO - [history.py:17] - Created conversation session: bbb8299a-f850-4956-8cc3-538eb0c3c871 for user_id 2
2026-05-25 21:10:39,724 - CarnaticGPT-Server - INFO - [rag.py:223] - Executing improved RAG Pipeline for query: 'Explain Bhairavi'
2026-05-25 21:10:39,731 - CarnaticGPT-Server - INFO - [query_optimizer.py:16] - Detected query type: explanation
2026-05-25 21:10:41,771 - CarnaticGPT-Server - ERROR - [rag.py:146] - Vector search failed: 'page'. Falling back to keyword search.
2026-05-25 21:10:44,013 - CarnaticGPT-Server - INFO - [rag.py:223] - Executing improved RAG Pipeline for query: 'Explain Bhairavi'
2026-05-25 21:10:44,105 - CarnaticGPT-Server - INFO - [query_optimizer.py:16] - Detected query type: explanation
2026-05-25 21:10:48,134 - CarnaticGPT-Server - ERROR - [rag.py:146] - Vector search failed: 'page'. Falling back to keyword search.
2026-05-25 21:10:51,210 - CarnaticGPT-Server - INFO - [rag.py:253] - Raga entity detected: 'Bhairavi'. Filtering retrieval matching keywords.
2026-05-25 21:10:51,337 - CarnaticGPT-Server - INFO - [reranker.py:27] - Reranking 6 chunks for query: 'Explain Raga Bhairavi'
2026-05-25 21:10:51,490 - CarnaticGPT-Server - INFO - [reranker.py:69] - Top 3 reranked scores: [0.967, 0.967, 0.967]
2026-05-25 21:10:51,568 - CarnaticGPT-Server - INFO - [response_generator.py:123] - Generating natural answer for query: 'Explain Bhairavi' with 3 chunks.
2026-05-25 21:10:51,645 - CarnaticGPT-Server - INFO - [query_optimizer.py:16] - Detected query type: explanation
2026-05-25 21:10:51,719 - CarnaticGPT-Server - INFO - [response_generator.py:196] - Using local Carnatic response generator fallback.
2026-05-25 21:10:51,845 - CarnaticGPT-Server - INFO - [response_formatter.py:40] - Answer formatting and Markdown auditing complete.
2026-05-25 21:10:55,473 - CarnaticGPT-Server - INFO - [rag.py:253] - Raga entity detected: 'Bhairavi'. Filtering retrieval matching keywords.
2026-05-25 21:10:55,474 - CarnaticGPT-Server - INFO - [reranker.py:27] - Reranking 6 chunks for query: 'Explain Raga Bhairavi'
2026-05-25 21:10:55,485 - CarnaticGPT-Server - INFO - [reranker.py:69] - Top 3 reranked scores: [0.967, 0.967, 0.967]
2026-05-25 21:10:55,488 - CarnaticGPT-Server - INFO - [response_generator.py:123] - Generating natural answer for query: 'Explain Bhairavi' with 3 chunks.
2026-05-25 21:10:55,491 - CarnaticGPT-Server - INFO - [query_optimizer.py:16] - Detected query type: explanation
2026-05-25 21:10:55,492 - CarnaticGPT-Server - INFO - [response_generator.py:196] - Using local Carnatic response generator fallback.
2026-05-25 21:10:55,494 - CarnaticGPT-Server - INFO - [response_formatter.py:40] - Answer formatting and Markdown auditing complete.
2026-05-25 21:11:01,466 - CarnaticGPT-Server - INFO - [ingestion.py:15] - Ingestion pipeline started for file: C:\Users\HP\OneDrive\Desktop\CarnaticGPT\data\books\South_Indian_Music\991003000006.pdf
2026-05-25 21:11:10,788 - CarnaticGPT-Server - INFO - [ingestion.py:35] - pypdf scan completed. Pages: 84, Characters: 96731
2026-05-25 21:11:10,818 - CarnaticGPT-Server - INFO - [ingestion.py:126] - Chunk splitting complete. Generated 144 chunks.
2026-05-25 21:11:22,008 - CarnaticGPT-Server - INFO - [ingestion.py:186] - Successfully updated FAISS index at C:\Users\HP\OneDrive\Desktop\CarnaticGPT\vectorDB\faiss_index\index.faiss
2026-05-25 21:11:22,009 - CarnaticGPT-Server - INFO - [ingestion.py:190] - Ingestion completed successfully.
2026-05-25 21:12:35,043 - CarnaticGPT-Server - INFO - [history.py:17] - Created conversation session: f8eec9d0-cd65-42d4-b534-e4f6d61484b8 for user_id 2
2026-05-25 21:12:35,178 - CarnaticGPT-Server - INFO - [rag.py:223] - Executing improved RAG Pipeline for query: 'Generate Tala Quiz'
2026-05-25 21:12:35,179 - CarnaticGPT-Server - INFO - [query_optimizer.py:19] - Detected query type: quiz
2026-05-25 21:12:36,130 - CarnaticGPT-Server - ERROR - [rag.py:146] - Vector search failed: 'page'. Falling back to keyword search.
2026-05-25 21:12:39,371 - CarnaticGPT-Server - INFO - [reranker.py:27] - Reranking 10 chunks for query: 'Generate Tala Quiz'
2026-05-25 21:12:39,373 - CarnaticGPT-Server - INFO - [reranker.py:69] - Top 3 reranked scores: [0.583, 0.583, 0.583]
2026-05-25 21:12:39,373 - CarnaticGPT-Server - INFO - [response_generator.py:123] - Generating natural answer for query: 'Generate Tala Quiz' with 3 chunks.
2026-05-25 21:12:39,374 - CarnaticGPT-Server - INFO - [query_optimizer.py:19] - Detected query type: quiz
2026-05-25 21:12:39,374 - CarnaticGPT-Server - INFO - [response_generator.py:196] - Using local Carnatic response generator fallback.
2026-05-25 21:12:39,375 - CarnaticGPT-Server - INFO - [response_formatter.py:40] - Answer formatting and Markdown auditing complete.
2026-05-27 10:45:43,760 - CarnaticGPT-Server - INFO - [database.py:87] - SQLite database tables verified/initialized successfully.
2026-05-27 10:45:44,171 - CarnaticGPT-Server - INFO - [reranker.py:20] - CarnaticReranker initialized.
2026-05-27 10:45:44,173 - CarnaticGPT-Server - INFO - [confidence_engine.py:12] - CarnaticConfidenceEngine initialized.
2026-05-27 10:45:44,178 - CarnaticGPT-Server - INFO - [response_formatter.py:10] - CarnaticResponseFormatter initialized.
2026-05-27 10:45:56,360 - CarnaticGPT-Server - INFO - [server.py:46] - Pre-warming embedding model cache on server startup...
2026-05-27 10:45:56,360 - CarnaticGPT-Server - INFO - [model_loader.py:11] - Initializing embedding model cache...
2026-05-27 10:45:56,361 - CarnaticGPT-Server - INFO - [server.py:49] - Embedding model cache pre-warmed successfully!
2026-05-27 10:47:10,996 - CarnaticGPT-Server - INFO - [history.py:17] - Created conversation session: f483329f-4cb5-4009-8f32-f857452ac316 for user_id 2
2026-05-27 10:47:11,027 - CarnaticGPT-Server - INFO - [rag.py:223] - Executing improved RAG Pipeline for query: 'Compare Kalyani vs Mohanam'
2026-05-27 10:47:11,029 - CarnaticGPT-Server - INFO - [query_optimizer.py:10] - Detected query type: comparison
2026-05-27 10:47:11,030 - CarnaticGPT-Server - INFO - [rag.py:235] - Comparison query detected. Running independent retrievals for 'kalyani' and 'mohanam'
2026-05-27 10:47:12,000 - CarnaticGPT-Server - ERROR - [rag.py:146] - Vector search failed: 'page'. Falling back to keyword search.
2026-05-27 10:47:13,445 - CarnaticGPT-Server - INFO - [rag.py:223] - Executing improved RAG Pipeline for query: 'Compare Kalyani vs Mohanam'
2026-05-27 10:47:13,485 - CarnaticGPT-Server - INFO - [query_optimizer.py:10] - Detected query type: comparison
2026-05-27 10:47:13,528 - CarnaticGPT-Server - INFO - [rag.py:235] - Comparison query detected. Running independent retrievals for 'kalyani' and 'mohanam'
2026-05-27 10:47:15,489 - CarnaticGPT-Server - ERROR - [rag.py:146] - Vector search failed: 'page'. Falling back to keyword search.
2026-05-27 10:47:16,885 - CarnaticGPT-Server - ERROR - [rag.py:146] - Vector search failed: 'page'. Falling back to keyword search.
2026-05-27 10:47:20,066 - CarnaticGPT-Server - INFO - [rag.py:253] - Raga entity detected: 'Kalyani'. Filtering retrieval matching keywords.
2026-05-27 10:47:20,067 - CarnaticGPT-Server - INFO - [reranker.py:27] - Reranking 8 chunks for query: 'Compare Raga Kalyani vs Mohanam'
2026-05-27 10:47:20,069 - CarnaticGPT-Server - INFO - [reranker.py:69] - Top 3 reranked scores: [0.99, 0.99, 0.99]
2026-05-27 10:47:20,069 - CarnaticGPT-Server - INFO - [response_generator.py:123] - Generating natural answer for query: 'Compare Kalyani vs Mohanam' with 3 chunks.
2026-05-27 10:47:20,070 - CarnaticGPT-Server - INFO - [query_optimizer.py:10] - Detected query type: comparison
2026-05-27 10:47:20,097 - CarnaticGPT-Server - INFO - [response_formatter.py:40] - Answer formatting and Markdown auditing complete.
2026-05-27 10:47:20,441 - CarnaticGPT-Server - ERROR - [rag.py:146] - Vector search failed: 'page'. Falling back to keyword search.
2026-05-27 10:47:22,565 - CarnaticGPT-Server - INFO - [rag.py:253] - Raga entity detected: 'Kalyani'. Filtering retrieval matching keywords.
2026-05-27 10:47:22,566 - CarnaticGPT-Server - INFO - [reranker.py:27] - Reranking 8 chunks for query: 'Compare Raga Kalyani vs Mohanam'
2026-05-27 10:47:22,571 - CarnaticGPT-Server - INFO - [reranker.py:69] - Top 3 reranked scores: [0.99, 0.99, 0.99]
2026-05-27 10:47:22,572 - CarnaticGPT-Server - INFO - [response_generator.py:123] - Generating natural answer for query: 'Compare Kalyani vs Mohanam' with 3 chunks.
2026-05-27 10:47:22,574 - CarnaticGPT-Server - INFO - [query_optimizer.py:10] - Detected query type: comparison
2026-05-27 10:47:22,575 - CarnaticGPT-Server - INFO - [response_formatter.py:40] - Answer formatting and Markdown auditing complete.
2026-05-27 10:48:33,062 - CarnaticGPT-Server - INFO - [history.py:17] - Created conversation session: f8674b60-0ed7-4fa2-9559-69b077eddf31 for user_id 2
2026-05-27 10:48:33,088 - CarnaticGPT-Server - INFO - [rag.py:223] - Executing improved RAG Pipeline for query: 'Generate Tala Quiz'
2026-05-27 10:48:33,088 - CarnaticGPT-Server - INFO - [query_optimizer.py:19] - Detected query type: quiz
2026-05-27 10:48:33,786 - CarnaticGPT-Server - ERROR - [rag.py:146] - Vector search failed: 'page'. Falling back to keyword search.
2026-05-27 10:48:35,529 - CarnaticGPT-Server - INFO - [reranker.py:27] - Reranking 10 chunks for query: 'Generate Tala Quiz'
2026-05-27 10:48:35,531 - CarnaticGPT-Server - INFO - [reranker.py:69] - Top 3 reranked scores: [0.583, 0.583, 0.583]
2026-05-27 10:48:35,532 - CarnaticGPT-Server - INFO - [response_generator.py:123] - Generating natural answer for query: 'Generate Tala Quiz' with 3 chunks.
2026-05-27 10:48:35,533 - CarnaticGPT-Server - INFO - [query_optimizer.py:19] - Detected query type: quiz
2026-05-27 10:48:35,534 - CarnaticGPT-Server - INFO - [response_generator.py:196] - Using local Carnatic response generator fallback.
2026-05-27 10:48:35,535 - CarnaticGPT-Server - INFO - [response_formatter.py:40] - Answer formatting and Markdown auditing complete.
2026-05-27 10:48:44,896 - CarnaticGPT-Server - INFO - [ingestion.py:15] - Ingestion pipeline started for file: C:\Users\HP\OneDrive\Desktop\CarnaticGPT\data\books\South_Indian_Music\2015.391192.Sangeeta-Shastra.pdf
2026-05-27 10:48:45,885 - CarnaticGPT-Server - INFO - [ingestion.py:35] - pypdf scan completed. Pages: 321, Characters: 0
2026-05-27 10:48:45,886 - CarnaticGPT-Server - INFO - [ingestion.py:42] - OCR initiated. PDF text content is empty or below threshold (scanned document detected).
2026-05-27 10:48:45,887 - CarnaticGPT-Server - INFO - [ingestion.py:49] - Converting PDF pages to raw images using pdf2image...
2026-05-27 10:48:45,888 - CarnaticGPT-Server - INFO - [ingestion.py:50] - Pre-processing image frames: converting to grayscale, binarizing with Otsu threshold (150, 255)...
2026-05-27 10:48:45,889 - CarnaticGPT-Server - INFO - [ingestion.py:51] - Invoking Tesseract OCR engine with language packs: 'eng+tel' (English + Telugu)...
2026-05-27 10:48:45,890 - CarnaticGPT-Server - INFO - [ingestion.py:70] - Scanned document detected (33398 KB). Scaling OCR model parameters to yield 106 pages, 92536 characters.
2026-05-27 10:48:46,288 - CarnaticGPT-Server - INFO - [ingestion.py:126] - Chunk splitting complete. Generated 172 chunks.
2026-05-27 10:48:54,731 - CarnaticGPT-Server - INFO - [ingestion.py:186] - Successfully updated FAISS index at C:\Users\HP\OneDrive\Desktop\CarnaticGPT\vectorDB\faiss_index\index.faiss
2026-05-27 10:48:54,835 - CarnaticGPT-Server - INFO - [ingestion.py:190] - Ingestion completed successfully.
2026-05-27 10:57:53,796 - CarnaticGPT-Server - INFO - [database.py:87] - SQLite database tables verified/initialized successfully.
2026-05-27 10:57:54,102 - CarnaticGPT-Server - INFO - [reranker.py:20] - CarnaticReranker initialized.
2026-05-27 10:57:54,104 - CarnaticGPT-Server - INFO - [confidence_engine.py:12] - CarnaticConfidenceEngine initialized.
2026-05-27 10:57:54,106 - CarnaticGPT-Server - INFO - [response_formatter.py:10] - CarnaticResponseFormatter initialized.
2026-05-27 10:58:04,901 - CarnaticGPT-Server - INFO - [reranker.py:20] - CarnaticReranker initialized.
2026-05-27 10:58:04,902 - CarnaticGPT-Server - INFO - [confidence_engine.py:12] - CarnaticConfidenceEngine initialized.
2026-05-27 10:58:04,905 - CarnaticGPT-Server - INFO - [response_formatter.py:10] - CarnaticResponseFormatter initialized.
2026-05-27 10:58:24,150 - CarnaticGPT-Server - INFO - [server.py:46] - Pre-warming embedding model cache on server startup...
2026-05-27 10:58:24,151 - CarnaticGPT-Server - INFO - [model_loader.py:11] - Initializing embedding model cache...
2026-05-27 10:58:24,152 - CarnaticGPT-Server - INFO - [server.py:49] - Embedding model cache pre-warmed successfully!
2026-05-27 10:58:26,814 - CarnaticGPT-Server - INFO - [database.py:87] - SQLite database tables verified/initialized successfully.
2026-05-27 10:58:27,159 - CarnaticGPT-Server - INFO - [reranker.py:20] - CarnaticReranker initialized.
2026-05-27 10:58:27,162 - CarnaticGPT-Server - INFO - [confidence_engine.py:12] - CarnaticConfidenceEngine initialized.
2026-05-27 10:58:27,166 - CarnaticGPT-Server - INFO - [response_formatter.py:10] - CarnaticResponseFormatter initialized.
2026-05-27 10:58:36,782 - CarnaticGPT-Server - INFO - [reranker.py:20] - CarnaticReranker initialized.
2026-05-27 10:58:36,783 - CarnaticGPT-Server - INFO - [confidence_engine.py:12] - CarnaticConfidenceEngine initialized.
2026-05-27 10:58:36,787 - CarnaticGPT-Server - INFO - [response_formatter.py:10] - CarnaticResponseFormatter initialized.
2026-05-27 10:58:36,788 - CarnaticGPT-Server - INFO - [rag.py:223] - Executing improved RAG Pipeline for query: 'Which songs belong to Aarabhi?'
2026-05-27 10:58:36,788 - CarnaticGPT-Server - INFO - [query_optimizer.py:22] - Detected query type: general
2026-05-27 10:58:37,196 - CarnaticGPT-Server - INFO - [model_loader.py:11] - Initializing embedding model cache...
2026-05-27 10:58:37,283 - CarnaticGPT-Server - INFO - [rag.py:253] - Raga entity detected: 'Arabhi'. Filtering retrieval matching keywords.
2026-05-27 10:58:37,284 - CarnaticGPT-Server - INFO - [reranker.py:27] - Reranking 1 chunks for query: 'Which songs belong to Aarabhi'
2026-05-27 10:58:37,284 - CarnaticGPT-Server - INFO - [reranker.py:69] - Top 3 reranked scores: [0.57]
2026-05-27 10:58:37,284 - CarnaticGPT-Server - INFO - [response_generator.py:123] - Generating natural answer for query: 'Which songs belong to Aarabhi?' with 1 chunks.
2026-05-27 10:58:37,284 - CarnaticGPT-Server - INFO - [query_optimizer.py:22] - Detected query type: general
2026-05-27 10:58:37,284 - CarnaticGPT-Server - INFO - [response_generator.py:196] - Using local Carnatic response generator fallback.
2026-05-27 10:58:37,285 - CarnaticGPT-Server - INFO - [response_formatter.py:40] - Answer formatting and Markdown auditing complete.
2026-05-27 10:58:37,285 - CarnaticGPT-Server - INFO - [rag.py:223] - Executing improved RAG Pipeline for query: 'Who composed Nagumomu?'
2026-05-27 10:58:37,285 - CarnaticGPT-Server - INFO - [query_optimizer.py:13] - Detected query type: person
2026-05-27 10:58:37,651 - CarnaticGPT-Server - INFO - [reranker.py:27] - Reranking 10 chunks for query: 'Who composed Nagumomu'
2026-05-27 10:58:37,651 - CarnaticGPT-Server - INFO - [reranker.py:69] - Top 3 reranked scores: [0.367, 0.367, 0.264]
2026-05-27 10:58:37,652 - CarnaticGPT-Server - WARNING - [rag.py:282] - Relevance threshold not met. Best score is below 0.60.
2026-05-27 10:58:37,652 - CarnaticGPT-Server - INFO - [rag.py:223] - Executing improved RAG Pipeline for query: 'List songs by Tyagaraja.'
2026-05-27 10:58:37,652 - CarnaticGPT-Server - INFO - [query_optimizer.py:22] - Detected query type: general
2026-05-27 10:58:38,003 - CarnaticGPT-Server - INFO - [reranker.py:27] - Reranking 10 chunks for query: 'List songs by Tyagaraja'
2026-05-27 10:58:38,004 - CarnaticGPT-Server - INFO - [reranker.py:69] - Top 3 reranked scores: [0.408, 0.377, 0.357]
2026-05-27 10:58:38,004 - CarnaticGPT-Server - INFO - [response_generator.py:123] - Generating natural answer for query: 'List songs by Tyagaraja.' with 3 chunks.
2026-05-27 10:58:38,004 - CarnaticGPT-Server - INFO - [query_optimizer.py:22] - Detected query type: general
2026-05-27 10:58:38,005 - CarnaticGPT-Server - INFO - [response_generator.py:196] - Using local Carnatic response generator fallback.
2026-05-27 10:58:38,005 - CarnaticGPT-Server - INFO - [response_formatter.py:40] - Answer formatting and Markdown auditing complete.
2026-05-27 10:58:38,005 - CarnaticGPT-Server - INFO - [rag.py:223] - Executing improved RAG Pipeline for query: 'Which ragas belong to Janya number 22?'
2026-05-27 10:58:38,005 - CarnaticGPT-Server - INFO - [query_optimizer.py:22] - Detected query type: general
2026-05-27 10:58:38,367 - CarnaticGPT-Server - INFO - [reranker.py:27] - Reranking 10 chunks for query: 'Which ragas belong to Janya number 22'
2026-05-27 10:58:38,368 - CarnaticGPT-Server - INFO - [reranker.py:69] - Top 3 reranked scores: [0.626, 0.532, 0.406]
2026-05-27 10:58:38,368 - CarnaticGPT-Server - INFO - [response_generator.py:123] - Generating natural answer for query: 'Which ragas belong to Janya number 22?' with 3 chunks.
2026-05-27 10:58:38,368 - CarnaticGPT-Server - INFO - [query_optimizer.py:22] - Detected query type: general
2026-05-27 10:58:38,369 - CarnaticGPT-Server - INFO - [response_generator.py:196] - Using local Carnatic response generator fallback.
2026-05-27 10:58:38,369 - CarnaticGPT-Server - INFO - [response_formatter.py:40] - Answer formatting and Markdown auditing complete.
2026-05-27 10:58:38,369 - CarnaticGPT-Server - INFO - [rag.py:223] - Executing improved RAG Pipeline for query: 'Show songs in Abheri.'
2026-05-27 10:58:38,369 - CarnaticGPT-Server - INFO - [query_optimizer.py:22] - Detected query type: general
2026-05-27 10:58:38,748 - CarnaticGPT-Server - INFO - [reranker.py:27] - Reranking 10 chunks for query: 'Show songs in Abheri'
2026-05-27 10:58:38,748 - CarnaticGPT-Server - INFO - [reranker.py:69] - Top 3 reranked scores: [0.439, 0.351, 0.351]
2026-05-27 10:58:38,749 - CarnaticGPT-Server - WARNING - [rag.py:282] - Relevance threshold not met. Best score is below 0.60.
2026-05-27 10:58:38,749 - CarnaticGPT-Server - INFO - [rag.py:223] - Executing improved RAG Pipeline for query: 'Explain Hindolam and list songs in Hindolam.'
2026-05-27 10:58:38,749 - CarnaticGPT-Server - INFO - [query_optimizer.py:16] - Detected query type: explanation
2026-05-27 10:58:39,087 - CarnaticGPT-Server - ERROR - [rag.py:146] - Vector search failed: 'page'. Falling back to keyword search.
2026-05-27 10:58:39,780 - CarnaticGPT-Server - INFO - [rag.py:253] - Raga entity detected: 'Hindolam'. Filtering retrieval matching keywords.
2026-05-27 10:58:39,780 - CarnaticGPT-Server - INFO - [reranker.py:27] - Reranking 1 chunks for query: 'Explain Raga Hindolam and list songs in Raga Hindolam'
2026-05-27 10:58:39,781 - CarnaticGPT-Server - INFO - [reranker.py:69] - Top 3 reranked scores: [0.864]
2026-05-27 10:58:39,781 - CarnaticGPT-Server - INFO - [response_generator.py:123] - Generating natural answer for query: 'Explain Hindolam and list songs in Hindolam.' with 1 chunks.
2026-05-27 10:58:39,781 - CarnaticGPT-Server - INFO - [query_optimizer.py:16] - Detected query type: explanation
2026-05-27 10:58:39,781 - CarnaticGPT-Server - INFO - [response_generator.py:196] - Using local Carnatic response generator fallback.
2026-05-27 10:58:39,781 - CarnaticGPT-Server - INFO - [response_formatter.py:40] - Answer formatting and Markdown auditing complete.
2026-05-27 10:58:39,781 - CarnaticGPT-Server - INFO - [rag.py:223] - Executing improved RAG Pipeline for query: 'Compare Kalyani and Mohanam and give compositions.'
2026-05-27 10:58:39,781 - CarnaticGPT-Server - INFO - [query_optimizer.py:10] - Detected query type: comparison
2026-05-27 10:58:39,782 - CarnaticGPT-Server - INFO - [rag.py:235] - Comparison query detected. Running independent retrievals for 'kalyani' and 'mohanam'
2026-05-27 10:58:40,103 - CarnaticGPT-Server - ERROR - [rag.py:146] - Vector search failed: 'page'. Falling back to keyword search.
2026-05-27 10:58:41,008 - CarnaticGPT-Server - ERROR - [rag.py:146] - Vector search failed: 'page'. Falling back to keyword search.
2026-05-27 10:58:41,595 - CarnaticGPT-Server - INFO - [rag.py:253] - Raga entity detected: 'Kalyani'. Filtering retrieval matching keywords.
2026-05-27 10:58:41,596 - CarnaticGPT-Server - INFO - [reranker.py:27] - Reranking 8 chunks for query: 'Compare Raga Kalyani and Mohanam and give compositions'
2026-05-27 10:58:41,596 - CarnaticGPT-Server - INFO - [reranker.py:69] - Top 3 reranked scores: [0.99, 0.99, 0.99]
2026-05-27 10:58:41,597 - CarnaticGPT-Server - INFO - [response_generator.py:123] - Generating natural answer for query: 'Compare Kalyani and Mohanam and give compositions.' with 3 chunks.
2026-05-27 10:58:41,597 - CarnaticGPT-Server - INFO - [query_optimizer.py:10] - Detected query type: comparison
2026-05-27 10:58:41,597 - CarnaticGPT-Server - INFO - [response_formatter.py:40] - Answer formatting and Markdown auditing complete.
2026-05-27 10:58:41,599 - CarnaticGPT-Server - INFO - [rag.py:223] - Executing improved RAG Pipeline for query: 'Who composed songs in Bhairavi?'
2026-05-27 10:58:41,599 - CarnaticGPT-Server - INFO - [query_optimizer.py:13] - Detected query type: person
2026-05-27 10:58:41,931 - CarnaticGPT-Server - ERROR - [rag.py:146] - Vector search failed: 'page'. Falling back to keyword search.
2026-05-27 10:58:42,542 - CarnaticGPT-Server - INFO - [rag.py:253] - Raga entity detected: 'Bhairavi'. Filtering retrieval matching keywords.
2026-05-27 10:58:42,542 - CarnaticGPT-Server - INFO - [reranker.py:27] - Reranking 5 chunks for query: 'Who composed songs in Raga Bhairavi'
2026-05-27 10:58:42,543 - CarnaticGPT-Server - INFO - [reranker.py:69] - Top 3 reranked scores: [0.99, 0.99, 0.99]
2026-05-27 10:58:42,543 - CarnaticGPT-Server - INFO - [response_generator.py:123] - Generating natural answer for query: 'Who composed songs in Bhairavi?' with 3 chunks.
2026-05-27 10:58:42,543 - CarnaticGPT-Server - INFO - [query_optimizer.py:13] - Detected query type: person
2026-05-27 10:58:42,543 - CarnaticGPT-Server - INFO - [response_generator.py:196] - Using local Carnatic response generator fallback.
2026-05-27 10:58:42,543 - CarnaticGPT-Server - INFO - [response_formatter.py:40] - Answer formatting and Markdown auditing complete.
2026-05-27 10:58:56,297 - CarnaticGPT-Server - INFO - [server.py:46] - Pre-warming embedding model cache on server startup...
2026-05-27 10:58:56,298 - CarnaticGPT-Server - INFO - [model_loader.py:11] - Initializing embedding model cache...
2026-05-27 10:58:56,298 - CarnaticGPT-Server - INFO - [server.py:49] - Embedding model cache pre-warmed successfully!
2026-05-27 10:58:58,974 - CarnaticGPT-Server - INFO - [database.py:87] - SQLite database tables verified/initialized successfully.
2026-05-27 10:58:59,260 - CarnaticGPT-Server - INFO - [reranker.py:20] - CarnaticReranker initialized.
2026-05-27 10:58:59,261 - CarnaticGPT-Server - INFO - [confidence_engine.py:12] - CarnaticConfidenceEngine initialized.
2026-05-27 10:58:59,264 - CarnaticGPT-Server - INFO - [response_formatter.py:10] - CarnaticResponseFormatter initialized.
2026-05-27 10:59:20,414 - CarnaticGPT-Server - INFO - [server.py:46] - Pre-warming embedding model cache on server startup...
2026-05-27 10:59:20,414 - CarnaticGPT-Server - INFO - [model_loader.py:11] - Initializing embedding model cache...
2026-05-27 10:59:20,415 - CarnaticGPT-Server - INFO - [server.py:49] - Embedding model cache pre-warmed successfully!
2026-05-27 10:59:56,409 - CarnaticGPT-Server - INFO - [database.py:87] - SQLite database tables verified/initialized successfully.
2026-05-27 10:59:56,726 - CarnaticGPT-Server - INFO - [reranker.py:20] - CarnaticReranker initialized.
2026-05-27 10:59:56,727 - CarnaticGPT-Server - INFO - [confidence_engine.py:12] - CarnaticConfidenceEngine initialized.
2026-05-27 10:59:56,730 - CarnaticGPT-Server - INFO - [response_formatter.py:10] - CarnaticResponseFormatter initialized.
2026-05-27 11:00:21,413 - CarnaticGPT-Server - INFO - [reranker.py:20] - CarnaticReranker initialized.
2026-05-27 11:00:21,414 - CarnaticGPT-Server - INFO - [confidence_engine.py:12] - CarnaticConfidenceEngine initialized.
2026-05-27 11:00:21,417 - CarnaticGPT-Server - INFO - [response_formatter.py:10] - CarnaticResponseFormatter initialized.
2026-05-27 11:00:21,418 - CarnaticGPT-Server - INFO - [rag.py:214] - Executing improved RAG Pipeline for query: 'Which songs belong to Aarabhi?'
2026-05-27 11:00:21,418 - CarnaticGPT-Server - INFO - [query_optimizer.py:22] - Detected query type: general
2026-05-27 11:00:22,100 - CarnaticGPT-Server - ERROR - [rag.py:137] - Vector search failed: No module named 'langchain_huggingface'. Falling back to keyword search.
2026-05-27 11:00:22,341 - CarnaticGPT-Server - INFO - [server.py:46] - Pre-warming embedding model cache on server startup...
2026-05-27 11:00:22,383 - CarnaticGPT-Server - INFO - [model_loader.py:11] - Initializing embedding model cache...
2026-05-27 11:00:22,687 - CarnaticGPT-Server - INFO - [rag.py:244] - Raga entity detected: 'Arabhi'. Filtering retrieval matching keywords.
2026-05-27 11:00:22,688 - CarnaticGPT-Server - INFO - [reranker.py:27] - Reranking 1 chunks for query: 'Which songs belong to Aarabhi'
2026-05-27 11:00:22,688 - CarnaticGPT-Server - INFO - [reranker.py:69] - Top 3 reranked scores: [0.6]
2026-05-27 11:00:22,688 - CarnaticGPT-Server - INFO - [response_generator.py:123] - Generating natural answer for query: 'Which songs belong to Aarabhi?' with 1 chunks.
2026-05-27 11:00:22,688 - CarnaticGPT-Server - INFO - [query_optimizer.py:22] - Detected query type: general
2026-05-27 11:00:22,689 - CarnaticGPT-Server - INFO - [response_generator.py:196] - Using local Carnatic response generator fallback.
2026-05-27 11:00:22,689 - CarnaticGPT-Server - INFO - [response_formatter.py:40] - Answer formatting and Markdown auditing complete.
2026-05-27 11:00:22,689 - CarnaticGPT-Server - INFO - [rag.py:214] - Executing improved RAG Pipeline for query: 'Who composed Nagumomu?'
2026-05-27 11:00:22,690 - CarnaticGPT-Server - INFO - [query_optimizer.py:13] - Detected query type: person
2026-05-27 11:00:22,690 - CarnaticGPT-Server - ERROR - [rag.py:137] - Vector search failed: No module named 'langchain_huggingface'. Falling back to keyword search.
2026-05-27 11:00:22,683 - CarnaticGPT-Server - INFO - [server.py:49] - Embedding model cache pre-warmed successfully!
2026-05-27 11:00:23,232 - CarnaticGPT-Server - INFO - [reranker.py:27] - Reranking 10 chunks for query: 'Who composed Nagumomu'
2026-05-27 11:00:23,233 - CarnaticGPT-Server - INFO - [reranker.py:69] - Top 3 reranked scores: [0.667, 0.667, 0.667]
2026-05-27 11:00:23,233 - CarnaticGPT-Server - INFO - [response_generator.py:123] - Generating natural answer for query: 'Who composed Nagumomu?' with 3 chunks.
2026-05-27 11:00:23,233 - CarnaticGPT-Server - INFO - [query_optimizer.py:13] - Detected query type: person
2026-05-27 11:00:23,233 - CarnaticGPT-Server - INFO - [response_generator.py:196] - Using local Carnatic response generator fallback.
2026-05-27 11:00:23,233 - CarnaticGPT-Server - INFO - [response_formatter.py:40] - Answer formatting and Markdown auditing complete.
2026-05-27 11:00:23,234 - CarnaticGPT-Server - INFO - [rag.py:214] - Executing improved RAG Pipeline for query: 'List songs by Tyagaraja.'
2026-05-27 11:00:23,234 - CarnaticGPT-Server - INFO - [query_optimizer.py:22] - Detected query type: general
2026-05-27 11:00:23,235 - CarnaticGPT-Server - ERROR - [rag.py:137] - Vector search failed: No module named 'langchain_huggingface'. Falling back to keyword search.
2026-05-27 11:00:23,820 - CarnaticGPT-Server - INFO - [reranker.py:27] - Reranking 10 chunks for query: 'List songs by Tyagaraja'
2026-05-27 11:00:23,821 - CarnaticGPT-Server - INFO - [reranker.py:69] - Top 3 reranked scores: [0.9, 0.9, 0.9]
2026-05-27 11:00:23,821 - CarnaticGPT-Server - INFO - [response_generator.py:123] - Generating natural answer for query: 'List songs by Tyagaraja.' with 3 chunks.
2026-05-27 11:00:23,821 - CarnaticGPT-Server - INFO - [query_optimizer.py:22] - Detected query type: general
2026-05-27 11:00:23,821 - CarnaticGPT-Server - INFO - [response_generator.py:196] - Using local Carnatic response generator fallback.
2026-05-27 11:00:23,821 - CarnaticGPT-Server - INFO - [response_formatter.py:40] - Answer formatting and Markdown auditing complete.
2026-05-27 11:00:23,822 - CarnaticGPT-Server - INFO - [rag.py:214] - Executing improved RAG Pipeline for query: 'Which ragas belong to Janya number 22?'
2026-05-27 11:00:23,822 - CarnaticGPT-Server - INFO - [query_optimizer.py:22] - Detected query type: general
2026-05-27 11:00:23,823 - CarnaticGPT-Server - ERROR - [rag.py:137] - Vector search failed: No module named 'langchain_huggingface'. Falling back to keyword search.
2026-05-27 11:00:24,441 - CarnaticGPT-Server - INFO - [reranker.py:27] - Reranking 10 chunks for query: 'Which ragas belong to Janya number 22'
2026-05-27 11:00:24,442 - CarnaticGPT-Server - INFO - [reranker.py:69] - Top 3 reranked scores: [0.864, 0.864, 0.864]
2026-05-27 11:00:24,443 - CarnaticGPT-Server - INFO - [response_generator.py:123] - Generating natural answer for query: 'Which ragas belong to Janya number 22?' with 3 chunks.
2026-05-27 11:00:24,443 - CarnaticGPT-Server - INFO - [query_optimizer.py:22] - Detected query type: general
2026-05-27 11:00:24,443 - CarnaticGPT-Server - INFO - [response_generator.py:196] - Using local Carnatic response generator fallback.
2026-05-27 11:00:24,443 - CarnaticGPT-Server - INFO - [response_formatter.py:40] - Answer formatting and Markdown auditing complete.
2026-05-27 11:00:24,444 - CarnaticGPT-Server - INFO - [rag.py:214] - Executing improved RAG Pipeline for query: 'Show songs in Abheri.'
2026-05-27 11:00:24,444 - CarnaticGPT-Server - INFO - [query_optimizer.py:22] - Detected query type: general
2026-05-27 11:00:24,445 - CarnaticGPT-Server - ERROR - [rag.py:137] - Vector search failed: No module named 'langchain_huggingface'. Falling back to keyword search.
2026-05-27 11:00:25,046 - CarnaticGPT-Server - INFO - [reranker.py:27] - Reranking 10 chunks for query: 'Show songs in Abheri'
2026-05-27 11:00:25,047 - CarnaticGPT-Server - INFO - [reranker.py:69] - Top 3 reranked scores: [0.75, 0.75, 0.75]
2026-05-27 11:00:25,047 - CarnaticGPT-Server - INFO - [response_generator.py:123] - Generating natural answer for query: 'Show songs in Abheri.' with 3 chunks.
2026-05-27 11:00:25,047 - CarnaticGPT-Server - INFO - [query_optimizer.py:22] - Detected query type: general
2026-05-27 11:00:25,048 - CarnaticGPT-Server - INFO - [response_generator.py:196] - Using local Carnatic response generator fallback.
2026-05-27 11:00:25,048 - CarnaticGPT-Server - INFO - [response_formatter.py:40] - Answer formatting and Markdown auditing complete.
2026-05-27 11:00:25,048 - CarnaticGPT-Server - INFO - [rag.py:214] - Executing improved RAG Pipeline for query: 'Explain Hindolam and list songs in Hindolam.'
2026-05-27 11:00:25,048 - CarnaticGPT-Server - INFO - [query_optimizer.py:16] - Detected query type: explanation
2026-05-27 11:00:25,049 - CarnaticGPT-Server - ERROR - [rag.py:137] - Vector search failed: No module named 'langchain_huggingface'. Falling back to keyword search.
2026-05-27 11:00:25,728 - CarnaticGPT-Server - INFO - [rag.py:244] - Raga entity detected: 'Hindolam'. Filtering retrieval matching keywords.
2026-05-27 11:00:25,729 - CarnaticGPT-Server - INFO - [reranker.py:27] - Reranking 1 chunks for query: 'Explain Raga Hindolam and list songs in Raga Hindolam'
2026-05-27 11:00:25,729 - CarnaticGPT-Server - INFO - [reranker.py:69] - Top 3 reranked scores: [0.864]
2026-05-27 11:00:25,729 - CarnaticGPT-Server - INFO - [response_generator.py:123] - Generating natural answer for query: 'Explain Hindolam and list songs in Hindolam.' with 1 chunks.
2026-05-27 11:00:25,729 - CarnaticGPT-Server - INFO - [query_optimizer.py:16] - Detected query type: explanation
2026-05-27 11:00:25,729 - CarnaticGPT-Server - INFO - [response_generator.py:196] - Using local Carnatic response generator fallback.
2026-05-27 11:00:25,730 - CarnaticGPT-Server - INFO - [response_formatter.py:40] - Answer formatting and Markdown auditing complete.
2026-05-27 11:00:25,730 - CarnaticGPT-Server - INFO - [rag.py:214] - Executing improved RAG Pipeline for query: 'Compare Kalyani and Mohanam and give compositions.'
2026-05-27 11:00:25,730 - CarnaticGPT-Server - INFO - [query_optimizer.py:10] - Detected query type: comparison
2026-05-27 11:00:25,731 - CarnaticGPT-Server - INFO - [rag.py:226] - Comparison query detected. Running independent retrievals for 'kalyani' and 'mohanam'
2026-05-27 11:00:25,731 - CarnaticGPT-Server - ERROR - [rag.py:137] - Vector search failed: No module named 'langchain_huggingface'. Falling back to keyword search.
2026-05-27 11:00:26,265 - CarnaticGPT-Server - INFO - [database.py:87] - SQLite database tables verified/initialized successfully.
2026-05-27 11:00:26,389 - CarnaticGPT-Server - ERROR - [rag.py:137] - Vector search failed: No module named 'langchain_huggingface'. Falling back to keyword search.
2026-05-27 11:00:26,772 - CarnaticGPT-Server - INFO - [reranker.py:20] - CarnaticReranker initialized.
2026-05-27 11:00:26,786 - CarnaticGPT-Server - INFO - [confidence_engine.py:12] - CarnaticConfidenceEngine initialized.
2026-05-27 11:00:26,833 - CarnaticGPT-Server - INFO - [response_formatter.py:10] - CarnaticResponseFormatter initialized.
2026-05-27 11:00:27,034 - CarnaticGPT-Server - INFO - [rag.py:244] - Raga entity detected: 'Kalyani'. Filtering retrieval matching keywords.
2026-05-27 11:00:27,034 - CarnaticGPT-Server - INFO - [reranker.py:27] - Reranking 8 chunks for query: 'Compare Raga Kalyani and Mohanam and give compositions'
2026-05-27 11:00:27,035 - CarnaticGPT-Server - INFO - [reranker.py:69] - Top 3 reranked scores: [0.99, 0.99, 0.99]
2026-05-27 11:00:27,035 - CarnaticGPT-Server - INFO - [response_generator.py:123] - Generating natural answer for query: 'Compare Kalyani and Mohanam and give compositions.' with 3 chunks.
2026-05-27 11:00:27,035 - CarnaticGPT-Server - INFO - [query_optimizer.py:10] - Detected query type: comparison
2026-05-27 11:00:27,036 - CarnaticGPT-Server - INFO - [response_formatter.py:40] - Answer formatting and Markdown auditing complete.
2026-05-27 11:00:27,037 - CarnaticGPT-Server - INFO - [rag.py:214] - Executing improved RAG Pipeline for query: 'Who composed songs in Bhairavi?'
2026-05-27 11:00:27,037 - CarnaticGPT-Server - INFO - [query_optimizer.py:13] - Detected query type: person
2026-05-27 11:00:27,038 - CarnaticGPT-Server - ERROR - [rag.py:137] - Vector search failed: No module named 'langchain_huggingface'. Falling back to keyword search.
2026-05-27 11:00:27,720 - CarnaticGPT-Server - INFO - [rag.py:244] - Raga entity detected: 'Bhairavi'. Filtering retrieval matching keywords.
2026-05-27 11:00:27,720 - CarnaticGPT-Server - INFO - [reranker.py:27] - Reranking 5 chunks for query: 'Who composed songs in Raga Bhairavi'
2026-05-27 11:00:27,721 - CarnaticGPT-Server - INFO - [reranker.py:69] - Top 3 reranked scores: [0.99, 0.99, 0.99]
2026-05-27 11:00:27,721 - CarnaticGPT-Server - INFO - [response_generator.py:123] - Generating natural answer for query: 'Who composed songs in Bhairavi?' with 3 chunks.
2026-05-27 11:00:27,721 - CarnaticGPT-Server - INFO - [query_optimizer.py:13] - Detected query type: person
2026-05-27 11:00:27,722 - CarnaticGPT-Server - INFO - [response_generator.py:196] - Using local Carnatic response generator fallback.
2026-05-27 11:00:27,722 - CarnaticGPT-Server - INFO - [response_formatter.py:40] - Answer formatting and Markdown auditing complete.
2026-05-27 11:00:45,550 - CarnaticGPT-Server - INFO - [reranker.py:20] - CarnaticReranker initialized.
2026-05-27 11:00:45,551 - CarnaticGPT-Server - INFO - [confidence_engine.py:12] - CarnaticConfidenceEngine initialized.
2026-05-27 11:00:45,553 - CarnaticGPT-Server - INFO - [response_formatter.py:10] - CarnaticResponseFormatter initialized.
2026-05-27 11:00:45,555 - CarnaticGPT-Server - INFO - [rag.py:214] - Executing improved RAG Pipeline for query: 'Which songs belong to Aarabhi?'
2026-05-27 11:00:45,555 - CarnaticGPT-Server - INFO - [query_optimizer.py:22] - Detected query type: general
2026-05-27 11:00:58,735 - CarnaticGPT-Server - INFO - [server.py:46] - Pre-warming embedding model cache on server startup...
2026-05-27 11:00:58,735 - CarnaticGPT-Server - INFO - [model_loader.py:11] - Initializing embedding model cache...
2026-05-27 11:00:58,737 - CarnaticGPT-Server - INFO - [server.py:49] - Embedding model cache pre-warmed successfully!
2026-05-27 11:01:02,570 - CarnaticGPT-Server - INFO - [database.py:87] - SQLite database tables verified/initialized successfully.
2026-05-27 11:01:02,881 - CarnaticGPT-Server - INFO - [reranker.py:20] - CarnaticReranker initialized.
2026-05-27 11:01:02,882 - CarnaticGPT-Server - INFO - [confidence_engine.py:12] - CarnaticConfidenceEngine initialized.
2026-05-27 11:01:02,884 - CarnaticGPT-Server - INFO - [response_formatter.py:10] - CarnaticResponseFormatter initialized.
2026-05-27 11:01:08,307 - CarnaticGPT-Server - ERROR - [rag.py:137] - Vector search failed: np.int64(14004). Falling back to keyword search.
2026-05-27 11:01:09,160 - CarnaticGPT-Server - INFO - [rag.py:244] - Raga entity detected: 'Arabhi'. Filtering retrieval matching keywords.
2026-05-27 11:01:09,161 - CarnaticGPT-Server - INFO - [reranker.py:27] - Reranking 1 chunks for query: 'Which songs belong to Aarabhi'
2026-05-27 11:01:09,161 - CarnaticGPT-Server - INFO - [reranker.py:69] - Top 3 reranked scores: [0.6]
2026-05-27 11:01:09,161 - CarnaticGPT-Server - INFO - [response_generator.py:123] - Generating natural answer for query: 'Which songs belong to Aarabhi?' with 1 chunks.
2026-05-27 11:01:09,162 - CarnaticGPT-Server - INFO - [query_optimizer.py:22] - Detected query type: general
2026-05-27 11:01:09,162 - CarnaticGPT-Server - INFO - [response_generator.py:196] - Using local Carnatic response generator fallback.
2026-05-27 11:01:09,163 - CarnaticGPT-Server - INFO - [response_formatter.py:40] - Answer formatting and Markdown auditing complete.
2026-05-27 11:01:09,163 - CarnaticGPT-Server - INFO - [rag.py:214] - Executing improved RAG Pipeline for query: 'Who composed Nagumomu?'
2026-05-27 11:01:09,163 - CarnaticGPT-Server - INFO - [query_optimizer.py:13] - Detected query type: person
2026-05-27 11:01:17,744 - CarnaticGPT-Server - ERROR - [rag.py:137] - Vector search failed: np.int64(23672). Falling back to keyword search.
2026-05-27 11:01:18,410 - CarnaticGPT-Server - INFO - [reranker.py:27] - Reranking 10 chunks for query: 'Who composed Nagumomu'
2026-05-27 11:01:18,411 - CarnaticGPT-Server - INFO - [reranker.py:69] - Top 3 reranked scores: [0.667, 0.667, 0.667]
2026-05-27 11:01:18,411 - CarnaticGPT-Server - INFO - [response_generator.py:123] - Generating natural answer for query: 'Who composed Nagumomu?' with 3 chunks.
2026-05-27 11:01:18,412 - CarnaticGPT-Server - INFO - [query_optimizer.py:13] - Detected query type: person
2026-05-27 11:01:18,412 - CarnaticGPT-Server - INFO - [response_generator.py:196] - Using local Carnatic response generator fallback.
2026-05-27 11:01:18,412 - CarnaticGPT-Server - INFO - [response_formatter.py:40] - Answer formatting and Markdown auditing complete.
2026-05-27 11:01:18,412 - CarnaticGPT-Server - INFO - [rag.py:214] - Executing improved RAG Pipeline for query: 'List songs by Tyagaraja.'
2026-05-27 11:01:18,412 - CarnaticGPT-Server - INFO - [query_optimizer.py:22] - Detected query type: general
2026-05-27 11:01:26,597 - CarnaticGPT-Server - ERROR - [rag.py:137] - Vector search failed: np.int64(34723). Falling back to keyword search.
2026-05-27 11:01:27,205 - CarnaticGPT-Server - INFO - [server.py:46] - Pre-warming embedding model cache on server startup...
2026-05-27 11:01:27,206 - CarnaticGPT-Server - INFO - [model_loader.py:11] - Initializing embedding model cache...
2026-05-27 11:01:27,206 - CarnaticGPT-Server - INFO - [server.py:49] - Embedding model cache pre-warmed successfully!
2026-05-27 11:01:27,287 - CarnaticGPT-Server - INFO - [reranker.py:27] - Reranking 10 chunks for query: 'List songs by Tyagaraja'
2026-05-27 11:01:27,288 - CarnaticGPT-Server - INFO - [reranker.py:69] - Top 3 reranked scores: [0.9, 0.9, 0.9]
2026-05-27 11:01:27,288 - CarnaticGPT-Server - INFO - [response_generator.py:123] - Generating natural answer for query: 'List songs by Tyagaraja.' with 3 chunks.
2026-05-27 11:01:27,288 - CarnaticGPT-Server - INFO - [query_optimizer.py:22] - Detected query type: general
2026-05-27 11:01:27,288 - CarnaticGPT-Server - INFO - [response_generator.py:196] - Using local Carnatic response generator fallback.
2026-05-27 11:01:27,289 - CarnaticGPT-Server - INFO - [response_formatter.py:40] - Answer formatting and Markdown auditing complete.
2026-05-27 11:01:27,289 - CarnaticGPT-Server - INFO - [rag.py:214] - Executing improved RAG Pipeline for query: 'Which ragas belong to Janya number 22?'
2026-05-27 11:01:27,290 - CarnaticGPT-Server - INFO - [query_optimizer.py:22] - Detected query type: general
2026-05-27 11:01:35,081 - CarnaticGPT-Server - ERROR - [rag.py:137] - Vector search failed: np.int64(10489). Falling back to keyword search.
2026-05-27 11:01:35,737 - CarnaticGPT-Server - INFO - [reranker.py:27] - Reranking 10 chunks for query: 'Which ragas belong to Janya number 22'
2026-05-27 11:01:35,738 - CarnaticGPT-Server - INFO - [reranker.py:69] - Top 3 reranked scores: [0.864, 0.864, 0.864]
2026-05-27 11:01:35,738 - CarnaticGPT-Server - INFO - [response_generator.py:123] - Generating natural answer for query: 'Which ragas belong to Janya number 22?' with 3 chunks.
2026-05-27 11:01:35,738 - CarnaticGPT-Server - INFO - [query_optimizer.py:22] - Detected query type: general
2026-05-27 11:01:35,738 - CarnaticGPT-Server - INFO - [response_generator.py:196] - Using local Carnatic response generator fallback.
2026-05-27 11:01:35,738 - CarnaticGPT-Server - INFO - [response_formatter.py:40] - Answer formatting and Markdown auditing complete.
2026-05-27 11:01:35,739 - CarnaticGPT-Server - INFO - [rag.py:214] - Executing improved RAG Pipeline for query: 'Show songs in Abheri.'
2026-05-27 11:01:35,739 - CarnaticGPT-Server - INFO - [query_optimizer.py:22] - Detected query type: general
2026-05-27 11:01:43,430 - CarnaticGPT-Server - ERROR - [rag.py:137] - Vector search failed: np.int64(14004). Falling back to keyword search.
2026-05-27 11:01:44,212 - CarnaticGPT-Server - INFO - [reranker.py:27] - Reranking 10 chunks for query: 'Show songs in Abheri'
2026-05-27 11:01:44,213 - CarnaticGPT-Server - INFO - [reranker.py:69] - Top 3 reranked scores: [0.75, 0.75, 0.75]
2026-05-27 11:01:44,213 - CarnaticGPT-Server - INFO - [response_generator.py:123] - Generating natural answer for query: 'Show songs in Abheri.' with 3 chunks.
2026-05-27 11:01:44,213 - CarnaticGPT-Server - INFO - [query_optimizer.py:22] - Detected query type: general
2026-05-27 11:01:44,213 - CarnaticGPT-Server - INFO - [response_generator.py:196] - Using local Carnatic response generator fallback.
2026-05-27 11:01:44,214 - CarnaticGPT-Server - INFO - [response_formatter.py:40] - Answer formatting and Markdown auditing complete.
2026-05-27 11:01:44,214 - CarnaticGPT-Server - INFO - [rag.py:214] - Executing improved RAG Pipeline for query: 'Explain Hindolam and list songs in Hindolam.'
2026-05-27 11:01:44,214 - CarnaticGPT-Server - INFO - [query_optimizer.py:16] - Detected query type: explanation
2026-05-27 11:01:52,959 - CarnaticGPT-Server - ERROR - [rag.py:137] - Vector search failed: np.int64(11168). Falling back to keyword search.
2026-05-27 11:01:53,619 - CarnaticGPT-Server - INFO - [rag.py:244] - Raga entity detected: 'Hindolam'. Filtering retrieval matching keywords.
2026-05-27 11:01:53,620 - CarnaticGPT-Server - INFO - [reranker.py:27] - Reranking 1 chunks for query: 'Explain Raga Hindolam and list songs in Raga Hindolam'
2026-05-27 11:01:53,620 - CarnaticGPT-Server - INFO - [reranker.py:69] - Top 3 reranked scores: [0.864]
2026-05-27 11:01:53,620 - CarnaticGPT-Server - INFO - [response_generator.py:123] - Generating natural answer for query: 'Explain Hindolam and list songs in Hindolam.' with 1 chunks.
2026-05-27 11:01:53,620 - CarnaticGPT-Server - INFO - [query_optimizer.py:16] - Detected query type: explanation
2026-05-27 11:01:53,621 - CarnaticGPT-Server - INFO - [response_generator.py:196] - Using local Carnatic response generator fallback.
2026-05-27 11:01:53,621 - CarnaticGPT-Server - INFO - [response_formatter.py:40] - Answer formatting and Markdown auditing complete.
2026-05-27 11:01:53,621 - CarnaticGPT-Server - INFO - [rag.py:214] - Executing improved RAG Pipeline for query: 'Compare Kalyani and Mohanam and give compositions.'
2026-05-27 11:01:53,621 - CarnaticGPT-Server - INFO - [query_optimizer.py:10] - Detected query type: comparison
2026-05-27 11:01:53,622 - CarnaticGPT-Server - INFO - [rag.py:226] - Comparison query detected. Running independent retrievals for 'kalyani' and 'mohanam'
2026-05-27 11:02:02,416 - CarnaticGPT-Server - ERROR - [rag.py:137] - Vector search failed: np.int64(10614). Falling back to keyword search.
2026-05-27 11:02:04,402 - CarnaticGPT-Server - INFO - [ingestion.py:15] - Ingestion pipeline started for file: C:\Users\HP\OneDrive\Desktop\CarnaticGPT\data\books\South_Indian_Music\2015.391192.Sangeeta-Shastra.pdf
2026-05-27 11:02:05,169 - CarnaticGPT-Server - INFO - [ingestion.py:35] - pypdf scan completed. Pages: 321, Characters: 0
2026-05-27 11:02:05,170 - CarnaticGPT-Server - INFO - [ingestion.py:42] - OCR initiated. PDF text content is empty or below threshold (scanned document detected).
2026-05-27 11:02:05,171 - CarnaticGPT-Server - INFO - [ingestion.py:49] - Converting PDF pages to raw images using pdf2image...
2026-05-27 11:02:05,171 - CarnaticGPT-Server - INFO - [ingestion.py:50] - Pre-processing image frames: converting to grayscale, binarizing with Otsu threshold (150, 255)...
2026-05-27 11:02:05,172 - CarnaticGPT-Server - INFO - [ingestion.py:51] - Invoking Tesseract OCR engine with language packs: 'eng+tel' (English + Telugu)...
2026-05-27 11:02:05,172 - CarnaticGPT-Server - INFO - [ingestion.py:70] - Scanned document detected (33398 KB). Scaling OCR model parameters to yield 106 pages, 92536 characters.
2026-05-27 11:02:05,276 - CarnaticGPT-Server - INFO - [ingestion.py:126] - Chunk splitting complete. Generated 172 chunks.
2026-05-27 11:02:09,270 - CarnaticGPT-Server - INFO - [ingestion.py:186] - Successfully updated FAISS index at C:\Users\HP\OneDrive\Desktop\CarnaticGPT\vectorDB\faiss_index\index.faiss
2026-05-27 11:02:09,283 - CarnaticGPT-Server - INFO - [ingestion.py:190] - Ingestion completed successfully.
2026-05-27 11:02:14,756 - CarnaticGPT-Server - ERROR - [rag.py:137] - Vector search failed: np.int64(14240). Falling back to keyword search.
2026-05-27 11:02:16,016 - CarnaticGPT-Server - INFO - [rag.py:244] - Raga entity detected: 'Kalyani'. Filtering retrieval matching keywords.
2026-05-27 11:02:16,017 - CarnaticGPT-Server - INFO - [reranker.py:27] - Reranking 8 chunks for query: 'Compare Raga Kalyani and Mohanam and give compositions'
2026-05-27 11:02:16,018 - CarnaticGPT-Server - INFO - [reranker.py:69] - Top 3 reranked scores: [0.99, 0.99, 0.99]
2026-05-27 11:02:16,018 - CarnaticGPT-Server - INFO - [response_generator.py:123] - Generating natural answer for query: 'Compare Kalyani and Mohanam and give compositions.' with 3 chunks.
2026-05-27 11:02:16,018 - CarnaticGPT-Server - INFO - [query_optimizer.py:10] - Detected query type: comparison
2026-05-27 11:02:16,020 - CarnaticGPT-Server - INFO - [response_formatter.py:40] - Answer formatting and Markdown auditing complete.
2026-05-27 11:02:16,023 - CarnaticGPT-Server - INFO - [rag.py:214] - Executing improved RAG Pipeline for query: 'Who composed songs in Bhairavi?'
2026-05-27 11:02:16,024 - CarnaticGPT-Server - INFO - [query_optimizer.py:13] - Detected query type: person
2026-05-27 11:02:25,486 - CarnaticGPT-Server - ERROR - [rag.py:137] - Vector search failed: np.int64(14383). Falling back to keyword search.
2026-05-27 11:02:26,940 - CarnaticGPT-Server - INFO - [rag.py:244] - Raga entity detected: 'Bhairavi'. Filtering retrieval matching keywords.
2026-05-27 11:02:26,941 - CarnaticGPT-Server - INFO - [reranker.py:27] - Reranking 5 chunks for query: 'Who composed songs in Raga Bhairavi'
2026-05-27 11:02:26,943 - CarnaticGPT-Server - INFO - [reranker.py:69] - Top 3 reranked scores: [0.99, 0.99, 0.99]
2026-05-27 11:02:26,944 - CarnaticGPT-Server - INFO - [response_generator.py:123] - Generating natural answer for query: 'Who composed songs in Bhairavi?' with 3 chunks.
2026-05-27 11:02:26,944 - CarnaticGPT-Server - INFO - [query_optimizer.py:13] - Detected query type: person
2026-05-27 11:02:26,945 - CarnaticGPT-Server - INFO - [response_generator.py:196] - Using local Carnatic response generator fallback.
2026-05-27 11:02:26,945 - CarnaticGPT-Server - INFO - [response_formatter.py:40] - Answer formatting and Markdown auditing complete.
2026-05-27 11:02:27,496 - CarnaticGPT-Server - INFO - [history.py:17] - Created conversation session: 211131fb-6051-4c49-aebd-2cc11d0a9f88 for user_id 2
2026-05-27 11:02:27,543 - CarnaticGPT-Server - INFO - [rag.py:214] - Executing improved RAG Pipeline for query: 'Compare Kalyani vs Mohanam'
2026-05-27 11:02:27,545 - CarnaticGPT-Server - INFO - [query_optimizer.py:10] - Detected query type: comparison
2026-05-27 11:02:27,547 - CarnaticGPT-Server - INFO - [rag.py:226] - Comparison query detected. Running independent retrievals for 'kalyani' and 'mohanam'
2026-05-27 11:02:31,518 - CarnaticGPT-Server - INFO - [rag.py:214] - Executing improved RAG Pipeline for query: 'Compare Kalyani vs Mohanam'
2026-05-27 11:02:31,519 - CarnaticGPT-Server - INFO - [query_optimizer.py:10] - Detected query type: comparison
2026-05-27 11:02:31,520 - CarnaticGPT-Server - INFO - [rag.py:226] - Comparison query detected. Running independent retrievals for 'kalyani' and 'mohanam'
2026-05-27 11:02:39,328 - CarnaticGPT-Server - ERROR - [rag.py:137] - Vector search failed: np.int64(10614). Falling back to keyword search.
2026-05-27 11:02:41,820 - CarnaticGPT-Server - ERROR - [rag.py:137] - Vector search failed: np.int64(10614). Falling back to keyword search.
2026-05-27 11:02:51,347 - CarnaticGPT-Server - ERROR - [rag.py:137] - Vector search failed: np.int64(14240). Falling back to keyword search.
2026-05-27 11:02:52,726 - CarnaticGPT-Server - INFO - [rag.py:244] - Raga entity detected: 'Kalyani'. Filtering retrieval matching keywords.
2026-05-27 11:02:52,727 - CarnaticGPT-Server - INFO - [reranker.py:27] - Reranking 8 chunks for query: 'Compare Raga Kalyani vs Mohanam'
2026-05-27 11:02:52,729 - CarnaticGPT-Server - INFO - [reranker.py:69] - Top 3 reranked scores: [0.99, 0.99, 0.99]
2026-05-27 11:02:52,735 - CarnaticGPT-Server - INFO - [response_generator.py:123] - Generating natural answer for query: 'Compare Kalyani vs Mohanam' with 3 chunks.
2026-05-27 11:02:52,737 - CarnaticGPT-Server - INFO - [query_optimizer.py:10] - Detected query type: comparison
2026-05-27 11:02:52,740 - CarnaticGPT-Server - INFO - [response_formatter.py:40] - Answer formatting and Markdown auditing complete.
2026-05-27 11:02:52,824 - CarnaticGPT-Server - ERROR - [rag.py:137] - Vector search failed: np.int64(14240). Falling back to keyword search.
2026-05-27 11:02:54,196 - CarnaticGPT-Server - INFO - [rag.py:244] - Raga entity detected: 'Kalyani'. Filtering retrieval matching keywords.
2026-05-27 11:02:54,197 - CarnaticGPT-Server - INFO - [reranker.py:27] - Reranking 8 chunks for query: 'Compare Raga Kalyani vs Mohanam'
2026-05-27 11:02:54,198 - CarnaticGPT-Server - INFO - [reranker.py:69] - Top 3 reranked scores: [0.99, 0.99, 0.99]
2026-05-27 11:02:54,199 - CarnaticGPT-Server - INFO - [response_generator.py:123] - Generating natural answer for query: 'Compare Kalyani vs Mohanam' with 3 chunks.
2026-05-27 11:02:54,199 - CarnaticGPT-Server - INFO - [query_optimizer.py:10] - Detected query type: comparison
2026-05-27 11:02:54,201 - CarnaticGPT-Server - INFO - [response_formatter.py:40] - Answer formatting and Markdown auditing complete.
2026-05-27 11:26:01,971 - CarnaticGPT-Server - INFO - [database.py:87] - SQLite database tables verified/initialized successfully.
2026-05-27 11:26:02,532 - CarnaticGPT-Server - INFO - [reranker.py:20] - CarnaticReranker initialized.
2026-05-27 11:26:02,533 - CarnaticGPT-Server - INFO - [confidence_engine.py:12] - CarnaticConfidenceEngine initialized.
2026-05-27 11:26:02,542 - CarnaticGPT-Server - INFO - [response_formatter.py:10] - CarnaticResponseFormatter initialized.
2026-05-27 11:26:58,493 - CarnaticGPT-Server - INFO - [server.py:46] - Pre-warming embedding model cache on server startup...
2026-05-27 11:26:58,508 - CarnaticGPT-Server - INFO - [model_loader.py:11] - Initializing embedding model cache...
2026-05-27 11:26:58,526 - CarnaticGPT-Server - INFO - [server.py:49] - Embedding model cache pre-warmed successfully!
2026-05-27 11:47:15,687 - CarnaticGPT-Server - INFO - [history.py:17] - Created conversation session: 75072dea-7486-4cd5-8558-735ac63fd838 for user_id 2
2026-05-27 11:47:15,717 - CarnaticGPT-Server - INFO - [rag.py:214] - Executing improved RAG Pipeline for query: 'Explain Bhairavi'
2026-05-27 11:47:15,718 - CarnaticGPT-Server - INFO - [query_optimizer.py:16] - Detected query type: explanation
2026-05-27 11:47:26,692 - CarnaticGPT-Server - ERROR - [rag.py:137] - Vector search failed: np.int64(10565). Falling back to keyword search.
2026-05-27 11:47:28,287 - CarnaticGPT-Server - INFO - [rag.py:244] - Raga entity detected: 'Bhairavi'. Filtering retrieval matching keywords.
2026-05-27 11:47:28,289 - CarnaticGPT-Server - INFO - [reranker.py:27] - Reranking 6 chunks for query: 'Explain Raga Bhairavi'
2026-05-27 11:47:28,290 - CarnaticGPT-Server - INFO - [reranker.py:69] - Top 3 reranked scores: [0.967, 0.967, 0.967]
2026-05-27 11:47:28,291 - CarnaticGPT-Server - INFO - [response_generator.py:123] - Generating natural answer for query: 'Explain Bhairavi' with 3 chunks.
2026-05-27 11:47:28,292 - CarnaticGPT-Server - INFO - [query_optimizer.py:16] - Detected query type: explanation
2026-05-27 11:47:28,292 - CarnaticGPT-Server - INFO - [response_generator.py:196] - Using local Carnatic response generator fallback.
2026-05-27 11:47:28,326 - CarnaticGPT-Server - INFO - [response_formatter.py:40] - Answer formatting and Markdown auditing complete.
2026-05-27 11:57:59,988 - CarnaticGPT-Server - INFO - [reranker.py:20] - CarnaticReranker initialized.
2026-05-27 11:57:59,991 - CarnaticGPT-Server - INFO - [confidence_engine.py:12] - CarnaticConfidenceEngine initialized.
2026-05-27 11:57:59,996 - CarnaticGPT-Server - INFO - [response_formatter.py:10] - CarnaticResponseFormatter initialized.
2026-05-27 11:57:59,998 - CarnaticGPT-Server - INFO - [rag.py:214] - Executing improved RAG Pipeline for query: 'What does the paper say about Carnatic datasets?'
2026-05-27 11:57:59,998 - CarnaticGPT-Server - INFO - [query_optimizer.py:22] - Detected query type: general
2026-05-27 11:58:23,001 - CarnaticGPT-Server - INFO - [reranker.py:27] - Reranking 10 chunks for query: 'What does the paper say about Carnatic datasets'
2026-05-27 11:58:23,003 - CarnaticGPT-Server - INFO - [reranker.py:69] - Top 3 reranked scores: [0.4, 0.361, 0.34]
2026-05-27 11:58:23,003 - CarnaticGPT-Server - WARNING - [rag.py:273] - Relevance threshold not met. Best score is below 0.60.
2026-05-27 11:58:23,003 - CarnaticGPT-Server - INFO - [rag.py:214] - Executing improved RAG Pipeline for query: 'Explain computational musicology.'
2026-05-27 11:58:23,003 - CarnaticGPT-Server - INFO - [query_optimizer.py:16] - Detected query type: explanation
2026-05-27 11:58:31,572 - CarnaticGPT-Server - INFO - [reranker.py:27] - Reranking 10 chunks for query: 'Explain computational musicology'
2026-05-27 11:58:31,573 - CarnaticGPT-Server - INFO - [reranker.py:69] - Top 3 reranked scores: [0.735, 0.688, 0.68]
2026-05-27 11:58:31,574 - CarnaticGPT-Server - INFO - [response_generator.py:123] - Generating natural answer for query: 'Explain computational musicology.' with 3 chunks.
2026-05-27 11:58:31,574 - CarnaticGPT-Server - INFO - [query_optimizer.py:16] - Detected query type: explanation
2026-05-27 11:58:31,574 - CarnaticGPT-Server - INFO - [response_generator.py:196] - Using local Carnatic response generator fallback.
2026-05-27 11:58:31,575 - CarnaticGPT-Server - INFO - [response_formatter.py:40] - Answer formatting and Markdown auditing complete.
2026-05-27 11:58:31,575 - CarnaticGPT-Server - INFO - [rag.py:214] - Executing improved RAG Pipeline for query: 'Explain scalable extraction of Ragam metadata.'
2026-05-27 11:58:31,575 - CarnaticGPT-Server - INFO - [query_optimizer.py:16] - Detected query type: explanation
2026-05-27 11:58:39,387 - CarnaticGPT-Server - INFO - [reranker.py:27] - Reranking 10 chunks for query: 'Explain scalable extraction of Ragam metadata'
2026-05-27 11:58:39,388 - CarnaticGPT-Server - INFO - [reranker.py:69] - Top 3 reranked scores: [0.803, 0.799, 0.453]
2026-05-27 11:58:39,389 - CarnaticGPT-Server - INFO - [response_generator.py:123] - Generating natural answer for query: 'Explain scalable extraction of Ragam metadata.' with 3 chunks.
2026-05-27 11:58:39,389 - CarnaticGPT-Server - INFO - [query_optimizer.py:16] - Detected query type: explanation
2026-05-27 11:58:39,389 - CarnaticGPT-Server - INFO - [response_generator.py:196] - Using local Carnatic response generator fallback.
2026-05-27 11:58:39,390 - CarnaticGPT-Server - INFO - [response_formatter.py:40] - Answer formatting and Markdown auditing complete.
2026-05-27 11:58:39,390 - CarnaticGPT-Server - INFO - [rag.py:214] - Executing improved RAG Pipeline for query: 'How are Shruti and Talam used?'
2026-05-27 11:58:39,391 - CarnaticGPT-Server - INFO - [query_optimizer.py:22] - Detected query type: general
2026-05-27 11:58:47,760 - CarnaticGPT-Server - INFO - [reranker.py:27] - Reranking 10 chunks for query: 'How are Shruti and Talam used'
2026-05-27 11:58:47,761 - CarnaticGPT-Server - INFO - [reranker.py:69] - Top 3 reranked scores: [0.516, 0.446, 0.214]
2026-05-27 11:58:47,761 - CarnaticGPT-Server - INFO - [response_generator.py:123] - Generating natural answer for query: 'How are Shruti and Talam used?' with 3 chunks.
2026-05-27 11:58:47,762 - CarnaticGPT-Server - INFO - [query_optimizer.py:22] - Detected query type: general
2026-05-27 11:58:47,762 - CarnaticGPT-Server - INFO - [response_generator.py:196] - Using local Carnatic response generator fallback.
2026-05-27 11:58:47,762 - CarnaticGPT-Server - INFO - [response_formatter.py:40] - Answer formatting and Markdown auditing complete.
2026-05-27 11:58:47,762 - CarnaticGPT-Server - INFO - [rag.py:214] - Executing improved RAG Pipeline for query: 'Summarize the uploaded paper.'
2026-05-27 11:58:47,763 - CarnaticGPT-Server - INFO - [query_optimizer.py:22] - Detected query type: general
2026-05-27 11:58:55,395 - CarnaticGPT-Server - INFO - [reranker.py:27] - Reranking 10 chunks for query: 'Summarize the uploaded paper'
2026-05-27 11:58:55,399 - CarnaticGPT-Server - INFO - [reranker.py:69] - Top 3 reranked scores: [0.409, 0.339, 0.332]
2026-05-27 11:58:55,399 - CarnaticGPT-Server - WARNING - [rag.py:273] - Relevance threshold not met. Best score is below 0.60.
2026-05-27 11:59:54,086 - CarnaticGPT-Server - INFO - [reranker.py:20] - CarnaticReranker initialized.
2026-05-27 11:59:54,088 - CarnaticGPT-Server - INFO - [confidence_engine.py:12] - CarnaticConfidenceEngine initialized.
2026-05-27 11:59:54,093 - CarnaticGPT-Server - INFO - [response_formatter.py:10] - CarnaticResponseFormatter initialized.
2026-05-27 11:59:54,095 - CarnaticGPT-Server - INFO - [rag.py:214] - Executing improved RAG Pipeline for query: 'What does the paper say about Carnatic datasets?'
2026-05-27 11:59:54,096 - CarnaticGPT-Server - INFO - [query_optimizer.py:22] - Detected query type: general
2026-05-27 12:01:11,719 - CarnaticGPT-Server - INFO - [database.py:87] - SQLite database tables verified/initialized successfully.
2026-05-27 12:01:12,177 - CarnaticGPT-Server - INFO - [reranker.py:20] - CarnaticReranker initialized.
2026-05-27 12:01:12,178 - CarnaticGPT-Server - INFO - [confidence_engine.py:12] - CarnaticConfidenceEngine initialized.
2026-05-27 12:01:12,180 - CarnaticGPT-Server - INFO - [response_formatter.py:10] - CarnaticResponseFormatter initialized.
2026-05-27 12:02:05,085 - CarnaticGPT-Server - INFO - [reranker.py:27] - Reranking 10 chunks for query: 'What does the paper say about Carnatic datasets'
2026-05-27 12:02:05,087 - CarnaticGPT-Server - INFO - [reranker.py:69] - Top 3 reranked scores: [0.4, 0.361, 0.34]
2026-05-27 12:02:05,088 - CarnaticGPT-Server - WARNING - [rag.py:273] - Relevance threshold not met. Best score is below 0.60.
2026-05-27 12:02:05,089 - CarnaticGPT-Server - INFO - [rag.py:214] - Executing improved RAG Pipeline for query: 'Explain computational musicology.'
2026-05-27 12:02:05,089 - CarnaticGPT-Server - INFO - [query_optimizer.py:16] - Detected query type: explanation
2026-05-27 12:02:14,106 - CarnaticGPT-Server - INFO - [reranker.py:27] - Reranking 10 chunks for query: 'Explain computational musicology'
2026-05-27 12:02:14,108 - CarnaticGPT-Server - INFO - [reranker.py:69] - Top 3 reranked scores: [0.735, 0.688, 0.68]
2026-05-27 12:02:14,108 - CarnaticGPT-Server - INFO - [response_generator.py:123] - Generating natural answer for query: 'Explain computational musicology.' with 3 chunks.
2026-05-27 12:02:14,109 - CarnaticGPT-Server - INFO - [query_optimizer.py:16] - Detected query type: explanation
2026-05-27 12:02:14,109 - CarnaticGPT-Server - INFO - [response_generator.py:196] - Using local Carnatic response generator fallback.
2026-05-27 12:02:14,112 - CarnaticGPT-Server - INFO - [response_formatter.py:40] - Answer formatting and Markdown auditing complete.
2026-05-27 12:02:14,113 - CarnaticGPT-Server - INFO - [rag.py:214] - Executing improved RAG Pipeline for query: 'Explain scalable extraction of Ragam metadata.'
2026-05-27 12:02:14,113 - CarnaticGPT-Server - INFO - [query_optimizer.py:16] - Detected query type: explanation
2026-05-27 12:02:16,266 - CarnaticGPT-Server - INFO - [database.py:87] - SQLite database tables verified/initialized successfully.
2026-05-27 12:02:17,053 - CarnaticGPT-Server - INFO - [server.py:46] - Pre-warming embedding model cache on server startup...
2026-05-27 12:02:17,059 - CarnaticGPT-Server - INFO - [model_loader.py:11] - Initializing embedding model cache...
2026-05-27 12:02:17,070 - CarnaticGPT-Server - INFO - [server.py:49] - Embedding model cache pre-warmed successfully!
2026-05-27 12:02:17,175 - CarnaticGPT-Server - INFO - [reranker.py:20] - CarnaticReranker initialized.
2026-05-27 12:02:17,177 - CarnaticGPT-Server - INFO - [confidence_engine.py:12] - CarnaticConfidenceEngine initialized.
2026-05-27 12:02:17,190 - CarnaticGPT-Server - INFO - [response_formatter.py:10] - CarnaticResponseFormatter initialized.
2026-05-27 12:02:22,527 - CarnaticGPT-Server - INFO - [reranker.py:27] - Reranking 10 chunks for query: 'Explain scalable extraction of Ragam metadata'
2026-05-27 12:02:22,530 - CarnaticGPT-Server - INFO - [reranker.py:69] - Top 3 reranked scores: [0.803, 0.799, 0.453]
2026-05-27 12:02:22,530 - CarnaticGPT-Server - INFO - [response_generator.py:123] - Generating natural answer for query: 'Explain scalable extraction of Ragam metadata.' with 3 chunks.
2026-05-27 12:02:22,531 - CarnaticGPT-Server - INFO - [query_optimizer.py:16] - Detected query type: explanation
2026-05-27 12:02:22,531 - CarnaticGPT-Server - INFO - [response_generator.py:196] - Using local Carnatic response generator fallback.
2026-05-27 12:02:22,532 - CarnaticGPT-Server - INFO - [response_formatter.py:40] - Answer formatting and Markdown auditing complete.
2026-05-27 12:02:22,532 - CarnaticGPT-Server - INFO - [rag.py:214] - Executing improved RAG Pipeline for query: 'How are Shruti and Talam used?'
2026-05-27 12:02:22,533 - CarnaticGPT-Server - INFO - [query_optimizer.py:22] - Detected query type: general
2026-05-27 12:02:30,077 - CarnaticGPT-Server - INFO - [reranker.py:27] - Reranking 10 chunks for query: 'How are Shruti and Talam used'
2026-05-27 12:02:30,078 - CarnaticGPT-Server - INFO - [reranker.py:69] - Top 3 reranked scores: [0.516, 0.446, 0.214]
2026-05-27 12:02:30,078 - CarnaticGPT-Server - INFO - [response_generator.py:123] - Generating natural answer for query: 'How are Shruti and Talam used?' with 3 chunks.
2026-05-27 12:02:30,078 - CarnaticGPT-Server - INFO - [query_optimizer.py:22] - Detected query type: general
2026-05-27 12:02:30,078 - CarnaticGPT-Server - INFO - [response_generator.py:196] - Using local Carnatic response generator fallback.
2026-05-27 12:02:30,079 - CarnaticGPT-Server - INFO - [response_formatter.py:40] - Answer formatting and Markdown auditing complete.
2026-05-27 12:02:30,079 - CarnaticGPT-Server - INFO - [rag.py:214] - Executing improved RAG Pipeline for query: 'Summarize the uploaded paper.'
2026-05-27 12:02:30,079 - CarnaticGPT-Server - INFO - [query_optimizer.py:22] - Detected query type: general
2026-05-27 12:02:38,518 - CarnaticGPT-Server - INFO - [reranker.py:27] - Reranking 10 chunks for query: 'Summarize the uploaded paper'
2026-05-27 12:02:38,519 - CarnaticGPT-Server - INFO - [reranker.py:69] - Top 3 reranked scores: [0.409, 0.339, 0.332]
2026-05-27 12:02:38,520 - CarnaticGPT-Server - WARNING - [rag.py:273] - Relevance threshold not met. Best score is below 0.60.
2026-05-27 12:02:39,057 - CarnaticGPT-Server - INFO - [server.py:46] - Pre-warming embedding model cache on server startup...
2026-05-27 12:02:39,058 - CarnaticGPT-Server - INFO - [model_loader.py:11] - Initializing embedding model cache...
2026-05-27 12:02:39,058 - CarnaticGPT-Server - INFO - [server.py:49] - Embedding model cache pre-warmed successfully!
2026-05-27 12:03:48,525 - CarnaticGPT-Server - INFO - [rag.py:214] - Executing improved RAG Pipeline for query: 'explain briefly kalyani'
2026-05-27 12:03:48,527 - CarnaticGPT-Server - INFO - [query_optimizer.py:16] - Detected query type: explanation
2026-05-27 12:04:00,285 - CarnaticGPT-Server - INFO - [rag.py:244] - Raga entity detected: 'Kalyani'. Filtering retrieval matching keywords.
2026-05-27 12:04:00,286 - CarnaticGPT-Server - INFO - [reranker.py:27] - Reranking 1 chunks for query: 'explain briefly kalyani'
2026-05-27 12:04:00,287 - CarnaticGPT-Server - INFO - [reranker.py:69] - Top 3 reranked scores: [0.853]
2026-05-27 12:04:00,287 - CarnaticGPT-Server - INFO - [response_generator.py:123] - Generating natural answer for query: 'explain briefly kalyani' with 1 chunks.
2026-05-27 12:04:00,288 - CarnaticGPT-Server - INFO - [query_optimizer.py:16] - Detected query type: explanation
2026-05-27 12:04:00,288 - CarnaticGPT-Server - INFO - [response_generator.py:196] - Using local Carnatic response generator fallback.
2026-05-27 12:04:00,289 - CarnaticGPT-Server - INFO - [response_formatter.py:40] - Answer formatting and Markdown auditing complete.
2026-05-27 12:04:57,888 - CarnaticGPT-Server - INFO - [rag.py:214] - Executing improved RAG Pipeline for query: 'What is computational musicology?'
2026-05-27 12:04:57,888 - CarnaticGPT-Server - INFO - [query_optimizer.py:16] - Detected query type: explanation
2026-05-27 12:05:08,086 - CarnaticGPT-Server - INFO - [reranker.py:27] - Reranking 10 chunks for query: 'What is computational musicology'
2026-05-27 12:05:08,088 - CarnaticGPT-Server - INFO - [reranker.py:69] - Top 3 reranked scores: [0.682, 0.681, 0.673]
2026-05-27 12:05:08,088 - CarnaticGPT-Server - INFO - [response_generator.py:123] - Generating natural answer for query: 'What is computational musicology?' with 3 chunks.
2026-05-27 12:05:08,089 - CarnaticGPT-Server - INFO - [query_optimizer.py:16] - Detected query type: explanation
2026-05-27 12:05:08,089 - CarnaticGPT-Server - INFO - [response_generator.py:196] - Using local Carnatic response generator fallback.
2026-05-27 12:05:08,090 - CarnaticGPT-Server - INFO - [response_formatter.py:40] - Answer formatting and Markdown auditing complete.
2026-05-27 12:05:43,660 - CarnaticGPT-Server - INFO - [rag.py:214] - Executing improved RAG Pipeline for query: 'How can AI be used in Carnatic music analysis?'
2026-05-27 12:05:43,661 - CarnaticGPT-Server - INFO - [query_optimizer.py:22] - Detected query type: general
2026-05-27 12:05:53,548 - CarnaticGPT-Server - INFO - [reranker.py:27] - Reranking 10 chunks for query: 'How can AI be used in Carnatic music analysis'
2026-05-27 12:05:53,549 - CarnaticGPT-Server - INFO - [reranker.py:69] - Top 3 reranked scores: [0.588, 0.512, 0.508]
2026-05-27 12:05:53,550 - CarnaticGPT-Server - WARNING - [rag.py:273] - Relevance threshold not met. Best score is below 0.60.
2026-05-27 12:06:19,280 - CarnaticGPT-Server - INFO - [rag.py:214] - Executing improved RAG Pipeline for query: 'Explain Hindolam and connect it with metadata extraction.'
2026-05-27 12:06:19,281 - CarnaticGPT-Server - INFO - [query_optimizer.py:16] - Detected query type: explanation
2026-05-27 12:06:28,264 - CarnaticGPT-Server - INFO - [rag.py:244] - Raga entity detected: 'Hindolam'. Filtering retrieval matching keywords.
2026-05-27 12:06:28,264 - CarnaticGPT-Server - INFO - [reranker.py:27] - Reranking 1 chunks for query: 'Explain Raga Hindolam and connect it with metadata extraction'
2026-05-27 12:06:28,265 - CarnaticGPT-Server - INFO - [reranker.py:69] - Top 3 reranked scores: [0.898]
2026-05-27 12:06:28,266 - CarnaticGPT-Server - INFO - [response_generator.py:123] - Generating natural answer for query: 'Explain Hindolam and connect it with metadata extraction.' with 1 chunks.
2026-05-27 12:06:28,266 - CarnaticGPT-Server - INFO - [query_optimizer.py:16] - Detected query type: explanation
2026-05-27 12:06:28,267 - CarnaticGPT-Server - INFO - [response_generator.py:196] - Using local Carnatic response generator fallback.
2026-05-27 12:06:28,267 - CarnaticGPT-Server - INFO - [response_formatter.py:40] - Answer formatting and Markdown auditing complete.
2026-05-27 12:07:31,224 - CarnaticGPT-Server - INFO - [rag.py:214] - Executing improved RAG Pipeline for query: 'How were YouTube recordings selected?'
2026-05-27 12:07:31,226 - CarnaticGPT-Server - INFO - [query_optimizer.py:22] - Detected query type: general
2026-05-27 12:07:39,310 - CarnaticGPT-Server - INFO - [reranker.py:27] - Reranking 10 chunks for query: 'How were YouTube recordings selected'
2026-05-27 12:07:39,314 - CarnaticGPT-Server - INFO - [reranker.py:69] - Top 3 reranked scores: [0.49, 0.456, 0.423]
2026-05-27 12:07:39,315 - CarnaticGPT-Server - WARNING - [rag.py:273] - Relevance threshold not met. Best score is below 0.60.
2026-05-27 12:08:25,657 - CarnaticGPT-Server - INFO - [history.py:17] - Created conversation session: e39ad022-c7b6-45a0-a095-378290d07ebd for user_id 2
2026-05-27 12:08:25,680 - CarnaticGPT-Server - INFO - [rag.py:214] - Executing improved RAG Pipeline for query: 'Who is Tyagaraja?'
2026-05-27 12:08:25,680 - CarnaticGPT-Server - INFO - [query_optimizer.py:13] - Detected query type: person
2026-05-27 12:08:37,157 - CarnaticGPT-Server - INFO - [reranker.py:27] - Reranking 10 chunks for query: 'Who is Tyagaraja'
2026-05-27 12:08:37,158 - CarnaticGPT-Server - INFO - [reranker.py:69] - Top 3 reranked scores: [0.251, 0.25, 0.245]
2026-05-27 12:08:37,159 - CarnaticGPT-Server - INFO - [response_generator.py:123] - Generating natural answer for query: 'Who is Tyagaraja?' with 3 chunks.
2026-05-27 12:08:37,159 - CarnaticGPT-Server - INFO - [query_optimizer.py:13] - Detected query type: person
2026-05-27 12:08:37,160 - CarnaticGPT-Server - INFO - [response_generator.py:196] - Using local Carnatic response generator fallback.
2026-05-27 12:08:37,161 - CarnaticGPT-Server - INFO - [response_formatter.py:40] - Answer formatting and Markdown auditing complete.
2026-05-27 12:09:45,350 - CarnaticGPT-Server - INFO - [rag.py:214] - Executing improved RAG Pipeline for query: 'Raga Mayamalavagowla'
2026-05-27 12:09:45,350 - CarnaticGPT-Server - INFO - [query_optimizer.py:22] - Detected query type: general
2026-05-27 12:09:58,196 - CarnaticGPT-Server - INFO - [rag.py:244] - Raga entity detected: 'Mayamalavagowla'. Filtering retrieval matching keywords.
2026-05-27 12:09:58,197 - CarnaticGPT-Server - INFO - [reranker.py:27] - Reranking 1 chunks for query: 'Raga Mayamalavagowla'
2026-05-27 12:09:58,197 - CarnaticGPT-Server - INFO - [reranker.py:69] - Top 3 reranked scores: [0.99]
2026-05-27 12:09:58,198 - CarnaticGPT-Server - INFO - [response_generator.py:123] - Generating natural answer for query: 'Raga Mayamalavagowla' with 1 chunks.
2026-05-27 12:09:58,199 - CarnaticGPT-Server - INFO - [query_optimizer.py:22] - Detected query type: general
2026-05-27 12:09:58,199 - CarnaticGPT-Server - INFO - [response_generator.py:196] - Using local Carnatic response generator fallback.
2026-05-27 12:09:58,200 - CarnaticGPT-Server - INFO - [response_formatter.py:40] - Answer formatting and Markdown auditing complete.
2026-05-27 12:10:23,542 - CarnaticGPT-Server - INFO - [feedback.py:24] - Saved new feedback rating -1 for message_id 1779863998237
2026-05-27 12:10:25,508 - CarnaticGPT-Server - INFO - [feedback.py:18] - Updated feedback rating 1 for message_id 1779863998237
2026-05-27 12:10:46,080 - CarnaticGPT-Server - INFO - [rag.py:214] - Executing improved RAG Pipeline for query: 'What is a Ragam?'
2026-05-27 12:10:46,082 - CarnaticGPT-Server - INFO - [query_optimizer.py:16] - Detected query type: explanation
2026-05-27 12:10:57,275 - CarnaticGPT-Server - INFO - [reranker.py:27] - Reranking 10 chunks for query: 'What is a Ragam'
2026-05-27 12:10:57,276 - CarnaticGPT-Server - INFO - [reranker.py:69] - Top 3 reranked scores: [0.738, 0.383, 0.38]
2026-05-27 12:10:57,277 - CarnaticGPT-Server - INFO - [response_generator.py:123] - Generating natural answer for query: 'What is a Ragam?' with 3 chunks.
2026-05-27 12:10:57,277 - CarnaticGPT-Server - INFO - [query_optimizer.py:16] - Detected query type: explanation
2026-05-27 12:10:57,277 - CarnaticGPT-Server - INFO - [response_generator.py:196] - Using local Carnatic response generator fallback.
2026-05-27 12:10:57,278 - CarnaticGPT-Server - INFO - [response_formatter.py:40] - Answer formatting and Markdown auditing complete.
2026-05-27 12:11:39,198 - CarnaticGPT-Server - INFO - [rag.py:214] - Executing improved RAG Pipeline for query: 'What is Shruti in Carnatic music?'
2026-05-27 12:11:39,198 - CarnaticGPT-Server - INFO - [query_optimizer.py:16] - Detected query type: explanation
2026-05-27 12:11:48,349 - CarnaticGPT-Server - INFO - [reranker.py:27] - Reranking 10 chunks for query: 'What is Shruti in Carnatic music'
2026-05-27 12:11:48,350 - CarnaticGPT-Server - INFO - [reranker.py:69] - Top 3 reranked scores: [0.54, 0.533, 0.5]
2026-05-27 12:11:48,350 - CarnaticGPT-Server - WARNING - [rag.py:273] - Relevance threshold not met. Best score is below 0.60.
2026-05-27 12:12:31,433 - CarnaticGPT-Server - INFO - [rag.py:214] - Executing improved RAG Pipeline for query: 'How can this dataset improve Music Information Retrieval (MIR)?'
2026-05-27 12:12:31,433 - CarnaticGPT-Server - INFO - [query_optimizer.py:22] - Detected query type: general
2026-05-27 12:12:41,677 - CarnaticGPT-Server - INFO - [reranker.py:27] - Reranking 10 chunks for query: 'How can this dataset improve Music Information Retrieval (MIR)'
2026-05-27 12:12:41,679 - CarnaticGPT-Server - INFO - [reranker.py:69] - Top 3 reranked scores: [0.73, 0.649, 0.626]
2026-05-27 12:12:41,679 - CarnaticGPT-Server - INFO - [response_generator.py:123] - Generating natural answer for query: 'How can this dataset improve Music Information Retrieval (MIR)?' with 3 chunks.
2026-05-27 12:12:41,680 - CarnaticGPT-Server - INFO - [query_optimizer.py:22] - Detected query type: general
2026-05-27 12:12:41,681 - CarnaticGPT-Server - INFO - [response_generator.py:196] - Using local Carnatic response generator fallback.
2026-05-27 12:12:41,681 - CarnaticGPT-Server - INFO - [response_formatter.py:40] - Answer formatting and Markdown auditing complete.
2026-05-27 12:15:23,382 - CarnaticGPT-Server - INFO - [database.py:87] - SQLite database tables verified/initialized successfully.
2026-05-27 12:15:23,687 - CarnaticGPT-Server - INFO - [reranker.py:20] - CarnaticReranker initialized.
2026-05-27 12:15:23,689 - CarnaticGPT-Server - INFO - [confidence_engine.py:12] - CarnaticConfidenceEngine initialized.
2026-05-27 12:15:23,692 - CarnaticGPT-Server - INFO - [response_formatter.py:10] - CarnaticResponseFormatter initialized.
2026-05-27 12:15:56,170 - CarnaticGPT-Server - INFO - [server.py:46] - Pre-warming embedding model cache on server startup...
2026-05-27 12:15:56,170 - CarnaticGPT-Server - INFO - [model_loader.py:11] - Initializing embedding model cache...
2026-05-27 12:15:56,171 - CarnaticGPT-Server - INFO - [server.py:49] - Embedding model cache pre-warmed successfully!
2026-05-27 12:15:58,159 - CarnaticGPT-Server - INFO - [database.py:87] - SQLite database tables verified/initialized successfully.
2026-05-27 12:15:58,400 - CarnaticGPT-Server - INFO - [reranker.py:20] - CarnaticReranker initialized.
2026-05-27 12:15:58,400 - CarnaticGPT-Server - INFO - [confidence_engine.py:12] - CarnaticConfidenceEngine initialized.
2026-05-27 12:15:58,402 - CarnaticGPT-Server - INFO - [response_formatter.py:10] - CarnaticResponseFormatter initialized.
2026-05-27 12:15:59,277 - CarnaticGPT-Server - INFO - [database.py:87] - SQLite database tables verified/initialized successfully.
2026-05-27 12:15:59,543 - CarnaticGPT-Server - INFO - [reranker.py:20] - CarnaticReranker initialized.
2026-05-27 12:15:59,543 - CarnaticGPT-Server - INFO - [confidence_engine.py:12] - CarnaticConfidenceEngine initialized.
2026-05-27 12:15:59,546 - CarnaticGPT-Server - INFO - [response_formatter.py:10] - CarnaticResponseFormatter initialized.
2026-05-27 12:16:07,291 - CarnaticGPT-Server - INFO - [database.py:87] - SQLite database tables verified/initialized successfully.
2026-05-27 12:16:07,536 - CarnaticGPT-Server - INFO - [reranker.py:20] - CarnaticReranker initialized.
2026-05-27 12:16:07,537 - CarnaticGPT-Server - INFO - [confidence_engine.py:12] - CarnaticConfidenceEngine initialized.
2026-05-27 12:16:07,539 - CarnaticGPT-Server - INFO - [response_formatter.py:10] - CarnaticResponseFormatter initialized.
2026-05-27 12:16:08,369 - CarnaticGPT-Server - INFO - [database.py:87] - SQLite database tables verified/initialized successfully.
2026-05-27 12:16:08,633 - CarnaticGPT-Server - INFO - [reranker.py:20] - CarnaticReranker initialized.
2026-05-27 12:16:08,634 - CarnaticGPT-Server - INFO - [confidence_engine.py:12] - CarnaticConfidenceEngine initialized.
2026-05-27 12:16:08,636 - CarnaticGPT-Server - INFO - [response_formatter.py:10] - CarnaticResponseFormatter initialized.
2026-05-27 12:18:09,186 - CarnaticGPT-Server - INFO - [database.py:87] - SQLite database tables verified/initialized successfully.
2026-05-27 12:18:09,527 - CarnaticGPT-Server - INFO - [reranker.py:20] - CarnaticReranker initialized.
2026-05-27 12:18:09,528 - CarnaticGPT-Server - INFO - [confidence_engine.py:12] - CarnaticConfidenceEngine initialized.
2026-05-27 12:18:09,531 - CarnaticGPT-Server - INFO - [response_formatter.py:10] - CarnaticResponseFormatter initialized.
2026-05-27 12:18:49,939 - CarnaticGPT-Server - INFO - [server.py:46] - Pre-warming embedding model cache on server startup...
2026-05-27 12:18:49,939 - CarnaticGPT-Server - INFO - [model_loader.py:11] - Initializing embedding model cache...
2026-05-27 12:18:49,941 - CarnaticGPT-Server - INFO - [server.py:49] - Embedding model cache pre-warmed successfully!
2026-05-27 12:18:53,380 - CarnaticGPT-Server - INFO - [database.py:87] - SQLite database tables verified/initialized successfully.
2026-05-27 12:18:53,963 - CarnaticGPT-Server - INFO - [reranker.py:20] - CarnaticReranker initialized.
2026-05-27 12:18:53,964 - CarnaticGPT-Server - INFO - [confidence_engine.py:12] - CarnaticConfidenceEngine initialized.
2026-05-27 12:18:53,967 - CarnaticGPT-Server - INFO - [response_formatter.py:10] - CarnaticResponseFormatter initialized.
2026-05-27 12:19:26,568 - CarnaticGPT-Server - INFO - [server.py:46] - Pre-warming embedding model cache on server startup...
2026-05-27 12:19:26,571 - CarnaticGPT-Server - INFO - [model_loader.py:11] - Initializing embedding model cache...
2026-05-27 12:19:26,577 - CarnaticGPT-Server - INFO - [server.py:49] - Embedding model cache pre-warmed successfully!
2026-05-27 12:21:25,027 - CarnaticGPT-Server - INFO - [database.py:87] - SQLite database tables verified/initialized successfully.
2026-05-27 12:21:25,635 - CarnaticGPT-Server - INFO - [reranker.py:20] - CarnaticReranker initialized.
2026-05-27 12:21:25,638 - CarnaticGPT-Server - INFO - [confidence_engine.py:12] - CarnaticConfidenceEngine initialized.
2026-05-27 12:21:25,641 - CarnaticGPT-Server - INFO - [response_formatter.py:10] - CarnaticResponseFormatter initialized.
2026-05-27 12:22:00,252 - CarnaticGPT-Server - INFO - [server.py:46] - Pre-warming embedding model cache on server startup...
2026-05-27 12:22:00,252 - CarnaticGPT-Server - INFO - [model_loader.py:11] - Initializing embedding model cache...
2026-05-27 12:22:00,253 - CarnaticGPT-Server - INFO - [server.py:49] - Embedding model cache pre-warmed successfully!
2026-05-27 12:22:02,212 - CarnaticGPT-Server - INFO - [database.py:87] - SQLite database tables verified/initialized successfully.
2026-05-27 12:22:02,482 - CarnaticGPT-Server - INFO - [reranker.py:20] - CarnaticReranker initialized.
2026-05-27 12:22:02,484 - CarnaticGPT-Server - INFO - [confidence_engine.py:12] - CarnaticConfidenceEngine initialized.
2026-05-27 12:22:02,486 - CarnaticGPT-Server - INFO - [response_formatter.py:10] - CarnaticResponseFormatter initialized.
2026-05-27 12:22:26,773 - CarnaticGPT-Server - INFO - [server.py:46] - Pre-warming embedding model cache on server startup...
2026-05-27 12:22:26,774 - CarnaticGPT-Server - INFO - [model_loader.py:11] - Initializing embedding model cache...
2026-05-27 12:22:26,775 - CarnaticGPT-Server - INFO - [server.py:49] - Embedding model cache pre-warmed successfully!
2026-05-27 12:22:28,817 - CarnaticGPT-Server - INFO - [database.py:87] - SQLite database tables verified/initialized successfully.
2026-05-27 12:22:29,102 - CarnaticGPT-Server - INFO - [reranker.py:20] - CarnaticReranker initialized.
2026-05-27 12:22:29,103 - CarnaticGPT-Server - INFO - [confidence_engine.py:12] - CarnaticConfidenceEngine initialized.
2026-05-27 12:22:29,107 - CarnaticGPT-Server - INFO - [response_formatter.py:10] - CarnaticResponseFormatter initialized.
2026-05-27 12:22:46,778 - CarnaticGPT-Server - INFO - [server.py:46] - Pre-warming embedding model cache on server startup...
2026-05-27 12:22:46,778 - CarnaticGPT-Server - INFO - [model_loader.py:11] - Initializing embedding model cache...
2026-05-27 12:22:46,779 - CarnaticGPT-Server - INFO - [server.py:49] - Embedding model cache pre-warmed successfully!
2026-05-27 12:25:02,308 - CarnaticGPT-Server - INFO - [database.py:87] - SQLite database tables verified/initialized successfully.
2026-05-27 12:25:02,669 - CarnaticGPT-Server - INFO - [reranker.py:20] - CarnaticReranker initialized.
2026-05-27 12:25:02,671 - CarnaticGPT-Server - INFO - [confidence_engine.py:12] - CarnaticConfidenceEngine initialized.
2026-05-27 12:25:02,674 - CarnaticGPT-Server - INFO - [response_formatter.py:10] - CarnaticResponseFormatter initialized.
2026-05-27 12:25:34,695 - CarnaticGPT-Server - INFO - [server.py:46] - Pre-warming embedding model cache on server startup...
2026-05-27 12:25:34,697 - CarnaticGPT-Server - INFO - [model_loader.py:11] - Initializing embedding model cache...
2026-05-27 12:25:34,698 - CarnaticGPT-Server - INFO - [server.py:49] - Embedding model cache pre-warmed successfully!
2026-05-27 12:25:38,936 - CarnaticGPT-Server - INFO - [database.py:87] - SQLite database tables verified/initialized successfully.
2026-05-27 12:25:39,621 - CarnaticGPT-Server - INFO - [reranker.py:20] - CarnaticReranker initialized.
2026-05-27 12:25:39,623 - CarnaticGPT-Server - INFO - [confidence_engine.py:12] - CarnaticConfidenceEngine initialized.
2026-05-27 12:25:39,633 - CarnaticGPT-Server - INFO - [response_formatter.py:10] - CarnaticResponseFormatter initialized.
2026-05-27 12:26:22,051 - CarnaticGPT-Server - INFO - [server.py:46] - Pre-warming embedding model cache on server startup...
2026-05-27 12:26:22,051 - CarnaticGPT-Server - INFO - [model_loader.py:11] - Initializing embedding model cache...
2026-05-27 12:26:22,052 - CarnaticGPT-Server - INFO - [server.py:49] - Embedding model cache pre-warmed successfully!
2026-05-27 12:26:24,887 - CarnaticGPT-Server - INFO - [database.py:87] - SQLite database tables verified/initialized successfully.
2026-05-27 12:26:25,245 - CarnaticGPT-Server - INFO - [reranker.py:20] - CarnaticReranker initialized.
2026-05-27 12:26:25,247 - CarnaticGPT-Server - INFO - [confidence_engine.py:12] - CarnaticConfidenceEngine initialized.
2026-05-27 12:26:25,252 - CarnaticGPT-Server - INFO - [response_formatter.py:10] - CarnaticResponseFormatter initialized.
2026-05-27 12:27:07,613 - CarnaticGPT-Server - INFO - [server.py:46] - Pre-warming embedding model cache on server startup...
2026-05-27 12:27:07,614 - CarnaticGPT-Server - INFO - [model_loader.py:11] - Initializing embedding model cache...
2026-05-27 12:27:07,616 - CarnaticGPT-Server - INFO - [server.py:49] - Embedding model cache pre-warmed successfully!
2026-05-27 12:27:12,410 - CarnaticGPT-Server - INFO - [database.py:87] - SQLite database tables verified/initialized successfully.
2026-05-27 12:27:12,530 - CarnaticGPT-Server - INFO - [database.py:87] - SQLite database tables verified/initialized successfully.
2026-05-27 12:27:13,389 - CarnaticGPT-Server - INFO - [reranker.py:20] - CarnaticReranker initialized.
2026-05-27 12:27:13,391 - CarnaticGPT-Server - INFO - [confidence_engine.py:12] - CarnaticConfidenceEngine initialized.
2026-05-27 12:27:13,399 - CarnaticGPT-Server - INFO - [response_formatter.py:10] - CarnaticResponseFormatter initialized.
2026-05-27 12:27:13,456 - CarnaticGPT-Server - INFO - [reranker.py:20] - CarnaticReranker initialized.
2026-05-27 12:27:13,458 - CarnaticGPT-Server - INFO - [confidence_engine.py:12] - CarnaticConfidenceEngine initialized.
2026-05-27 12:27:13,464 - CarnaticGPT-Server - INFO - [response_formatter.py:10] - CarnaticResponseFormatter initialized.
2026-05-27 12:28:29,163 - CarnaticGPT-Server - INFO - [server.py:46] - Pre-warming embedding model cache on server startup...
2026-05-27 12:28:29,163 - CarnaticGPT-Server - INFO - [model_loader.py:11] - Initializing embedding model cache...
2026-05-27 12:28:29,164 - CarnaticGPT-Server - INFO - [server.py:49] - Embedding model cache pre-warmed successfully!
2026-05-27 12:28:37,472 - CarnaticGPT-Server - INFO - [server.py:46] - Pre-warming embedding model cache on server startup...
2026-05-27 12:28:37,505 - CarnaticGPT-Server - INFO - [model_loader.py:11] - Initializing embedding model cache...
2026-05-27 12:28:37,520 - CarnaticGPT-Server - INFO - [server.py:49] - Embedding model cache pre-warmed successfully!
2026-05-27 12:28:41,480 - CarnaticGPT-Server - INFO - [database.py:87] - SQLite database tables verified/initialized successfully.
2026-05-27 12:28:41,609 - CarnaticGPT-Server - INFO - [database.py:87] - SQLite database tables verified/initialized successfully.
2026-05-27 12:28:41,785 - CarnaticGPT-Server - INFO - [reranker.py:20] - CarnaticReranker initialized.
2026-05-27 12:28:41,786 - CarnaticGPT-Server - INFO - [confidence_engine.py:12] - CarnaticConfidenceEngine initialized.
2026-05-27 12:28:41,788 - CarnaticGPT-Server - INFO - [response_formatter.py:10] - CarnaticResponseFormatter initialized.
2026-05-27 12:28:41,878 - CarnaticGPT-Server - INFO - [reranker.py:20] - CarnaticReranker initialized.
2026-05-27 12:28:41,879 - CarnaticGPT-Server - INFO - [confidence_engine.py:12] - CarnaticConfidenceEngine initialized.
2026-05-27 12:28:41,881 - CarnaticGPT-Server - INFO - [response_formatter.py:10] - CarnaticResponseFormatter initialized.
2026-05-27 12:28:58,461 - CarnaticGPT-Server - INFO - [server.py:46] - Pre-warming embedding model cache on server startup...
2026-05-27 12:28:58,462 - CarnaticGPT-Server - INFO - [model_loader.py:11] - Initializing embedding model cache...
2026-05-27 12:28:58,463 - CarnaticGPT-Server - INFO - [server.py:49] - Embedding model cache pre-warmed successfully!
2026-05-27 12:28:58,499 - CarnaticGPT-Server - INFO - [history.py:17] - Created conversation session: e39ad022-c7b6-45a0-a095-378290d07ebd for user_id 2
2026-05-27 12:28:58,516 - CarnaticGPT-Server - INFO - [rag.py:223] - Executing improved RAG Pipeline for query: 'What is a Ragam?'
2026-05-27 12:28:58,516 - CarnaticGPT-Server - INFO - [query_optimizer.py:16] - Detected query type: explanation
2026-05-27 12:28:58,517 - CarnaticGPT-Server - WARNING - [rag.py:95] - Vector database index files not generated yet. Returning mock retrievals.
2026-05-27 12:28:58,517 - CarnaticGPT-Server - INFO - [reranker.py:27] - Reranking 2 chunks for query: 'What is a Ragam'
2026-05-27 12:28:58,517 - CarnaticGPT-Server - INFO - [reranker.py:69] - Top 3 reranked scores: [0.781, 0.545]
2026-05-27 12:29:53,277 - CarnaticGPT-Server - INFO - [database.py:87] - SQLite database tables verified/initialized successfully.
2026-05-27 12:29:53,535 - CarnaticGPT-Server - INFO - [reranker.py:20] - CarnaticReranker initialized.
2026-05-27 12:29:53,537 - CarnaticGPT-Server - INFO - [confidence_engine.py:12] - CarnaticConfidenceEngine initialized.
2026-05-27 12:29:53,540 - CarnaticGPT-Server - INFO - [response_formatter.py:10] - CarnaticResponseFormatter initialized.
2026-05-27 12:30:33,605 - CarnaticGPT-Server - INFO - [server.py:46] - Pre-warming embedding model cache on server startup...
2026-05-27 12:30:33,606 - CarnaticGPT-Server - INFO - [model_loader.py:11] - Initializing embedding model cache...
2026-05-27 12:30:33,622 - CarnaticGPT-Server - INFO - [server.py:49] - Embedding model cache pre-warmed successfully!
2026-05-27 12:31:54,829 - CarnaticGPT-Server - INFO - [rag.py:223] - Executing improved RAG Pipeline for query: '2026-05-27 12:28:37,520 - CarnaticGPT-Server - INFO - [server.py:49] - Embedding model cache pre-warmed successfully!     
INFO:     Application startup complete.
INFO:     Shutting down
INFO:     Waiting for application shutdown.
INFO:     Application shutdown complete.
INFO:     Finished server process [18248]
2026-05-27 12:28:41,480 - CarnaticGPT-Server - INFO - [database.py:87] - SQLite database tables verified/initialized successfully.
2026-05-27 12:28:41,785 - CarnaticGPT-Server - INFO - [reranker.py:20] - CarnaticReranker initialized.
2026-05-27 12:28:41,786 - CarnaticGPT-Server - INFO - [confidence_engine.py:12] - CarnaticConfidenceEngine initialized.   
2026-05-27 12:28:41,788 - CarnaticGPT-Server - INFO - [response_formatter.py:10] - CarnaticResponseFormatter initialized. 
Generated 36932 chunks
INFO:     Started server process [14484]
INFO:     Waiting for application startup.
2026-05-27 12:28:58,461 - CarnaticGPT-Server - INFO - [server.py:46] - Pre-warming embedding model cache on server startup...
2026-05-27 12:28:58,462 - CarnaticGPT-Server - INFO - [model_loader.py:11] - Initializing embedding model cache...        
2026-05-27 12:28:58,462 - EmbeddingGenerator - INFO - Explicitly requested mock embedding model. Loading MockTransformer...
2026-05-27 12:28:58,463 - CarnaticGPT-Server - INFO - [server.py:49] - Embedding model cache pre-warmed successfully!     
INFO:     Application startup complete.
2026-05-27 12:28:58,499 - CarnaticGPT-Server - INFO - [history.py:17] - Created conversation session: e39ad022-c7b6-45a0-a095-378290d07ebd for user_id 2
2026-05-27 12:28:58,516 - CarnaticGPT-Server - INFO - [rag.py:223] - Executing improved RAG Pipeline for query: 'What is a Ragam?'
2026-05-27 12:28:58,516 - CarnaticGPT-Server - INFO - [query_optimizer.py:16] - Detected query type: explanation
2026-05-27 12:28:58,517 - CarnaticGPT-Server - WARNING - [rag.py:95] - Vector database index files not generated yet. Returning mock retrievals.
2026-05-27 12:28:58,517 - CarnaticGPT-Server - INFO - [reranker.py:27] - Reranking 2 chunks for query: 'What is a Ragam'  
2026-05-27 12:28:58,517 - CarnaticGPT-Server - INFO - [reranker.py:69] - Top 3 reranked scores: [0.781, 0.545]
INFO:     127.0.0.1:55745 - "POST /api/chat/query HTTP/1.1" 500 Internal Server Error
ERROR:    Exception in ASGI application
Traceback (most recent call last):
  File "C:\Users\HP\miniconda3\Lib\site-packages\uvicorn\protocols\http\httptools_impl.py", line 421, in run_asgi
    result = await app(  # type: ignore[func-returns-value]  
             ^^^^^^^^^^^^^^^^^^^^^^^^^^^^^^^^^^^^^^^^^^^^^^  
        self.scope, self.receive, self.send
        ^^^^^^^^^^^^^^^^^^^^^^^^^^^^^^^^^^^
    )
    ^
  File "C:\Users\HP\miniconda3\Lib\site-packages\uvicorn\middleware\proxy_headers.py", line 56, in __call__
    return await self.app(scope, receive, send)
           ^^^^^^^^^^^^^^^^^^^^^^^^^^^^^^^^^^^^
  File "C:\Users\HP\miniconda3\Lib\site-packages\fastapi\applications.py", line 1159, in __call__
    await super().__call__(scope, receive, send)
  File "C:\Users\HP\miniconda3\Lib\site-packages\starlette\applications.py", line 90, in __call__
    await self.middleware_stack(scope, receive, send)        
  File "C:\Users\HP\miniconda3\Lib\site-packages\starlette\middleware\errors.py", line 186, in __call__
    raise exc
  File "C:\Users\HP\miniconda3\Lib\site-packages\starlette\middleware\errors.py", line 164, in __call__
    await self.app(scope, receive, _send)
  File "C:\Users\HP\miniconda3\Lib\site-packages\starlette\middleware\cors.py", line 96, in __call__
    await self.simple_response(scope, receive, send, request_headers=headers)
  File "C:\Users\HP\miniconda3\Lib\site-packages\starlette\middleware\cors.py", line 154, in simple_response
    await self.app(scope, receive, send)
  File "C:\Users\HP\miniconda3\Lib\site-packages\starlette\middleware\exceptions.py", line 63, in __call__
    await wrap_app_handling_exceptions(self.app, conn)(scope, receive, send)
  File "C:\Users\HP\miniconda3\Lib\site-packages\starlette\_exception_handler.py", line 53, in wrapped_app
    raise exc
  File "C:\Users\HP\miniconda3\Lib\site-packages\starlette\_exception_handler.py", line 42, in wrapped_app
    await app(scope, receive, sender)
  File "C:\Users\HP\miniconda3\Lib\site-packages\fastapi\middleware\asyncexitstack.py", line 18, in __call__
    await self.app(scope, receive, send)
  File "C:\Users\HP\miniconda3\Lib\site-packages\starlette\routing.py", line 660, in __call__
    await self.middleware_stack(scope, receive, send)        
  File "C:\Users\HP\miniconda3\Lib\site-packages\starlette\routing.py", line 680, in app
    await route.handle(scope, receive, send)
  File "C:\Users\HP\miniconda3\Lib\site-packages\starlette\routing.py", line 276, in handle
    await self.app(scope, receive, send)
  File "C:\Users\HP\miniconda3\Lib\site-packages\fastapi\routing.py", line 134, in app
    await wrap_app_handling_exceptions(app, request)(scope, receive, send)
  File "C:\Users\HP\miniconda3\Lib\site-packages\starlette\_exception_handler.py", line 53, in wrapped_app
    raise exc
  File "C:\Users\HP\miniconda3\Lib\site-packages\starlette\_exception_handler.py", line 42, in wrapped_app
    await app(scope, receive, sender)
  File "C:\Users\HP\miniconda3\Lib\site-packages\fastapi\routing.py", line 120, in app
    response = await f(request)
               ^^^^^^^^^^^^^^^^
  File "C:\Users\HP\miniconda3\Lib\site-packages\fastapi\routing.py", line 674, in app
    raw_response = await run_endpoint_function(
                   ^^^^^^^^^^^^^^^^^^^^^^^^^^^^
    ...<3 lines>...
    )
    ^
  File "C:\Users\HP\miniconda3\Lib\site-packages\fastapi\routing.py", line 330, in run_endpoint_function
    return await run_in_threadpool(dependant.call, **values) 
           ^^^^^^^^^^^^^^^^^^^^^^^^^^^^^^^^^^^^^^^^^^^^^^^^^ 
  File "C:\Users\HP\miniconda3\Lib\site-packages\starlette\concurrency.py", line 32, in run_in_threadpool
    return await anyio.to_thread.run_sync(func)
           ^^^^^^^^^^^^^^^^^^^^^^^^^^^^^^^^^^^^
  File "C:\Users\HP\miniconda3\Lib\site-packages\anyio\to_thread.py", line 56, in run_sync
    return await get_async_backend().run_sync_in_worker_thread(
           ^^^^^^^^^^^^^^^^^^^^^^^^^^^^^^^^^^^^^^^^^^^^^^^^^^^^
        func, args, abandon_on_cancel=abandon_on_cancel, limiter=limiter
        ^^^^^^^^^^^^^^^^^^^^^^^^^^^^^^^^^^^^^^^^^^^^^^^^^^^^^^^^^^^^^^^^
    )
    ^
  File "C:\Users\HP\miniconda3\Lib\site-packages\anyio\_backends\_asyncio.py", line 2476, in run_sync_in_worker_thread    
    return await future
           ^^^^^^^^^^^^
  File "C:\Users\HP\miniconda3\Lib\site-packages\anyio\_backends\_asyncio.py", line 967, in run
    result = context.run(func, *args)
  File "C:\Users\HP\OneDrive\Desktop\CarnaticGPT\backend\routes.py", line 91, in chat_query
    rag_result = execute_rag_pipeline(req.message)
  File "C:\Users\HP\OneDrive\Desktop\CarnaticGPT\backend\rag.py", line 301, in execute_rag_pipeline
    response_text = generate_response(query, reranked_3, detected_raga, has_custom_template)
                    ^^^^^^^^^^^^^^^^^
NameError: name 'generate_response' is not defined
'
2026-05-27 12:31:54,879 - CarnaticGPT-Server - INFO - [query_optimizer.py:16] - Detected query type: explanation
2026-05-27 12:31:54,928 - CarnaticGPT-Server - WARNING - [rag.py:95] - Vector database index files not generated yet. Returning mock retrievals.
2026-05-27 12:31:54,939 - CarnaticGPT-Server - INFO - [reranker.py:27] - Reranking 2 chunks for query: '2026-05-27 12:28:37,520 - CarnaticGPT-Server - INFO - [server.py:49] - Embedding model cache pre-warmed successfully!     
INFO:     Application startup complete.
INFO:     Shutting down
INFO:     Waiting for application shutdown.
INFO:     Application shutdown complete.
INFO:     Finished server process [18248]
2026-05-27 12:28:41,480 - CarnaticGPT-Server - INFO - [database.py:87] - SQLite database tables verified/initialized successfully.
2026-05-27 12:28:41,785 - CarnaticGPT-Server - INFO - [reranker.py:20] - CarnaticReranker initialized.
2026-05-27 12:28:41,786 - CarnaticGPT-Server - INFO - [confidence_engine.py:12] - CarnaticConfidenceEngine initialized.   
2026-05-27 12:28:41,788 - CarnaticGPT-Server - INFO - [response_formatter.py:10] - CarnaticResponseFormatter initialized. 
Generated 36932 chunks
INFO:     Started server process [14484]
INFO:     Waiting for application startup.
2026-05-27 12:28:58,461 - CarnaticGPT-Server - INFO - [server.py:46] - Pre-warming embedding model cache on server startup...
2026-05-27 12:28:58,462 - CarnaticGPT-Server - INFO - [model_loader.py:11] - Initializing embedding model cache...        
2026-05-27 12:28:58,462 - EmbeddingGenerator - INFO - Explicitly requested mock embedding model. Loading MockTransformer...
2026-05-27 12:28:58,463 - CarnaticGPT-Server - INFO - [server.py:49] - Embedding model cache pre-warmed successfully!     
INFO:     Application startup complete.
2026-05-27 12:28:58,499 - CarnaticGPT-Server - INFO - [history.py:17] - Created conversation session: e39ad022-c7b6-45a0-a095-378290d07ebd for user_id 2
2026-05-27 12:28:58,516 - CarnaticGPT-Server - INFO - [rag.py:223] - Executing improved RAG Pipeline for query: 'What is a Ragam?'
2026-05-27 12:28:58,516 - CarnaticGPT-Server - INFO - [query_optimizer.py:16] - Detected query type: explanation
2026-05-27 12:28:58,517 - CarnaticGPT-Server - WARNING - [rag.py:95] - Vector database index files not generated yet. Returning mock retrievals.
2026-05-27 12:28:58,517 - CarnaticGPT-Server - INFO - [reranker.py:27] - Reranking 2 chunks for query: 'What is a Ragam'  
2026-05-27 12:28:58,517 - CarnaticGPT-Server - INFO - [reranker.py:69] - Top 3 reranked scores: [0.781, 0.545]
INFO:     127.0.0.1:55745 - "POST /api/chat/query HTTP/1.1" 500 Internal Server Error
ERROR:    Exception in ASGI application
Traceback (most recent call last):
  File "C:\Users\HP\miniconda3\Lib\site-packages\uvicorn\protocols\http\httptools_impl.py", line 421, in run_asgi
    result = await app(  # type: ignore[func-returns-value]  
             ^^^^^^^^^^^^^^^^^^^^^^^^^^^^^^^^^^^^^^^^^^^^^^  
        self.scope, self.receive, self.send
        ^^^^^^^^^^^^^^^^^^^^^^^^^^^^^^^^^^^
    )
    ^
  File "C:\Users\HP\miniconda3\Lib\site-packages\uvicorn\middleware\proxy_headers.py", line 56, in __call__
    return await self.app(scope, receive, send)
           ^^^^^^^^^^^^^^^^^^^^^^^^^^^^^^^^^^^^
  File "C:\Users\HP\miniconda3\Lib\site-packages\fastapi\applications.py", line 1159, in __call__
    await super().__call__(scope, receive, send)
  File "C:\Users\HP\miniconda3\Lib\site-packages\starlette\applications.py", line 90, in __call__
    await self.middleware_stack(scope, receive, send)        
  File "C:\Users\HP\miniconda3\Lib\site-packages\starlette\middleware\errors.py", line 186, in __call__
    raise exc
  File "C:\Users\HP\miniconda3\Lib\site-packages\starlette\middleware\errors.py", line 164, in __call__
    await self.app(scope, receive, _send)
  File "C:\Users\HP\miniconda3\Lib\site-packages\starlette\middleware\cors.py", line 96, in __call__
    await self.simple_response(scope, receive, send, request_headers=headers)
  File "C:\Users\HP\miniconda3\Lib\site-packages\starlette\middleware\cors.py", line 154, in simple_response
    await self.app(scope, receive, send)
  File "C:\Users\HP\miniconda3\Lib\site-packages\starlette\middleware\exceptions.py", line 63, in __call__
    await wrap_app_handling_exceptions(self.app, conn)(scope, receive, send)
  File "C:\Users\HP\miniconda3\Lib\site-packages\starlette\_exception_handler.py", line 53, in wrapped_app
    raise exc
  File "C:\Users\HP\miniconda3\Lib\site-packages\starlette\_exception_handler.py", line 42, in wrapped_app
    await app(scope, receive, sender)
  File "C:\Users\HP\miniconda3\Lib\site-packages\fastapi\middleware\asyncexitstack.py", line 18, in __call__
    await self.app(scope, receive, send)
  File "C:\Users\HP\miniconda3\Lib\site-packages\starlette\routing.py", line 660, in __call__
    await self.middleware_stack(scope, receive, send)        
  File "C:\Users\HP\miniconda3\Lib\site-packages\starlette\routing.py", line 680, in app
    await route.handle(scope, receive, send)
  File "C:\Users\HP\miniconda3\Lib\site-packages\starlette\routing.py", line 276, in handle
    await self.app(scope, receive, send)
  File "C:\Users\HP\miniconda3\Lib\site-packages\fastapi\routing.py", line 134, in app
    await wrap_app_handling_exceptions(app, request)(scope, receive, send)
  File "C:\Users\HP\miniconda3\Lib\site-packages\starlette\_exception_handler.py", line 53, in wrapped_app
    raise exc
  File "C:\Users\HP\miniconda3\Lib\site-packages\starlette\_exception_handler.py", line 42, in wrapped_app
    await app(scope, receive, sender)
  File "C:\Users\HP\miniconda3\Lib\site-packages\fastapi\routing.py", line 120, in app
    response = await f(request)
               ^^^^^^^^^^^^^^^^
  File "C:\Users\HP\miniconda3\Lib\site-packages\fastapi\routing.py", line 674, in app
    raw_response = await run_endpoint_function(
                   ^^^^^^^^^^^^^^^^^^^^^^^^^^^^
    ...<3 lines>...
    )
    ^
  File "C:\Users\HP\miniconda3\Lib\site-packages\fastapi\routing.py", line 330, in run_endpoint_function
    return await run_in_threadpool(dependant.call, **values) 
           ^^^^^^^^^^^^^^^^^^^^^^^^^^^^^^^^^^^^^^^^^^^^^^^^^ 
  File "C:\Users\HP\miniconda3\Lib\site-packages\starlette\concurrency.py", line 32, in run_in_threadpool
    return await anyio.to_thread.run_sync(func)
           ^^^^^^^^^^^^^^^^^^^^^^^^^^^^^^^^^^^^
  File "C:\Users\HP\miniconda3\Lib\site-packages\anyio\to_thread.py", line 56, in run_sync
    return await get_async_backend().run_sync_in_worker_thread(
           ^^^^^^^^^^^^^^^^^^^^^^^^^^^^^^^^^^^^^^^^^^^^^^^^^^^^
        func, args, abandon_on_cancel=abandon_on_cancel, limiter=limiter
        ^^^^^^^^^^^^^^^^^^^^^^^^^^^^^^^^^^^^^^^^^^^^^^^^^^^^^^^^^^^^^^^^
    )
    ^
  File "C:\Users\HP\miniconda3\Lib\site-packages\anyio\_backends\_asyncio.py", line 2476, in run_sync_in_worker_thread    
    return await future
           ^^^^^^^^^^^^
  File "C:\Users\HP\miniconda3\Lib\site-packages\anyio\_backends\_asyncio.py", line 967, in run
    result = context.run(func, *args)
  File "C:\Users\HP\OneDrive\Desktop\CarnaticGPT\backend\routes.py", line 91, in chat_query
    rag_result = execute_rag_pipeline(req.message)
  File "C:\Users\HP\OneDrive\Desktop\CarnaticGPT\backend\rag.py", line 301, in execute_rag_pipeline
    response_text = generate_response(query, reranked_3, detected_raga, has_custom_template)
                    ^^^^^^^^^^^^^^^^^
NameError: name 'generate_response' is not defined'
2026-05-27 12:31:54,955 - CarnaticGPT-Server - INFO - [reranker.py:69] - Top 3 reranked scores: [0.685, 0.446]
2026-05-27 12:31:54,961 - CarnaticGPT-Server - INFO - [response_generator.py:123] - Generating natural answer for query: '2026-05-27 12:28:37,520 - CarnaticGPT-Server - INFO - [server.py:49] - Embedding model cache pre-warmed successfully!     
INFO:     Application startup complete.
INFO:     Shutting down
INFO:     Waiting for application shutdown.
INFO:     Application shutdown complete.
INFO:     Finished server process [18248]
2026-05-27 12:28:41,480 - CarnaticGPT-Server - INFO - [database.py:87] - SQLite database tables verified/initialized successfully.
2026-05-27 12:28:41,785 - CarnaticGPT-Server - INFO - [reranker.py:20] - CarnaticReranker initialized.
2026-05-27 12:28:41,786 - CarnaticGPT-Server - INFO - [confidence_engine.py:12] - CarnaticConfidenceEngine initialized.   
2026-05-27 12:28:41,788 - CarnaticGPT-Server - INFO - [response_formatter.py:10] - CarnaticResponseFormatter initialized. 
Generated 36932 chunks
INFO:     Started server process [14484]
INFO:     Waiting for application startup.
2026-05-27 12:28:58,461 - CarnaticGPT-Server - INFO - [server.py:46] - Pre-warming embedding model cache on server startup...
2026-05-27 12:28:58,462 - CarnaticGPT-Server - INFO - [model_loader.py:11] - Initializing embedding model cache...        
2026-05-27 12:28:58,462 - EmbeddingGenerator - INFO - Explicitly requested mock embedding model. Loading MockTransformer...
2026-05-27 12:28:58,463 - CarnaticGPT-Server - INFO - [server.py:49] - Embedding model cache pre-warmed successfully!     
INFO:     Application startup complete.
2026-05-27 12:28:58,499 - CarnaticGPT-Server - INFO - [history.py:17] - Created conversation session: e39ad022-c7b6-45a0-a095-378290d07ebd for user_id 2
2026-05-27 12:28:58,516 - CarnaticGPT-Server - INFO - [rag.py:223] - Executing improved RAG Pipeline for query: 'What is a Ragam?'
2026-05-27 12:28:58,516 - CarnaticGPT-Server - INFO - [query_optimizer.py:16] - Detected query type: explanation
2026-05-27 12:28:58,517 - CarnaticGPT-Server - WARNING - [rag.py:95] - Vector database index files not generated yet. Returning mock retrievals.
2026-05-27 12:28:58,517 - CarnaticGPT-Server - INFO - [reranker.py:27] - Reranking 2 chunks for query: 'What is a Ragam'  
2026-05-27 12:28:58,517 - CarnaticGPT-Server - INFO - [reranker.py:69] - Top 3 reranked scores: [0.781, 0.545]
INFO:     127.0.0.1:55745 - "POST /api/chat/query HTTP/1.1" 500 Internal Server Error
ERROR:    Exception in ASGI application
Traceback (most recent call last):
  File "C:\Users\HP\miniconda3\Lib\site-packages\uvicorn\protocols\http\httptools_impl.py", line 421, in run_asgi
    result = await app(  # type: ignore[func-returns-value]  
             ^^^^^^^^^^^^^^^^^^^^^^^^^^^^^^^^^^^^^^^^^^^^^^  
        self.scope, self.receive, self.send
        ^^^^^^^^^^^^^^^^^^^^^^^^^^^^^^^^^^^
    )
    ^
  File "C:\Users\HP\miniconda3\Lib\site-packages\uvicorn\middleware\proxy_headers.py", line 56, in __call__
    return await self.app(scope, receive, send)
           ^^^^^^^^^^^^^^^^^^^^^^^^^^^^^^^^^^^^
  File "C:\Users\HP\miniconda3\Lib\site-packages\fastapi\applications.py", line 1159, in __call__
    await super().__call__(scope, receive, send)
  File "C:\Users\HP\miniconda3\Lib\site-packages\starlette\applications.py", line 90, in __call__
    await self.middleware_stack(scope, receive, send)        
  File "C:\Users\HP\miniconda3\Lib\site-packages\starlette\middleware\errors.py", line 186, in __call__
    raise exc
  File "C:\Users\HP\miniconda3\Lib\site-packages\starlette\middleware\errors.py", line 164, in __call__
    await self.app(scope, receive, _send)
  File "C:\Users\HP\miniconda3\Lib\site-packages\starlette\middleware\cors.py", line 96, in __call__
    await self.simple_response(scope, receive, send, request_headers=headers)
  File "C:\Users\HP\miniconda3\Lib\site-packages\starlette\middleware\cors.py", line 154, in simple_response
    await self.app(scope, receive, send)
  File "C:\Users\HP\miniconda3\Lib\site-packages\starlette\middleware\exceptions.py", line 63, in __call__
    await wrap_app_handling_exceptions(self.app, conn)(scope, receive, send)
  File "C:\Users\HP\miniconda3\Lib\site-packages\starlette\_exception_handler.py", line 53, in wrapped_app
    raise exc
  File "C:\Users\HP\miniconda3\Lib\site-packages\starlette\_exception_handler.py", line 42, in wrapped_app
    await app(scope, receive, sender)
  File "C:\Users\HP\miniconda3\Lib\site-packages\fastapi\middleware\asyncexitstack.py", line 18, in __call__
    await self.app(scope, receive, send)
  File "C:\Users\HP\miniconda3\Lib\site-packages\starlette\routing.py", line 660, in __call__
    await self.middleware_stack(scope, receive, send)        
  File "C:\Users\HP\miniconda3\Lib\site-packages\starlette\routing.py", line 680, in app
    await route.handle(scope, receive, send)
  File "C:\Users\HP\miniconda3\Lib\site-packages\starlette\routing.py", line 276, in handle
    await self.app(scope, receive, send)
  File "C:\Users\HP\miniconda3\Lib\site-packages\fastapi\routing.py", line 134, in app
    await wrap_app_handling_exceptions(app, request)(scope, receive, send)
  File "C:\Users\HP\miniconda3\Lib\site-packages\starlette\_exception_handler.py", line 53, in wrapped_app
    raise exc
  File "C:\Users\HP\miniconda3\Lib\site-packages\starlette\_exception_handler.py", line 42, in wrapped_app
    await app(scope, receive, sender)
  File "C:\Users\HP\miniconda3\Lib\site-packages\fastapi\routing.py", line 120, in app
    response = await f(request)
               ^^^^^^^^^^^^^^^^
  File "C:\Users\HP\miniconda3\Lib\site-packages\fastapi\routing.py", line 674, in app
    raw_response = await run_endpoint_function(
                   ^^^^^^^^^^^^^^^^^^^^^^^^^^^^
    ...<3 lines>...
    )
    ^
  File "C:\Users\HP\miniconda3\Lib\site-packages\fastapi\routing.py", line 330, in run_endpoint_function
    return await run_in_threadpool(dependant.call, **values) 
           ^^^^^^^^^^^^^^^^^^^^^^^^^^^^^^^^^^^^^^^^^^^^^^^^^ 
  File "C:\Users\HP\miniconda3\Lib\site-packages\starlette\concurrency.py", line 32, in run_in_threadpool
    return await anyio.to_thread.run_sync(func)
           ^^^^^^^^^^^^^^^^^^^^^^^^^^^^^^^^^^^^
  File "C:\Users\HP\miniconda3\Lib\site-packages\anyio\to_thread.py", line 56, in run_sync
    return await get_async_backend().run_sync_in_worker_thread(
           ^^^^^^^^^^^^^^^^^^^^^^^^^^^^^^^^^^^^^^^^^^^^^^^^^^^^
        func, args, abandon_on_cancel=abandon_on_cancel, limiter=limiter
        ^^^^^^^^^^^^^^^^^^^^^^^^^^^^^^^^^^^^^^^^^^^^^^^^^^^^^^^^^^^^^^^^
    )
    ^
  File "C:\Users\HP\miniconda3\Lib\site-packages\anyio\_backends\_asyncio.py", line 2476, in run_sync_in_worker_thread    
    return await future
           ^^^^^^^^^^^^
  File "C:\Users\HP\miniconda3\Lib\site-packages\anyio\_backends\_asyncio.py", line 967, in run
    result = context.run(func, *args)
  File "C:\Users\HP\OneDrive\Desktop\CarnaticGPT\backend\routes.py", line 91, in chat_query
    rag_result = execute_rag_pipeline(req.message)
  File "C:\Users\HP\OneDrive\Desktop\CarnaticGPT\backend\rag.py", line 301, in execute_rag_pipeline
    response_text = generate_response(query, reranked_3, detected_raga, has_custom_template)
                    ^^^^^^^^^^^^^^^^^
NameError: name 'generate_response' is not defined
' with 2 chunks.
2026-05-27 12:31:54,987 - CarnaticGPT-Server - INFO - [query_optimizer.py:16] - Detected query type: explanation
2026-05-27 12:31:55,030 - CarnaticGPT-Server - INFO - [response_generator.py:196] - Using local Carnatic response generator fallback.
2026-05-27 12:31:55,118 - CarnaticGPT-Server - INFO - [response_formatter.py:40] - Answer formatting and Markdown auditing complete.
2026-05-27 12:32:02,875 - CarnaticGPT-Server - INFO - [history.py:17] - Created conversation session: 52ed2357-2209-451d-a55b-5e426d7637e1 for user_id 2
2026-05-27 12:32:03,145 - CarnaticGPT-Server - INFO - [rag.py:223] - Executing improved RAG Pipeline for query: 'Explain Bhairavi'
2026-05-27 12:32:03,466 - CarnaticGPT-Server - INFO - [query_optimizer.py:16] - Detected query type: explanation
2026-05-27 12:32:03,476 - CarnaticGPT-Server - WARNING - [rag.py:95] - Vector database index files not generated yet. Returning mock retrievals.
2026-05-27 12:32:03,637 - CarnaticGPT-Server - INFO - [rag.py:259] - Raga entity detected: 'Bhairavi'. Filtering retrieval matching keywords.
2026-05-27 12:32:03,646 - CarnaticGPT-Server - INFO - [reranker.py:27] - Reranking 1 chunks for query: 'Explain Raga Bhairavi'
2026-05-27 12:32:03,722 - CarnaticGPT-Server - INFO - [reranker.py:69] - Top 3 reranked scores: [0.99]
2026-05-27 12:32:03,775 - CarnaticGPT-Server - INFO - [response_generator.py:123] - Generating natural answer for query: 'Explain Bhairavi' with 1 chunks.
2026-05-27 12:32:03,913 - CarnaticGPT-Server - INFO - [query_optimizer.py:16] - Detected query type: explanation
2026-05-27 12:32:03,939 - CarnaticGPT-Server - INFO - [response_generator.py:196] - Using local Carnatic response generator fallback.
2026-05-27 12:32:03,959 - CarnaticGPT-Server - INFO - [response_formatter.py:40] - Answer formatting and Markdown auditing complete.
2026-05-27 12:33:51,941 - CarnaticGPT-Server - INFO - [ingestion.py:15] - Ingestion pipeline started for file: C:\Users\HP\OneDrive\Desktop\CarnaticGPT\data\books\South_Indian_Music\2015.391192.Sangeeta-Shastra.pdf
2026-05-27 12:33:54,049 - CarnaticGPT-Server - INFO - [ingestion.py:35] - pypdf scan completed. Pages: 321, Characters: 0
2026-05-27 12:33:54,050 - CarnaticGPT-Server - INFO - [ingestion.py:42] - OCR initiated. PDF text content is empty or below threshold (scanned document detected).
2026-05-27 12:33:54,051 - CarnaticGPT-Server - INFO - [ingestion.py:49] - Converting PDF pages to raw images using pdf2image...
2026-05-27 12:33:54,052 - CarnaticGPT-Server - INFO - [ingestion.py:50] - Pre-processing image frames: converting to grayscale, binarizing with Otsu threshold (150, 255)...
2026-05-27 12:33:54,052 - CarnaticGPT-Server - INFO - [ingestion.py:51] - Invoking Tesseract OCR engine with language packs: 'eng+tel' (English + Telugu)...
2026-05-27 12:33:54,053 - CarnaticGPT-Server - INFO - [ingestion.py:70] - Scanned document detected (33398 KB). Scaling OCR model parameters to yield 106 pages, 92536 characters.
2026-05-27 12:34:16,507 - CarnaticGPT-Server - INFO - [database.py:87] - SQLite database tables verified/initialized successfully.
2026-05-27 12:34:16,848 - CarnaticGPT-Server - INFO - [reranker.py:20] - CarnaticReranker initialized.
2026-05-27 12:34:16,849 - CarnaticGPT-Server - INFO - [confidence_engine.py:12] - CarnaticConfidenceEngine initialized.
2026-05-27 12:34:16,853 - CarnaticGPT-Server - INFO - [response_formatter.py:10] - CarnaticResponseFormatter initialized.
2026-05-27 12:35:09,603 - CarnaticGPT-Server - INFO - [server.py:46] - Pre-warming embedding model cache on server startup...
2026-05-27 12:35:09,604 - CarnaticGPT-Server - INFO - [model_loader.py:11] - Initializing embedding model cache...
2026-05-27 12:35:09,608 - CarnaticGPT-Server - INFO - [server.py:49] - Embedding model cache pre-warmed successfully!
2026-05-27 12:35:09,893 - CarnaticGPT-Server - INFO - [rag.py:223] - Executing improved RAG Pipeline for query: 'Compare Kalyani vs Mohanam'
2026-05-27 12:35:09,894 - CarnaticGPT-Server - INFO - [query_optimizer.py:10] - Detected query type: comparison
2026-05-27 12:35:09,899 - CarnaticGPT-Server - INFO - [rag.py:241] - Comparison query detected. Running independent retrievals for 'kalyani' and 'mohanam'
2026-05-27 12:35:09,999 - CarnaticGPT-Server - WARNING - [rag.py:95] - Vector database index files not generated yet. Returning mock retrievals.
2026-05-27 12:35:10,011 - CarnaticGPT-Server - WARNING - [rag.py:95] - Vector database index files not generated yet. Returning mock retrievals.
2026-05-27 12:35:10,015 - CarnaticGPT-Server - INFO - [rag.py:259] - Raga entity detected: 'Kalyani'. Filtering retrieval matching keywords.
2026-05-27 12:35:10,015 - CarnaticGPT-Server - INFO - [reranker.py:27] - Reranking 1 chunks for query: 'Compare Raga Kalyani vs Mohanam'
2026-05-27 12:35:10,017 - CarnaticGPT-Server - INFO - [reranker.py:69] - Top 3 reranked scores: [0.99]
2026-05-27 12:35:10,018 - CarnaticGPT-Server - INFO - [response_generator.py:123] - Generating natural answer for query: 'Compare Kalyani vs Mohanam' with 1 chunks.
2026-05-27 12:35:10,119 - CarnaticGPT-Server - INFO - [query_optimizer.py:10] - Detected query type: comparison
2026-05-27 12:35:10,148 - CarnaticGPT-Server - INFO - [response_formatter.py:40] - Answer formatting and Markdown auditing complete.
2026-05-27 12:35:10,948 - CarnaticGPT-Server - INFO - [ingestion.py:15] - Ingestion pipeline started for file: C:\Users\HP\OneDrive\Desktop\CarnaticGPT\data\books\South_Indian_Music\2015.391192.Sangeeta-Shastra.pdf
2026-05-27 12:35:12,215 - CarnaticGPT-Server - INFO - [ingestion.py:35] - pypdf scan completed. Pages: 321, Characters: 0
2026-05-27 12:35:12,216 - CarnaticGPT-Server - INFO - [ingestion.py:42] - OCR initiated. PDF text content is empty or below threshold (scanned document detected).
2026-05-27 12:35:12,216 - CarnaticGPT-Server - INFO - [ingestion.py:49] - Converting PDF pages to raw images using pdf2image...
2026-05-27 12:35:12,217 - CarnaticGPT-Server - INFO - [ingestion.py:50] - Pre-processing image frames: converting to grayscale, binarizing with Otsu threshold (150, 255)...
2026-05-27 12:35:12,218 - CarnaticGPT-Server - INFO - [ingestion.py:51] - Invoking Tesseract OCR engine with language packs: 'eng+tel' (English + Telugu)...
2026-05-27 12:35:12,218 - CarnaticGPT-Server - INFO - [ingestion.py:70] - Scanned document detected (33398 KB). Scaling OCR model parameters to yield 106 pages, 92536 characters.
2026-05-27 12:36:29,508 - CarnaticGPT-Server - INFO - [reranker.py:20] - CarnaticReranker initialized.
2026-05-27 12:36:29,510 - CarnaticGPT-Server - INFO - [confidence_engine.py:12] - CarnaticConfidenceEngine initialized.
2026-05-27 12:36:29,514 - CarnaticGPT-Server - INFO - [response_formatter.py:10] - CarnaticResponseFormatter initialized.
2026-05-27 12:36:29,519 - CarnaticGPT-Server - INFO - [rag.py:223] - Executing improved RAG Pipeline for query: 'What is Shruti?'
2026-05-27 12:36:29,519 - CarnaticGPT-Server - INFO - [query_optimizer.py:16] - Detected query type: explanation
2026-05-27 12:36:44,059 - CarnaticGPT-Server - INFO - [reranker.py:20] - CarnaticReranker initialized.
2026-05-27 12:36:44,061 - CarnaticGPT-Server - INFO - [confidence_engine.py:12] - CarnaticConfidenceEngine initialized.
2026-05-27 12:36:44,064 - CarnaticGPT-Server - INFO - [response_formatter.py:10] - CarnaticResponseFormatter initialized.
2026-05-27 12:36:44,070 - CarnaticGPT-Server - INFO - [rag.py:223] - Executing improved RAG Pipeline for query: 'What is Shruti?'
2026-05-27 12:36:44,070 - CarnaticGPT-Server - INFO - [query_optimizer.py:16] - Detected query type: explanation
2026-05-27 12:37:18,194 - CarnaticGPT-Server - INFO - [reranker.py:27] - Reranking 10 chunks for query: 'What is Shruti? pitch frequency note Carnatic music'
2026-05-27 12:37:18,195 - CarnaticGPT-Server - INFO - [reranker.py:69] - Top 3 reranked scores: [0.408, 0.408, 0.408]
2026-05-27 12:37:18,195 - CarnaticGPT-Server - INFO - [response_generator.py:123] - Generating natural answer for query: 'What is Shruti? pitch frequency note Carnatic music' with 3 chunks.
2026-05-27 12:37:18,195 - CarnaticGPT-Server - INFO - [query_optimizer.py:16] - Detected query type: explanation
2026-05-27 12:37:18,195 - CarnaticGPT-Server - INFO - [response_generator.py:196] - Using local Carnatic response generator fallback.
2026-05-27 12:37:18,196 - CarnaticGPT-Server - INFO - [response_formatter.py:40] - Answer formatting and Markdown auditing complete.
2026-05-27 12:37:18,197 - CarnaticGPT-Server - INFO - [rag.py:223] - Executing improved RAG Pipeline for query: 'What is Gamaka?'
2026-05-27 12:37:18,197 - CarnaticGPT-Server - INFO - [query_optimizer.py:16] - Detected query type: explanation
2026-05-27 12:37:19,265 - CarnaticGPT-Server - INFO - [reranker.py:27] - Reranking 10 chunks for query: 'What is Shruti? pitch frequency note Carnatic music'
2026-05-27 12:37:19,275 - CarnaticGPT-Server - INFO - [reranker.py:69] - Top 3 reranked scores: [0.408, 0.408, 0.408]
2026-05-27 12:37:19,372 - CarnaticGPT-Server - INFO - [response_generator.py:123] - Generating natural answer for query: 'What is Shruti? pitch frequency note Carnatic music' with 3 chunks.
2026-05-27 12:37:19,399 - CarnaticGPT-Server - INFO - [query_optimizer.py:16] - Detected query type: explanation
2026-05-27 12:37:19,465 - CarnaticGPT-Server - INFO - [response_generator.py:196] - Using local Carnatic response generator fallback.
2026-05-27 12:37:19,470 - CarnaticGPT-Server - INFO - [response_formatter.py:40] - Answer formatting and Markdown auditing complete.
2026-05-27 12:37:19,475 - CarnaticGPT-Server - INFO - [rag.py:223] - Executing improved RAG Pipeline for query: 'What is Gamaka?'
2026-05-27 12:37:19,476 - CarnaticGPT-Server - INFO - [query_optimizer.py:16] - Detected query type: explanation
2026-05-27 12:37:31,352 - CarnaticGPT-Server - INFO - [reranker.py:27] - Reranking 10 chunks for query: 'What is Gamaka? ornamentation musical embellishment'
2026-05-27 12:37:31,353 - CarnaticGPT-Server - INFO - [reranker.py:69] - Top 3 reranked scores: [0.485, 0.485, 0.485]
2026-05-27 12:37:31,353 - CarnaticGPT-Server - INFO - [response_generator.py:123] - Generating natural answer for query: 'What is Gamaka? ornamentation musical embellishment' with 3 chunks.
2026-05-27 12:37:31,353 - CarnaticGPT-Server - INFO - [query_optimizer.py:16] - Detected query type: explanation
2026-05-27 12:37:31,353 - CarnaticGPT-Server - INFO - [response_generator.py:196] - Using local Carnatic response generator fallback.
2026-05-27 12:37:31,354 - CarnaticGPT-Server - INFO - [response_formatter.py:40] - Answer formatting and Markdown auditing complete.
2026-05-27 12:37:31,354 - CarnaticGPT-Server - INFO - [rag.py:223] - Executing improved RAG Pipeline for query: 'What is Jeeva Swara?'
2026-05-27 12:37:31,354 - CarnaticGPT-Server - INFO - [query_optimizer.py:16] - Detected query type: explanation
2026-05-27 12:37:34,844 - CarnaticGPT-Server - INFO - [reranker.py:27] - Reranking 10 chunks for query: 'What is Gamaka? ornamentation musical embellishment'
2026-05-27 12:37:34,845 - CarnaticGPT-Server - INFO - [reranker.py:69] - Top 3 reranked scores: [0.485, 0.485, 0.485]
2026-05-27 12:37:34,846 - CarnaticGPT-Server - INFO - [response_generator.py:123] - Generating natural answer for query: 'What is Gamaka? ornamentation musical embellishment' with 3 chunks.
2026-05-27 12:37:34,846 - CarnaticGPT-Server - INFO - [query_optimizer.py:16] - Detected query type: explanation
2026-05-27 12:37:34,847 - CarnaticGPT-Server - INFO - [response_generator.py:196] - Using local Carnatic response generator fallback.
2026-05-27 12:37:34,848 - CarnaticGPT-Server - INFO - [response_formatter.py:40] - Answer formatting and Markdown auditing complete.
2026-05-27 12:37:34,850 - CarnaticGPT-Server - INFO - [rag.py:223] - Executing improved RAG Pipeline for query: 'What is Jeeva Swara?'
2026-05-27 12:37:34,850 - CarnaticGPT-Server - INFO - [query_optimizer.py:16] - Detected query type: explanation
2026-05-27 12:37:41,666 - CarnaticGPT-Server - INFO - [reranker.py:27] - Reranking 10 chunks for query: 'What is Jeeva Swara? important defining swara'
2026-05-27 12:37:41,668 - CarnaticGPT-Server - INFO - [reranker.py:69] - Top 3 reranked scores: [0.4, 0.399, 0.399]
2026-05-27 12:37:41,668 - CarnaticGPT-Server - INFO - [response_generator.py:123] - Generating natural answer for query: 'What is Jeeva Swara? important defining swara' with 3 chunks.
2026-05-27 12:37:41,668 - CarnaticGPT-Server - INFO - [query_optimizer.py:16] - Detected query type: explanation
2026-05-27 12:37:41,668 - CarnaticGPT-Server - INFO - [response_generator.py:196] - Using local Carnatic response generator fallback.
2026-05-27 12:37:41,669 - CarnaticGPT-Server - INFO - [response_formatter.py:40] - Answer formatting and Markdown auditing complete.
2026-05-27 12:37:41,669 - CarnaticGPT-Server - INFO - [rag.py:223] - Executing improved RAG Pipeline for query: 'Who is Tyagaraja?'
2026-05-27 12:37:41,669 - CarnaticGPT-Server - INFO - [query_optimizer.py:13] - Detected query type: person
2026-05-27 12:37:44,113 - CarnaticGPT-Server - INFO - [reranker.py:27] - Reranking 10 chunks for query: 'What is Jeeva Swara? important defining swara'
2026-05-27 12:37:44,115 - CarnaticGPT-Server - INFO - [reranker.py:69] - Top 3 reranked scores: [0.4, 0.399, 0.399]
2026-05-27 12:37:44,115 - CarnaticGPT-Server - INFO - [response_generator.py:123] - Generating natural answer for query: 'What is Jeeva Swara? important defining swara' with 3 chunks.
2026-05-27 12:37:44,116 - CarnaticGPT-Server - INFO - [query_optimizer.py:16] - Detected query type: explanation
2026-05-27 12:37:44,116 - CarnaticGPT-Server - INFO - [response_generator.py:196] - Using local Carnatic response generator fallback.
2026-05-27 12:37:44,117 - CarnaticGPT-Server - INFO - [response_formatter.py:40] - Answer formatting and Markdown auditing complete.
2026-05-27 12:37:44,119 - CarnaticGPT-Server - INFO - [rag.py:223] - Executing improved RAG Pipeline for query: 'Who is Tyagaraja?'
2026-05-27 12:37:44,120 - CarnaticGPT-Server - INFO - [query_optimizer.py:13] - Detected query type: person
2026-05-27 12:37:52,255 - CarnaticGPT-Server - INFO - [reranker.py:27] - Reranking 10 chunks for query: 'Who is Tyagaraja'
2026-05-27 12:37:52,256 - CarnaticGPT-Server - INFO - [reranker.py:69] - Top 3 reranked scores: [0.536, 0.536, 0.536]
2026-05-27 12:37:52,257 - CarnaticGPT-Server - INFO - [response_generator.py:123] - Generating natural answer for query: 'Who is Tyagaraja?' with 3 chunks.
2026-05-27 12:37:52,257 - CarnaticGPT-Server - INFO - [query_optimizer.py:13] - Detected query type: person
2026-05-27 12:37:52,257 - CarnaticGPT-Server - INFO - [response_generator.py:196] - Using local Carnatic response generator fallback.
2026-05-27 12:37:52,257 - CarnaticGPT-Server - INFO - [response_formatter.py:40] - Answer formatting and Markdown auditing complete.
2026-05-27 12:37:52,257 - CarnaticGPT-Server - INFO - [rag.py:223] - Executing improved RAG Pipeline for query: 'Explain Hindolam'
2026-05-27 12:37:52,257 - CarnaticGPT-Server - INFO - [query_optimizer.py:16] - Detected query type: explanation
2026-05-27 12:37:53,783 - CarnaticGPT-Server - INFO - [reranker.py:27] - Reranking 10 chunks for query: 'Who is Tyagaraja'
2026-05-27 12:37:53,784 - CarnaticGPT-Server - INFO - [reranker.py:69] - Top 3 reranked scores: [0.536, 0.536, 0.536]
2026-05-27 12:37:53,785 - CarnaticGPT-Server - INFO - [response_generator.py:123] - Generating natural answer for query: 'Who is Tyagaraja?' with 3 chunks.
2026-05-27 12:37:53,786 - CarnaticGPT-Server - INFO - [query_optimizer.py:13] - Detected query type: person
2026-05-27 12:37:53,787 - CarnaticGPT-Server - INFO - [response_generator.py:196] - Using local Carnatic response generator fallback.
2026-05-27 12:37:53,787 - CarnaticGPT-Server - INFO - [response_formatter.py:40] - Answer formatting and Markdown auditing complete.
2026-05-27 12:37:53,811 - CarnaticGPT-Server - INFO - [rag.py:223] - Executing improved RAG Pipeline for query: 'Explain Hindolam'
2026-05-27 12:37:53,811 - CarnaticGPT-Server - INFO - [query_optimizer.py:16] - Detected query type: explanation
2026-05-27 12:38:03,898 - CarnaticGPT-Server - INFO - [rag.py:259] - Raga entity detected: 'Hindolam'. Filtering retrieval matching keywords.
2026-05-27 12:38:03,899 - CarnaticGPT-Server - INFO - [reranker.py:27] - Reranking 1 chunks for query: 'Explain Raga Hindolam'
2026-05-27 12:38:03,899 - CarnaticGPT-Server - INFO - [reranker.py:69] - Top 3 reranked scores: [0.987]
2026-05-27 12:38:03,899 - CarnaticGPT-Server - INFO - [response_generator.py:123] - Generating natural answer for query: 'Explain Hindolam' with 1 chunks.
2026-05-27 12:38:03,899 - CarnaticGPT-Server - INFO - [query_optimizer.py:16] - Detected query type: explanation
2026-05-27 12:38:03,900 - CarnaticGPT-Server - INFO - [response_generator.py:196] - Using local Carnatic response generator fallback.
2026-05-27 12:38:03,900 - CarnaticGPT-Server - INFO - [response_formatter.py:40] - Answer formatting and Markdown auditing complete.
2026-05-27 12:38:03,901 - CarnaticGPT-Server - INFO - [rag.py:223] - Executing improved RAG Pipeline for query: 'Compare Kalyani and Mohanam'
2026-05-27 12:38:03,901 - CarnaticGPT-Server - INFO - [query_optimizer.py:10] - Detected query type: comparison
2026-05-27 12:38:03,902 - CarnaticGPT-Server - INFO - [rag.py:241] - Comparison query detected. Running independent retrievals for 'kalyani' and 'mohanam'
2026-05-27 12:38:05,666 - CarnaticGPT-Server - INFO - [rag.py:259] - Raga entity detected: 'Hindolam'. Filtering retrieval matching keywords.
2026-05-27 12:38:05,667 - CarnaticGPT-Server - INFO - [reranker.py:27] - Reranking 1 chunks for query: 'Explain Raga Hindolam'
2026-05-27 12:38:05,668 - CarnaticGPT-Server - INFO - [reranker.py:69] - Top 3 reranked scores: [0.987]
2026-05-27 12:38:05,669 - CarnaticGPT-Server - INFO - [response_generator.py:123] - Generating natural answer for query: 'Explain Hindolam' with 1 chunks.
2026-05-27 12:38:05,669 - CarnaticGPT-Server - INFO - [query_optimizer.py:16] - Detected query type: explanation
2026-05-27 12:38:05,670 - CarnaticGPT-Server - INFO - [response_generator.py:196] - Using local Carnatic response generator fallback.
2026-05-27 12:38:05,671 - CarnaticGPT-Server - INFO - [response_formatter.py:40] - Answer formatting and Markdown auditing complete.
2026-05-27 12:38:05,674 - CarnaticGPT-Server - INFO - [rag.py:223] - Executing improved RAG Pipeline for query: 'Compare Kalyani and Mohanam'
2026-05-27 12:38:05,674 - CarnaticGPT-Server - INFO - [query_optimizer.py:10] - Detected query type: comparison
2026-05-27 12:38:05,677 - CarnaticGPT-Server - INFO - [rag.py:241] - Comparison query detected. Running independent retrievals for 'kalyani' and 'mohanam'
2026-05-27 12:38:27,535 - CarnaticGPT-Server - INFO - [rag.py:259] - Raga entity detected: 'Kalyani'. Filtering retrieval matching keywords.
2026-05-27 12:38:27,535 - CarnaticGPT-Server - INFO - [reranker.py:27] - Reranking 5 chunks for query: 'Compare Raga Kalyani and Mohanam'
2026-05-27 12:38:27,535 - CarnaticGPT-Server - INFO - [reranker.py:69] - Top 3 reranked scores: [0.99, 0.712, 0.712]
2026-05-27 12:38:27,536 - CarnaticGPT-Server - INFO - [response_generator.py:123] - Generating natural answer for query: 'Compare Kalyani and Mohanam' with 3 chunks.
2026-05-27 12:38:27,536 - CarnaticGPT-Server - INFO - [query_optimizer.py:10] - Detected query type: comparison
2026-05-27 12:38:27,536 - CarnaticGPT-Server - INFO - [response_formatter.py:40] - Answer formatting and Markdown auditing complete.
2026-05-27 12:38:27,536 - CarnaticGPT-Server - INFO - [rag.py:223] - Executing improved RAG Pipeline for query: 'What is Talam?'
2026-05-27 12:38:27,537 - CarnaticGPT-Server - INFO - [query_optimizer.py:16] - Detected query type: explanation
2026-05-27 12:38:29,736 - CarnaticGPT-Server - INFO - [rag.py:259] - Raga entity detected: 'Kalyani'. Filtering retrieval matching keywords.
2026-05-27 12:38:29,737 - CarnaticGPT-Server - INFO - [reranker.py:27] - Reranking 5 chunks for query: 'Compare Raga Kalyani and Mohanam'
2026-05-27 12:38:29,738 - CarnaticGPT-Server - INFO - [reranker.py:69] - Top 3 reranked scores: [0.99, 0.712, 0.712]
2026-05-27 12:38:29,738 - CarnaticGPT-Server - INFO - [response_generator.py:123] - Generating natural answer for query: 'Compare Kalyani and Mohanam' with 3 chunks.
2026-05-27 12:38:29,739 - CarnaticGPT-Server - INFO - [query_optimizer.py:10] - Detected query type: comparison
2026-05-27 12:38:29,739 - CarnaticGPT-Server - INFO - [response_formatter.py:40] - Answer formatting and Markdown auditing complete.
2026-05-27 12:38:29,742 - CarnaticGPT-Server - INFO - [rag.py:223] - Executing improved RAG Pipeline for query: 'What is Talam?'
2026-05-27 12:38:29,742 - CarnaticGPT-Server - INFO - [query_optimizer.py:16] - Detected query type: explanation
2026-05-27 12:38:39,462 - CarnaticGPT-Server - INFO - [reranker.py:27] - Reranking 10 chunks for query: 'What is Talam? rhythm cycle'
2026-05-27 12:38:39,463 - CarnaticGPT-Server - INFO - [reranker.py:69] - Top 3 reranked scores: [0.471, 0.471, 0.471]
2026-05-27 12:38:39,464 - CarnaticGPT-Server - INFO - [response_generator.py:123] - Generating natural answer for query: 'What is Talam? rhythm cycle' with 3 chunks.
2026-05-27 12:38:39,464 - CarnaticGPT-Server - INFO - [query_optimizer.py:16] - Detected query type: explanation
2026-05-27 12:38:39,464 - CarnaticGPT-Server - INFO - [response_generator.py:196] - Using local Carnatic response generator fallback.
2026-05-27 12:38:39,464 - CarnaticGPT-Server - INFO - [response_formatter.py:40] - Answer formatting and Markdown auditing complete.
2026-05-27 12:38:39,464 - CarnaticGPT-Server - INFO - [rag.py:223] - Executing improved RAG Pipeline for query: 'Explain computational musicology'
2026-05-27 12:38:39,465 - CarnaticGPT-Server - INFO - [query_optimizer.py:16] - Detected query type: explanation
2026-05-27 12:38:41,660 - CarnaticGPT-Server - INFO - [reranker.py:27] - Reranking 10 chunks for query: 'What is Talam? rhythm cycle'
2026-05-27 12:38:41,662 - CarnaticGPT-Server - INFO - [reranker.py:69] - Top 3 reranked scores: [0.471, 0.471, 0.471]
2026-05-27 12:38:41,663 - CarnaticGPT-Server - INFO - [response_generator.py:123] - Generating natural answer for query: 'What is Talam? rhythm cycle' with 3 chunks.
2026-05-27 12:38:41,663 - CarnaticGPT-Server - INFO - [query_optimizer.py:16] - Detected query type: explanation
2026-05-27 12:38:41,663 - CarnaticGPT-Server - INFO - [response_generator.py:196] - Using local Carnatic response generator fallback.
2026-05-27 12:38:41,664 - CarnaticGPT-Server - INFO - [response_formatter.py:40] - Answer formatting and Markdown auditing complete.
2026-05-27 12:38:41,666 - CarnaticGPT-Server - INFO - [rag.py:223] - Executing improved RAG Pipeline for query: 'Explain computational musicology'
2026-05-27 12:38:41,667 - CarnaticGPT-Server - INFO - [query_optimizer.py:16] - Detected query type: explanation
2026-05-27 12:38:49,616 - CarnaticGPT-Server - INFO - [reranker.py:27] - Reranking 10 chunks for query: 'Explain computational musicology'
2026-05-27 12:38:49,617 - CarnaticGPT-Server - INFO - [reranker.py:69] - Top 3 reranked scores: [0.353, 0.353, 0.353]
2026-05-27 12:38:49,617 - CarnaticGPT-Server - INFO - [response_generator.py:123] - Generating natural answer for query: 'Explain computational musicology' with 3 chunks.
2026-05-27 12:38:49,617 - CarnaticGPT-Server - INFO - [query_optimizer.py:16] - Detected query type: explanation
2026-05-27 12:38:49,617 - CarnaticGPT-Server - INFO - [response_generator.py:196] - Using local Carnatic response generator fallback.
2026-05-27 12:38:49,618 - CarnaticGPT-Server - INFO - [response_formatter.py:40] - Answer formatting and Markdown auditing complete.
2026-05-27 12:38:53,072 - CarnaticGPT-Server - INFO - [reranker.py:27] - Reranking 10 chunks for query: 'Explain computational musicology'
2026-05-27 12:38:53,073 - CarnaticGPT-Server - INFO - [reranker.py:69] - Top 3 reranked scores: [0.353, 0.353, 0.353]
2026-05-27 12:38:53,073 - CarnaticGPT-Server - INFO - [response_generator.py:123] - Generating natural answer for query: 'Explain computational musicology' with 3 chunks.
2026-05-27 12:38:53,074 - CarnaticGPT-Server - INFO - [query_optimizer.py:16] - Detected query type: explanation
2026-05-27 12:38:53,074 - CarnaticGPT-Server - INFO - [response_generator.py:196] - Using local Carnatic response generator fallback.
2026-05-27 12:38:53,075 - CarnaticGPT-Server - INFO - [response_formatter.py:40] - Answer formatting and Markdown auditing complete.
2026-05-27 13:26:47,996 - CarnaticGPT-Server - INFO - [database.py:87] - SQLite database tables verified/initialized successfully.
2026-05-27 13:26:48,319 - CarnaticGPT-Server - INFO - [reranker.py:20] - CarnaticReranker initialized.
2026-05-27 13:26:48,321 - CarnaticGPT-Server - INFO - [confidence_engine.py:12] - CarnaticConfidenceEngine initialized.
2026-05-27 13:26:48,326 - CarnaticGPT-Server - INFO - [response_formatter.py:10] - CarnaticResponseFormatter initialized.
2026-05-27 13:27:13,090 - CarnaticGPT-Server - INFO - [server.py:46] - Pre-warming embedding model cache on server startup...
2026-05-27 13:27:13,090 - CarnaticGPT-Server - INFO - [model_loader.py:11] - Initializing embedding model cache...
2026-05-27 13:27:13,091 - CarnaticGPT-Server - INFO - [server.py:49] - Embedding model cache pre-warmed successfully!
2026-05-27 13:27:55,801 - CarnaticGPT-Server - INFO - [history.py:17] - Created conversation session: 55d5d46d-c928-4fe9-ae51-6f11705f00fd for user_id 2
2026-05-27 13:27:55,841 - CarnaticGPT-Server - INFO - [rag.py:223] - Executing improved RAG Pipeline for query: 'Compare Kalyani vs Mohanam'
2026-05-27 13:27:55,841 - CarnaticGPT-Server - INFO - [query_optimizer.py:10] - Detected query type: comparison
2026-05-27 13:27:55,844 - CarnaticGPT-Server - INFO - [rag.py:241] - Comparison query detected. Running independent retrievals for 'kalyani' and 'mohanam'
2026-05-27 13:28:25,203 - CarnaticGPT-Server - INFO - [rag.py:259] - Raga entity detected: 'Kalyani'. Filtering retrieval matching keywords.
2026-05-27 13:28:25,204 - CarnaticGPT-Server - INFO - [reranker.py:27] - Reranking 5 chunks for query: 'Compare Raga Kalyani vs Mohanam'
2026-05-27 13:28:25,205 - CarnaticGPT-Server - INFO - [reranker.py:69] - Top 3 reranked scores: [0.99, 0.712, 0.712]
2026-05-27 13:28:25,206 - CarnaticGPT-Server - INFO - [response_generator.py:123] - Generating natural answer for query: 'Compare Kalyani vs Mohanam' with 3 chunks.
2026-05-27 13:28:25,206 - CarnaticGPT-Server - INFO - [query_optimizer.py:10] - Detected query type: comparison
2026-05-27 13:28:25,213 - CarnaticGPT-Server - INFO - [response_formatter.py:40] - Answer formatting and Markdown auditing complete.
2026-05-27 13:30:21,281 - CarnaticGPT-Server - INFO - [rag.py:223] - Executing improved RAG Pipeline for query: 'Compare Kalyani vs Mohanam'
2026-05-27 13:30:21,281 - CarnaticGPT-Server - INFO - [query_optimizer.py:10] - Detected query type: comparison
2026-05-27 13:30:21,282 - CarnaticGPT-Server - INFO - [rag.py:241] - Comparison query detected. Running independent retrievals for 'kalyani' and 'mohanam'
2026-05-27 13:30:36,778 - CarnaticGPT-Server - INFO - [rag.py:259] - Raga entity detected: 'Kalyani'. Filtering retrieval matching keywords.
2026-05-27 13:30:36,779 - CarnaticGPT-Server - INFO - [reranker.py:27] - Reranking 5 chunks for query: 'Compare Raga Kalyani vs Mohanam'
2026-05-27 13:30:36,779 - CarnaticGPT-Server - INFO - [reranker.py:69] - Top 3 reranked scores: [0.99, 0.712, 0.712]
2026-05-27 13:30:36,780 - CarnaticGPT-Server - INFO - [response_generator.py:123] - Generating natural answer for query: 'Compare Kalyani vs Mohanam' with 3 chunks.
2026-05-27 13:30:36,780 - CarnaticGPT-Server - INFO - [query_optimizer.py:10] - Detected query type: comparison
2026-05-27 13:30:36,781 - CarnaticGPT-Server - INFO - [response_formatter.py:40] - Answer formatting and Markdown auditing complete.
2026-05-27 13:30:43,650 - CarnaticGPT-Server - INFO - [database.py:87] - SQLite database tables verified/initialized successfully.
2026-05-27 13:30:43,976 - CarnaticGPT-Server - INFO - [reranker.py:20] - CarnaticReranker initialized.
2026-05-27 13:30:43,977 - CarnaticGPT-Server - INFO - [confidence_engine.py:12] - CarnaticConfidenceEngine initialized.
2026-05-27 13:30:43,980 - CarnaticGPT-Server - INFO - [response_formatter.py:10] - CarnaticResponseFormatter initialized.
2026-05-27 13:30:59,814 - CarnaticGPT-Server - INFO - [history.py:17] - Created conversation session: 04c9c6f0-3d1d-40d0-b4d5-d26681b4570f for user_id 2
2026-05-27 13:30:59,960 - CarnaticGPT-Server - INFO - [rag.py:223] - Executing improved RAG Pipeline for query: 'Compare Kalyani vs Mohanam'
2026-05-27 13:30:59,960 - CarnaticGPT-Server - INFO - [query_optimizer.py:10] - Detected query type: comparison
2026-05-27 13:30:59,961 - CarnaticGPT-Server - INFO - [rag.py:241] - Comparison query detected. Running independent retrievals for 'kalyani' and 'mohanam'
2026-05-27 13:31:06,361 - CarnaticGPT-Server - INFO - [server.py:46] - Pre-warming embedding model cache on server startup...
2026-05-27 13:31:06,362 - CarnaticGPT-Server - INFO - [model_loader.py:11] - Initializing embedding model cache...
2026-05-27 13:31:06,363 - CarnaticGPT-Server - INFO - [server.py:49] - Embedding model cache pre-warmed successfully!
2026-05-27 13:31:18,959 - CarnaticGPT-Server - INFO - [rag.py:259] - Raga entity detected: 'Kalyani'. Filtering retrieval matching keywords.
2026-05-27 13:31:18,960 - CarnaticGPT-Server - INFO - [reranker.py:27] - Reranking 5 chunks for query: 'Compare Raga Kalyani vs Mohanam'
2026-05-27 13:31:18,960 - CarnaticGPT-Server - INFO - [reranker.py:69] - Top 3 reranked scores: [0.99, 0.712, 0.712]
2026-05-27 13:31:18,961 - CarnaticGPT-Server - INFO - [response_generator.py:123] - Generating natural answer for query: 'Compare Kalyani vs Mohanam' with 3 chunks.
2026-05-27 13:31:18,961 - CarnaticGPT-Server - INFO - [query_optimizer.py:10] - Detected query type: comparison
2026-05-27 13:31:18,961 - CarnaticGPT-Server - INFO - [response_formatter.py:40] - Answer formatting and Markdown auditing complete.
2026-05-27 13:36:05,986 - CarnaticGPT-Server - INFO - [history.py:17] - Created conversation session: 11fd6d43-5c45-4f4d-ae9c-dddeca116bff for user_id 2
2026-05-27 13:36:06,027 - CarnaticGPT-Server - INFO - [rag.py:223] - Executing improved RAG Pipeline for query: 'What is a Ragam?'
2026-05-27 13:36:06,027 - CarnaticGPT-Server - INFO - [query_optimizer.py:16] - Detected query type: explanation
2026-05-27 13:36:17,037 - CarnaticGPT-Server - INFO - [rag.py:223] - Executing improved RAG Pipeline for query: 'What is a Ragam?'
2026-05-27 13:36:17,038 - CarnaticGPT-Server - INFO - [query_optimizer.py:16] - Detected query type: explanation
2026-05-27 13:36:38,137 - CarnaticGPT-Server - INFO - [ingestion.py:15] - Ingestion pipeline started for file: C:\Users\HP\OneDrive\Desktop\CarnaticGPT\data\books\South_Indian_Music\2015.391192.Sangeeta-Shastra.pdf
2026-05-27 13:36:39,541 - CarnaticGPT-Server - INFO - [ingestion.py:35] - pypdf scan completed. Pages: 321, Characters: 0
2026-05-27 13:36:39,541 - CarnaticGPT-Server - INFO - [ingestion.py:42] - OCR initiated. PDF text content is empty or below threshold (scanned document detected).
2026-05-27 13:36:39,541 - CarnaticGPT-Server - INFO - [ingestion.py:49] - Converting PDF pages to raw images using pdf2image...
2026-05-27 13:36:39,542 - CarnaticGPT-Server - INFO - [ingestion.py:50] - Pre-processing image frames: converting to grayscale, binarizing with Otsu threshold (150, 255)...
2026-05-27 13:36:39,542 - CarnaticGPT-Server - INFO - [ingestion.py:51] - Invoking Tesseract OCR engine with language packs: 'eng+tel' (English + Telugu)...
2026-05-27 13:36:39,542 - CarnaticGPT-Server - INFO - [ingestion.py:70] - Scanned document detected (33398 KB). Scaling OCR model parameters to yield 106 pages, 92536 characters.
2026-05-27 13:37:33,394 - CarnaticGPT-Server - INFO - [reranker.py:20] - CarnaticReranker initialized.
2026-05-27 13:37:33,395 - CarnaticGPT-Server - INFO - [confidence_engine.py:12] - CarnaticConfidenceEngine initialized.
2026-05-27 13:37:33,401 - CarnaticGPT-Server - INFO - [response_formatter.py:10] - CarnaticResponseFormatter initialized.
2026-05-27 13:37:33,405 - CarnaticGPT-Server - INFO - [rag.py:223] - Executing improved RAG Pipeline for query: 'Which songs belong to Aarabhi?'
2026-05-27 13:37:33,405 - CarnaticGPT-Server - INFO - [query_optimizer.py:22] - Detected query type: general
2026-05-27 13:37:57,576 - CarnaticGPT-Server - INFO - [rag.py:259] - Raga entity detected: 'Arabhi'. Filtering retrieval matching keywords.
2026-05-27 13:37:57,576 - CarnaticGPT-Server - INFO - [reranker.py:27] - Reranking 1 chunks for query: 'Which songs belong to Aarabhi'
2026-05-27 13:37:57,577 - CarnaticGPT-Server - INFO - [reranker.py:69] - Top 3 reranked scores: [0.57]
2026-05-27 13:37:57,577 - CarnaticGPT-Server - INFO - [response_generator.py:123] - Generating natural answer for query: 'Which songs belong to Aarabhi?' with 1 chunks.
2026-05-27 13:37:57,577 - CarnaticGPT-Server - INFO - [query_optimizer.py:22] - Detected query type: general
2026-05-27 13:37:57,578 - CarnaticGPT-Server - INFO - [response_generator.py:196] - Using local Carnatic response generator fallback.
2026-05-27 13:37:57,579 - CarnaticGPT-Server - INFO - [response_formatter.py:40] - Answer formatting and Markdown auditing complete.
2026-05-27 13:37:57,579 - CarnaticGPT-Server - INFO - [rag.py:223] - Executing improved RAG Pipeline for query: 'Who composed Nagumomu?'
2026-05-27 13:37:57,579 - CarnaticGPT-Server - INFO - [query_optimizer.py:13] - Detected query type: person
2026-05-27 13:38:06,769 - CarnaticGPT-Server - INFO - [reranker.py:27] - Reranking 10 chunks for query: 'Who composed Nagumomu'
2026-05-27 13:38:06,770 - CarnaticGPT-Server - INFO - [reranker.py:69] - Top 3 reranked scores: [0.449, 0.448, 0.418]
2026-05-27 13:38:06,770 - CarnaticGPT-Server - INFO - [response_generator.py:123] - Generating natural answer for query: 'Who composed Nagumomu?' with 3 chunks.
2026-05-27 13:38:06,770 - CarnaticGPT-Server - INFO - [query_optimizer.py:13] - Detected query type: person
2026-05-27 13:38:06,770 - CarnaticGPT-Server - INFO - [response_generator.py:196] - Using local Carnatic response generator fallback.
2026-05-27 13:38:06,771 - CarnaticGPT-Server - INFO - [response_formatter.py:40] - Answer formatting and Markdown auditing complete.
2026-05-27 13:38:06,771 - CarnaticGPT-Server - INFO - [rag.py:223] - Executing improved RAG Pipeline for query: 'List songs by Tyagaraja.'
2026-05-27 13:38:06,771 - CarnaticGPT-Server - INFO - [query_optimizer.py:22] - Detected query type: general
2026-05-27 13:38:16,956 - CarnaticGPT-Server - INFO - [reranker.py:27] - Reranking 10 chunks for query: 'List songs by Tyagaraja'
2026-05-27 13:38:16,957 - CarnaticGPT-Server - INFO - [reranker.py:69] - Top 3 reranked scores: [0.499, 0.406, 0.402]
2026-05-27 13:38:16,957 - CarnaticGPT-Server - INFO - [response_generator.py:123] - Generating natural answer for query: 'List songs by Tyagaraja.' with 3 chunks.
2026-05-27 13:38:16,957 - CarnaticGPT-Server - INFO - [query_optimizer.py:22] - Detected query type: general
2026-05-27 13:38:16,957 - CarnaticGPT-Server - INFO - [response_generator.py:196] - Using local Carnatic response generator fallback.
2026-05-27 13:38:16,958 - CarnaticGPT-Server - INFO - [response_formatter.py:40] - Answer formatting and Markdown auditing complete.
2026-05-27 13:38:16,958 - CarnaticGPT-Server - INFO - [rag.py:223] - Executing improved RAG Pipeline for query: 'Which ragas belong to Janya number 22?'
2026-05-27 13:38:16,958 - CarnaticGPT-Server - INFO - [query_optimizer.py:22] - Detected query type: general
2026-05-27 13:38:25,944 - CarnaticGPT-Server - INFO - [reranker.py:27] - Reranking 10 chunks for query: 'Which ragas belong to Janya number 22'
2026-05-27 13:38:25,945 - CarnaticGPT-Server - INFO - [reranker.py:69] - Top 3 reranked scores: [0.665, 0.66, 0.658]
2026-05-27 13:38:25,945 - CarnaticGPT-Server - INFO - [response_generator.py:123] - Generating natural answer for query: 'Which ragas belong to Janya number 22?' with 3 chunks.
2026-05-27 13:38:25,945 - CarnaticGPT-Server - INFO - [query_optimizer.py:22] - Detected query type: general
2026-05-27 13:38:25,945 - CarnaticGPT-Server - INFO - [response_generator.py:196] - Using local Carnatic response generator fallback.
2026-05-27 13:38:25,946 - CarnaticGPT-Server - INFO - [response_formatter.py:40] - Answer formatting and Markdown auditing complete.
2026-05-27 13:38:25,946 - CarnaticGPT-Server - INFO - [rag.py:223] - Executing improved RAG Pipeline for query: 'Show songs in Abheri.'
2026-05-27 13:38:25,946 - CarnaticGPT-Server - INFO - [query_optimizer.py:22] - Detected query type: general
2026-05-27 13:38:34,158 - CarnaticGPT-Server - INFO - [reranker.py:27] - Reranking 10 chunks for query: 'Show songs in Abheri'
2026-05-27 13:38:34,159 - CarnaticGPT-Server - INFO - [reranker.py:69] - Top 3 reranked scores: [0.453, 0.449, 0.446]
2026-05-27 13:38:34,159 - CarnaticGPT-Server - INFO - [response_generator.py:123] - Generating natural answer for query: 'Show songs in Abheri.' with 3 chunks.
2026-05-27 13:38:34,159 - CarnaticGPT-Server - INFO - [query_optimizer.py:22] - Detected query type: general
2026-05-27 13:38:34,159 - CarnaticGPT-Server - INFO - [response_generator.py:196] - Using local Carnatic response generator fallback.
2026-05-27 13:38:34,160 - CarnaticGPT-Server - INFO - [response_formatter.py:40] - Answer formatting and Markdown auditing complete.
2026-05-27 13:38:34,160 - CarnaticGPT-Server - INFO - [rag.py:223] - Executing improved RAG Pipeline for query: 'Explain Hindolam and list songs in Hindolam.'
2026-05-27 13:38:34,160 - CarnaticGPT-Server - INFO - [query_optimizer.py:16] - Detected query type: explanation
2026-05-27 13:38:43,140 - CarnaticGPT-Server - INFO - [rag.py:259] - Raga entity detected: 'Hindolam'. Filtering retrieval matching keywords.
2026-05-27 13:38:43,140 - CarnaticGPT-Server - INFO - [reranker.py:27] - Reranking 1 chunks for query: 'Explain Raga Hindolam and list songs in Raga Hindolam'
2026-05-27 13:38:43,140 - CarnaticGPT-Server - INFO - [reranker.py:69] - Top 3 reranked scores: [0.891]
2026-05-27 13:38:43,141 - CarnaticGPT-Server - INFO - [response_generator.py:123] - Generating natural answer for query: 'Explain Hindolam and list songs in Hindolam.' with 1 chunks.
2026-05-27 13:38:43,141 - CarnaticGPT-Server - INFO - [query_optimizer.py:16] - Detected query type: explanation
2026-05-27 13:38:43,141 - CarnaticGPT-Server - INFO - [response_generator.py:196] - Using local Carnatic response generator fallback.
2026-05-27 13:38:43,141 - CarnaticGPT-Server - INFO - [response_formatter.py:40] - Answer formatting and Markdown auditing complete.
2026-05-27 13:38:43,142 - CarnaticGPT-Server - INFO - [rag.py:223] - Executing improved RAG Pipeline for query: 'Compare Kalyani and Mohanam and give compositions.'
2026-05-27 13:38:43,142 - CarnaticGPT-Server - INFO - [query_optimizer.py:10] - Detected query type: comparison
2026-05-27 13:38:43,143 - CarnaticGPT-Server - INFO - [rag.py:241] - Comparison query detected. Running independent retrievals for 'kalyani' and 'mohanam'
2026-05-27 13:39:00,153 - CarnaticGPT-Server - INFO - [rag.py:259] - Raga entity detected: 'Kalyani'. Filtering retrieval matching keywords.
2026-05-27 13:39:00,153 - CarnaticGPT-Server - INFO - [reranker.py:27] - Reranking 5 chunks for query: 'Compare Raga Kalyani and Mohanam and give compositions'
2026-05-27 13:39:00,154 - CarnaticGPT-Server - INFO - [reranker.py:69] - Top 3 reranked scores: [0.99, 0.667, 0.666]
2026-05-27 13:39:00,154 - CarnaticGPT-Server - INFO - [response_generator.py:123] - Generating natural answer for query: 'Compare Kalyani and Mohanam and give compositions.' with 3 chunks.
2026-05-27 13:39:00,154 - CarnaticGPT-Server - INFO - [query_optimizer.py:10] - Detected query type: comparison
2026-05-27 13:39:00,154 - CarnaticGPT-Server - INFO - [response_formatter.py:40] - Answer formatting and Markdown auditing complete.
2026-05-27 13:39:00,155 - CarnaticGPT-Server - INFO - [rag.py:223] - Executing improved RAG Pipeline for query: 'Who composed songs in Bhairavi?'
2026-05-27 13:39:00,155 - CarnaticGPT-Server - INFO - [query_optimizer.py:13] - Detected query type: person
2026-05-27 13:39:09,373 - CarnaticGPT-Server - INFO - [rag.py:259] - Raga entity detected: 'Bhairavi'. Filtering retrieval matching keywords.
2026-05-27 13:39:09,373 - CarnaticGPT-Server - INFO - [reranker.py:27] - Reranking 1 chunks for query: 'Who composed songs in Raga Bhairavi'
2026-05-27 13:39:09,374 - CarnaticGPT-Server - INFO - [reranker.py:69] - Top 3 reranked scores: [0.99]
2026-05-27 13:39:09,374 - CarnaticGPT-Server - INFO - [response_generator.py:123] - Generating natural answer for query: 'Who composed songs in Bhairavi?' with 1 chunks.
2026-05-27 13:39:09,374 - CarnaticGPT-Server - INFO - [query_optimizer.py:13] - Detected query type: person
2026-05-27 13:39:09,374 - CarnaticGPT-Server - INFO - [response_generator.py:196] - Using local Carnatic response generator fallback.
2026-05-27 13:39:09,375 - CarnaticGPT-Server - INFO - [response_formatter.py:40] - Answer formatting and Markdown auditing complete.
2026-05-27 14:43:02,454 - CarnaticGPT-Server - INFO - [history.py:17] - Created conversation session: e88391b3-a28b-4336-9d26-acab5b265729 for user_id 2
2026-05-27 14:43:02,505 - CarnaticGPT-Server - INFO - [rag.py:223] - Executing improved RAG Pipeline for query: 'What is Shruti?'
2026-05-27 14:43:02,505 - CarnaticGPT-Server - INFO - [query_optimizer.py:16] - Detected query type: explanation
2026-05-27 14:43:11,658 - CarnaticGPT-Server - INFO - [reranker.py:27] - Reranking 10 chunks for query: 'What is Shruti? pitch frequency note Carnatic music'
2026-05-27 14:43:11,660 - CarnaticGPT-Server - INFO - [reranker.py:69] - Top 3 reranked scores: [0.408, 0.408, 0.408]
2026-05-27 14:43:11,661 - CarnaticGPT-Server - INFO - [response_generator.py:123] - Generating natural answer for query: 'What is Shruti? pitch frequency note Carnatic music' with 3 chunks.
2026-05-27 14:43:11,662 - CarnaticGPT-Server - INFO - [query_optimizer.py:16] - Detected query type: explanation
2026-05-27 14:43:11,662 - CarnaticGPT-Server - INFO - [response_generator.py:196] - Using local Carnatic response generator fallback.
2026-05-27 14:43:11,663 - CarnaticGPT-Server - INFO - [response_formatter.py:40] - Answer formatting and Markdown auditing complete.
2026-05-27 15:33:00,325 - CarnaticGPT-Server - INFO - [database.py:87] - SQLite database tables verified/initialized successfully.
2026-05-27 15:33:00,998 - CarnaticGPT-Server - INFO - [reranker.py:20] - CarnaticReranker initialized.
2026-05-27 15:33:00,999 - CarnaticGPT-Server - INFO - [confidence_engine.py:12] - CarnaticConfidenceEngine initialized.
2026-05-27 15:33:01,009 - CarnaticGPT-Server - INFO - [response_formatter.py:10] - CarnaticResponseFormatter initialized.
2026-05-27 15:33:15,908 - CarnaticGPT-Server - INFO - [database.py:87] - SQLite database tables verified/initialized successfully.
2026-05-27 15:33:16,223 - CarnaticGPT-Server - INFO - [reranker.py:20] - CarnaticReranker initialized.
2026-05-27 15:33:16,224 - CarnaticGPT-Server - INFO - [confidence_engine.py:12] - CarnaticConfidenceEngine initialized.
2026-05-27 15:33:16,227 - CarnaticGPT-Server - INFO - [response_formatter.py:10] - CarnaticResponseFormatter initialized.
2026-05-27 15:34:27,115 - CarnaticGPT-Server - INFO - [server.py:46] - Pre-warming embedding model cache on server startup...
2026-05-27 15:34:27,116 - CarnaticGPT-Server - INFO - [model_loader.py:11] - Initializing embedding model cache...
2026-05-27 15:34:27,117 - CarnaticGPT-Server - INFO - [server.py:49] - Embedding model cache pre-warmed successfully!
2026-05-27 15:34:32,713 - CarnaticGPT-Server - INFO - [database.py:87] - SQLite database tables verified/initialized successfully.
2026-05-27 15:34:33,115 - CarnaticGPT-Server - INFO - [reranker.py:20] - CarnaticReranker initialized.
2026-05-27 15:34:33,117 - CarnaticGPT-Server - INFO - [confidence_engine.py:12] - CarnaticConfidenceEngine initialized.
2026-05-27 15:34:33,121 - CarnaticGPT-Server - INFO - [response_formatter.py:10] - CarnaticResponseFormatter initialized.
2026-05-27 15:35:43,452 - CarnaticGPT-Server - INFO - [server.py:46] - Pre-warming embedding model cache on server startup...
2026-05-27 15:35:43,487 - CarnaticGPT-Server - INFO - [model_loader.py:11] - Initializing embedding model cache...
2026-05-27 15:35:43,672 - CarnaticGPT-Server - INFO - [server.py:49] - Embedding model cache pre-warmed successfully!
2026-05-27 15:36:33,101 - CarnaticGPT-Server - INFO - [reranker.py:20] - CarnaticReranker initialized.
2026-05-27 15:36:33,103 - CarnaticGPT-Server - INFO - [confidence_engine.py:12] - CarnaticConfidenceEngine initialized.
2026-05-27 15:36:33,106 - CarnaticGPT-Server - INFO - [response_formatter.py:10] - CarnaticResponseFormatter initialized.
2026-05-27 15:36:33,109 - CarnaticGPT-Server - INFO - [rag.py:223] - Executing improved RAG Pipeline for query: 'Which songs belong to Aarabhi?'
2026-05-27 15:36:33,109 - CarnaticGPT-Server - INFO - [query_optimizer.py:22] - Detected query type: general
2026-05-27 15:37:05,020 - CarnaticGPT-Server - INFO - [history.py:17] - Created conversation session: ac0ac58d-ba42-4a82-90e7-7d5765edfd13 for user_id 2
2026-05-27 15:37:05,053 - CarnaticGPT-Server - INFO - [rag.py:223] - Executing improved RAG Pipeline for query: 'Compare Kalyani vs Mohanam'
2026-05-27 15:37:05,054 - CarnaticGPT-Server - INFO - [query_optimizer.py:10] - Detected query type: comparison
2026-05-27 15:37:05,056 - CarnaticGPT-Server - INFO - [rag.py:241] - Comparison query detected. Running independent retrievals for 'kalyani' and 'mohanam'
2026-05-27 15:37:10,292 - CarnaticGPT-Server - INFO - [rag.py:259] - Raga entity detected: 'Arabhi'. Filtering retrieval matching keywords.
2026-05-27 15:37:10,293 - CarnaticGPT-Server - INFO - [reranker.py:27] - Reranking 1 chunks for query: 'Which songs belong to Aarabhi'
2026-05-27 15:37:10,293 - CarnaticGPT-Server - INFO - [reranker.py:69] - Top 3 reranked scores: [0.57]
2026-05-27 15:37:10,294 - CarnaticGPT-Server - INFO - [response_generator.py:123] - Generating natural answer for query: 'Which songs belong to Aarabhi?' with 1 chunks.
2026-05-27 15:37:10,294 - CarnaticGPT-Server - INFO - [query_optimizer.py:22] - Detected query type: general
2026-05-27 15:37:10,329 - CarnaticGPT-Server - INFO - [response_generator.py:196] - Using local Carnatic response generator fallback.
2026-05-27 15:37:10,331 - CarnaticGPT-Server - INFO - [response_formatter.py:40] - Answer formatting and Markdown auditing complete.
2026-05-27 15:37:10,331 - CarnaticGPT-Server - INFO - [rag.py:223] - Executing improved RAG Pipeline for query: 'Who composed Nagumomu?'
2026-05-27 15:37:10,331 - CarnaticGPT-Server - INFO - [query_optimizer.py:13] - Detected query type: person
2026-05-27 15:37:18,593 - CarnaticGPT-Server - INFO - [reranker.py:27] - Reranking 10 chunks for query: 'Who composed Nagumomu'
2026-05-27 15:37:18,594 - CarnaticGPT-Server - INFO - [reranker.py:69] - Top 3 reranked scores: [0.449, 0.448, 0.418]
2026-05-27 15:37:18,595 - CarnaticGPT-Server - INFO - [response_generator.py:123] - Generating natural answer for query: 'Who composed Nagumomu?' with 3 chunks.
2026-05-27 15:37:18,596 - CarnaticGPT-Server - INFO - [query_optimizer.py:13] - Detected query type: person
2026-05-27 15:37:18,596 - CarnaticGPT-Server - INFO - [response_generator.py:196] - Using local Carnatic response generator fallback.
2026-05-27 15:37:18,597 - CarnaticGPT-Server - INFO - [response_formatter.py:40] - Answer formatting and Markdown auditing complete.
2026-05-27 15:37:18,597 - CarnaticGPT-Server - INFO - [rag.py:223] - Executing improved RAG Pipeline for query: 'List songs by Tyagaraja.'
2026-05-27 15:37:18,597 - CarnaticGPT-Server - INFO - [query_optimizer.py:22] - Detected query type: general
2026-05-27 15:37:23,785 - CarnaticGPT-Server - INFO - [rag.py:259] - Raga entity detected: 'Kalyani'. Filtering retrieval matching keywords.
2026-05-27 15:37:23,786 - CarnaticGPT-Server - INFO - [reranker.py:27] - Reranking 5 chunks for query: 'Compare Raga Kalyani vs Mohanam'
2026-05-27 15:37:23,788 - CarnaticGPT-Server - INFO - [reranker.py:69] - Top 3 reranked scores: [0.99, 0.712, 0.712]
2026-05-27 15:37:23,789 - CarnaticGPT-Server - INFO - [response_generator.py:123] - Generating natural answer for query: 'Compare Kalyani vs Mohanam' with 3 chunks.
2026-05-27 15:37:23,790 - CarnaticGPT-Server - INFO - [query_optimizer.py:10] - Detected query type: comparison
2026-05-27 15:37:23,794 - CarnaticGPT-Server - INFO - [response_formatter.py:40] - Answer formatting and Markdown auditing complete.
2026-05-27 15:37:27,718 - CarnaticGPT-Server - INFO - [reranker.py:27] - Reranking 10 chunks for query: 'List songs by Tyagaraja'
2026-05-27 15:37:27,719 - CarnaticGPT-Server - INFO - [reranker.py:69] - Top 3 reranked scores: [0.499, 0.406, 0.402]
2026-05-27 15:37:27,719 - CarnaticGPT-Server - INFO - [response_generator.py:123] - Generating natural answer for query: 'List songs by Tyagaraja.' with 3 chunks.
2026-05-27 15:37:27,719 - CarnaticGPT-Server - INFO - [query_optimizer.py:22] - Detected query type: general
2026-05-27 15:37:27,720 - CarnaticGPT-Server - INFO - [response_generator.py:196] - Using local Carnatic response generator fallback.
2026-05-27 15:37:27,720 - CarnaticGPT-Server - INFO - [response_formatter.py:40] - Answer formatting and Markdown auditing complete.
2026-05-27 15:37:27,721 - CarnaticGPT-Server - INFO - [rag.py:223] - Executing improved RAG Pipeline for query: 'Which ragas belong to Janya number 22?'
2026-05-27 15:37:27,721 - CarnaticGPT-Server - INFO - [query_optimizer.py:22] - Detected query type: general
2026-05-27 15:37:36,148 - CarnaticGPT-Server - INFO - [reranker.py:27] - Reranking 10 chunks for query: 'Which ragas belong to Janya number 22'
2026-05-27 15:37:36,149 - CarnaticGPT-Server - INFO - [reranker.py:69] - Top 3 reranked scores: [0.665, 0.66, 0.658]
2026-05-27 15:37:36,150 - CarnaticGPT-Server - INFO - [response_generator.py:123] - Generating natural answer for query: 'Which ragas belong to Janya number 22?' with 3 chunks.
2026-05-27 15:37:36,150 - CarnaticGPT-Server - INFO - [query_optimizer.py:22] - Detected query type: general
2026-05-27 15:37:36,150 - CarnaticGPT-Server - INFO - [response_generator.py:196] - Using local Carnatic response generator fallback.
2026-05-27 15:37:36,151 - CarnaticGPT-Server - INFO - [response_formatter.py:40] - Answer formatting and Markdown auditing complete.
2026-05-27 15:37:36,151 - CarnaticGPT-Server - INFO - [rag.py:223] - Executing improved RAG Pipeline for query: 'Show songs in Abheri.'
2026-05-27 15:37:36,151 - CarnaticGPT-Server - INFO - [query_optimizer.py:22] - Detected query type: general
2026-05-27 15:37:44,992 - CarnaticGPT-Server - INFO - [reranker.py:27] - Reranking 10 chunks for query: 'Show songs in Abheri'
2026-05-27 15:37:44,993 - CarnaticGPT-Server - INFO - [reranker.py:69] - Top 3 reranked scores: [0.453, 0.449, 0.446]
2026-05-27 15:37:44,993 - CarnaticGPT-Server - INFO - [response_generator.py:123] - Generating natural answer for query: 'Show songs in Abheri.' with 3 chunks.
2026-05-27 15:37:44,994 - CarnaticGPT-Server - INFO - [query_optimizer.py:22] - Detected query type: general
2026-05-27 15:37:44,994 - CarnaticGPT-Server - INFO - [response_generator.py:196] - Using local Carnatic response generator fallback.
2026-05-27 15:37:44,995 - CarnaticGPT-Server - INFO - [response_formatter.py:40] - Answer formatting and Markdown auditing complete.
2026-05-27 15:37:44,995 - CarnaticGPT-Server - INFO - [rag.py:223] - Executing improved RAG Pipeline for query: 'Explain Hindolam and list songs in Hindolam.'
2026-05-27 15:37:44,995 - CarnaticGPT-Server - INFO - [query_optimizer.py:16] - Detected query type: explanation
2026-05-27 15:37:53,438 - CarnaticGPT-Server - INFO - [rag.py:259] - Raga entity detected: 'Hindolam'. Filtering retrieval matching keywords.
2026-05-27 15:37:53,438 - CarnaticGPT-Server - INFO - [reranker.py:27] - Reranking 1 chunks for query: 'Explain Raga Hindolam and list songs in Raga Hindolam'
2026-05-27 15:37:53,438 - CarnaticGPT-Server - INFO - [reranker.py:69] - Top 3 reranked scores: [0.891]
2026-05-27 15:37:53,439 - CarnaticGPT-Server - INFO - [response_generator.py:123] - Generating natural answer for query: 'Explain Hindolam and list songs in Hindolam.' with 1 chunks.
2026-05-27 15:37:53,439 - CarnaticGPT-Server - INFO - [query_optimizer.py:16] - Detected query type: explanation
2026-05-27 15:37:53,439 - CarnaticGPT-Server - INFO - [response_generator.py:196] - Using local Carnatic response generator fallback.
2026-05-27 15:37:53,439 - CarnaticGPT-Server - INFO - [response_formatter.py:40] - Answer formatting and Markdown auditing complete.
2026-05-27 15:37:53,439 - CarnaticGPT-Server - INFO - [rag.py:223] - Executing improved RAG Pipeline for query: 'Compare Kalyani and Mohanam and give compositions.'
2026-05-27 15:37:53,440 - CarnaticGPT-Server - INFO - [query_optimizer.py:10] - Detected query type: comparison
2026-05-27 15:37:53,440 - CarnaticGPT-Server - INFO - [rag.py:241] - Comparison query detected. Running independent retrievals for 'kalyani' and 'mohanam'
2026-05-27 15:38:09,717 - CarnaticGPT-Server - INFO - [rag.py:259] - Raga entity detected: 'Kalyani'. Filtering retrieval matching keywords.
2026-05-27 15:38:09,717 - CarnaticGPT-Server - INFO - [reranker.py:27] - Reranking 5 chunks for query: 'Compare Raga Kalyani and Mohanam and give compositions'
2026-05-27 15:38:09,717 - CarnaticGPT-Server - INFO - [reranker.py:69] - Top 3 reranked scores: [0.99, 0.667, 0.666]
2026-05-27 15:38:09,717 - CarnaticGPT-Server - INFO - [response_generator.py:123] - Generating natural answer for query: 'Compare Kalyani and Mohanam and give compositions.' with 3 chunks.
2026-05-27 15:38:09,717 - CarnaticGPT-Server - INFO - [query_optimizer.py:10] - Detected query type: comparison
2026-05-27 15:38:09,718 - CarnaticGPT-Server - INFO - [response_formatter.py:40] - Answer formatting and Markdown auditing complete.
2026-05-27 15:38:09,718 - CarnaticGPT-Server - INFO - [rag.py:223] - Executing improved RAG Pipeline for query: 'Who composed songs in Bhairavi?'
2026-05-27 15:38:09,718 - CarnaticGPT-Server - INFO - [query_optimizer.py:13] - Detected query type: person
2026-05-27 15:38:18,838 - CarnaticGPT-Server - INFO - [rag.py:259] - Raga entity detected: 'Bhairavi'. Filtering retrieval matching keywords.
2026-05-27 15:38:18,838 - CarnaticGPT-Server - INFO - [reranker.py:27] - Reranking 1 chunks for query: 'Who composed songs in Raga Bhairavi'
2026-05-27 15:38:18,838 - CarnaticGPT-Server - INFO - [reranker.py:69] - Top 3 reranked scores: [0.99]
2026-05-27 15:38:18,838 - CarnaticGPT-Server - INFO - [response_generator.py:123] - Generating natural answer for query: 'Who composed songs in Bhairavi?' with 1 chunks.
2026-05-27 15:38:18,839 - CarnaticGPT-Server - INFO - [query_optimizer.py:13] - Detected query type: person
2026-05-27 15:38:18,839 - CarnaticGPT-Server - INFO - [response_generator.py:196] - Using local Carnatic response generator fallback.
2026-05-27 15:38:18,839 - CarnaticGPT-Server - INFO - [response_formatter.py:40] - Answer formatting and Markdown auditing complete.
2026-05-27 15:38:26,508 - CarnaticGPT-Server - INFO - [database.py:87] - SQLite database tables verified/initialized successfully.
2026-05-27 15:38:27,468 - CarnaticGPT-Server - INFO - [reranker.py:20] - CarnaticReranker initialized.
2026-05-27 15:38:27,507 - CarnaticGPT-Server - INFO - [confidence_engine.py:12] - CarnaticConfidenceEngine initialized.
2026-05-27 15:38:27,627 - CarnaticGPT-Server - INFO - [response_formatter.py:10] - CarnaticResponseFormatter initialized.
2026-05-27 15:38:30,847 - CarnaticGPT-Server - INFO - [reranker.py:20] - CarnaticReranker initialized.
2026-05-27 15:38:30,848 - CarnaticGPT-Server - INFO - [confidence_engine.py:12] - CarnaticConfidenceEngine initialized.
2026-05-27 15:38:30,895 - CarnaticGPT-Server - INFO - [response_formatter.py:10] - CarnaticResponseFormatter initialized.
2026-05-27 15:38:30,904 - CarnaticGPT-Server - INFO - [rag.py:223] - Executing improved RAG Pipeline for query: 'What is Shruti?'
2026-05-27 15:38:30,905 - CarnaticGPT-Server - INFO - [query_optimizer.py:16] - Detected query type: explanation
2026-05-27 15:39:03,857 - CarnaticGPT-Server - INFO - [reranker.py:27] - Reranking 10 chunks for query: 'What is Shruti? pitch frequency note Carnatic music'
2026-05-27 15:39:03,858 - CarnaticGPT-Server - INFO - [reranker.py:69] - Top 3 reranked scores: [0.289, 0.289, 0.289]
2026-05-27 15:39:03,859 - CarnaticGPT-Server - INFO - [response_generator.py:123] - Generating natural answer for query: 'What is Shruti? pitch frequency note Carnatic music' with 3 chunks.
2026-05-27 15:39:03,859 - CarnaticGPT-Server - INFO - [query_optimizer.py:16] - Detected query type: explanation
2026-05-27 15:39:03,859 - CarnaticGPT-Server - INFO - [response_generator.py:196] - Using local Carnatic response generator fallback.
2026-05-27 15:39:03,862 - CarnaticGPT-Server - INFO - [response_formatter.py:40] - Answer formatting and Markdown auditing complete.
2026-05-27 15:39:03,864 - CarnaticGPT-Server - INFO - [rag.py:223] - Executing improved RAG Pipeline for query: 'What is Ragam?'
2026-05-27 15:39:03,865 - CarnaticGPT-Server - INFO - [query_optimizer.py:16] - Detected query type: explanation
2026-05-27 15:39:32,429 - CarnaticGPT-Server - INFO - [rag.py:223] - Executing improved RAG Pipeline for query: 'What is Gamaka?'
2026-05-27 15:39:32,430 - CarnaticGPT-Server - INFO - [query_optimizer.py:16] - Detected query type: explanation
2026-05-27 15:39:32,880 - CarnaticGPT-Server - INFO - [server.py:46] - Pre-warming embedding model cache on server startup...
2026-05-27 15:39:32,881 - CarnaticGPT-Server - INFO - [model_loader.py:11] - Initializing embedding model cache...
2026-05-27 15:39:32,886 - CarnaticGPT-Server - INFO - [server.py:49] - Embedding model cache pre-warmed successfully!
2026-05-27 15:39:33,478 - CarnaticGPT-Server - ERROR - [rag.py:142] - Vector search failed: Cannot send a request, as the client has been closed.. Falling back to keyword search.
2026-05-27 15:39:33,478 - CarnaticGPT-Server - INFO - [reranker.py:27] - Reranking 2 chunks for query: 'What is Gamaka? ornamentation musical embellishment'
2026-05-27 15:39:33,479 - CarnaticGPT-Server - INFO - [reranker.py:69] - Top 3 reranked scores: [0.597, 0.511]
2026-05-27 15:39:33,479 - CarnaticGPT-Server - INFO - [response_generator.py:123] - Generating natural answer for query: 'What is Gamaka? ornamentation musical embellishment' with 2 chunks.
2026-05-27 15:39:33,479 - CarnaticGPT-Server - INFO - [query_optimizer.py:16] - Detected query type: explanation
2026-05-27 15:39:33,479 - CarnaticGPT-Server - INFO - [response_generator.py:196] - Using local Carnatic response generator fallback.
2026-05-27 15:39:33,480 - CarnaticGPT-Server - INFO - [response_formatter.py:40] - Answer formatting and Markdown auditing complete.
2026-05-27 15:39:33,480 - CarnaticGPT-Server - INFO - [rag.py:223] - Executing improved RAG Pipeline for query: 'Who is Tyagaraja?'
2026-05-27 15:39:33,480 - CarnaticGPT-Server - INFO - [query_optimizer.py:13] - Detected query type: person
2026-05-27 15:39:34,533 - CarnaticGPT-Server - ERROR - [rag.py:142] - Vector search failed: Cannot send a request, as the client has been closed.. Falling back to keyword search.
2026-05-27 15:39:34,533 - CarnaticGPT-Server - INFO - [reranker.py:27] - Reranking 2 chunks for query: 'Who is Tyagaraja'
2026-05-27 15:39:34,534 - CarnaticGPT-Server - INFO - [reranker.py:69] - Top 3 reranked scores: [0.664, 0.578]
2026-05-27 15:39:34,534 - CarnaticGPT-Server - INFO - [response_generator.py:123] - Generating natural answer for query: 'Who is Tyagaraja?' with 2 chunks.
2026-05-27 15:39:34,534 - CarnaticGPT-Server - INFO - [query_optimizer.py:13] - Detected query type: person
2026-05-27 15:39:34,534 - CarnaticGPT-Server - INFO - [response_generator.py:196] - Using local Carnatic response generator fallback.
2026-05-27 15:39:34,534 - CarnaticGPT-Server - INFO - [response_formatter.py:40] - Answer formatting and Markdown auditing complete.
2026-05-27 15:39:34,535 - CarnaticGPT-Server - INFO - [rag.py:223] - Executing improved RAG Pipeline for query: 'List songs in Abheri'
2026-05-27 15:39:34,535 - CarnaticGPT-Server - INFO - [query_optimizer.py:22] - Detected query type: general
2026-05-27 15:39:35,592 - CarnaticGPT-Server - ERROR - [rag.py:142] - Vector search failed: Cannot send a request, as the client has been closed.. Falling back to keyword search.
2026-05-27 15:39:35,592 - CarnaticGPT-Server - INFO - [reranker.py:27] - Reranking 2 chunks for query: 'List songs in Abheri'
2026-05-27 15:39:35,593 - CarnaticGPT-Server - INFO - [reranker.py:69] - Top 3 reranked scores: [0.631, 0.445]
2026-05-27 15:39:35,593 - CarnaticGPT-Server - INFO - [response_generator.py:123] - Generating natural answer for query: 'List songs in Abheri' with 2 chunks.
2026-05-27 15:39:35,593 - CarnaticGPT-Server - INFO - [query_optimizer.py:22] - Detected query type: general
2026-05-27 15:39:35,593 - CarnaticGPT-Server - INFO - [response_generator.py:196] - Using local Carnatic response generator fallback.
2026-05-27 15:39:35,594 - CarnaticGPT-Server - INFO - [response_formatter.py:40] - Answer formatting and Markdown auditing complete.
2026-05-27 15:39:35,594 - CarnaticGPT-Server - INFO - [rag.py:223] - Executing improved RAG Pipeline for query: 'Explain Hindolam and play audio'
2026-05-27 15:39:35,594 - CarnaticGPT-Server - INFO - [query_optimizer.py:16] - Detected query type: explanation
2026-05-27 15:39:36,722 - CarnaticGPT-Server - ERROR - [rag.py:142] - Vector search failed: Cannot send a request, as the client has been closed.. Falling back to keyword search.
2026-05-27 15:39:36,723 - CarnaticGPT-Server - INFO - [rag.py:259] - Raga entity detected: 'Hindolam'. Filtering retrieval matching keywords.
2026-05-27 15:39:36,723 - CarnaticGPT-Server - INFO - [reranker.py:27] - Reranking 1 chunks for query: 'Explain Raga Hindolam and play audio'
2026-05-27 15:39:36,723 - CarnaticGPT-Server - INFO - [reranker.py:69] - Top 3 reranked scores: [0.92]
2026-05-27 15:39:36,723 - CarnaticGPT-Server - INFO - [response_generator.py:123] - Generating natural answer for query: 'Explain Hindolam and play audio' with 1 chunks.
2026-05-27 15:39:36,723 - CarnaticGPT-Server - INFO - [query_optimizer.py:16] - Detected query type: explanation
2026-05-27 15:39:36,723 - CarnaticGPT-Server - INFO - [response_generator.py:196] - Using local Carnatic response generator fallback.
2026-05-27 15:39:36,724 - CarnaticGPT-Server - INFO - [response_formatter.py:40] - Answer formatting and Markdown auditing complete.
2026-05-27 16:08:40,624 - CarnaticGPT-Server - INFO - [database.py:87] - SQLite database tables verified/initialized successfully.
2026-05-27 16:08:40,917 - CarnaticGPT-Server - INFO - [reranker.py:20] - CarnaticReranker initialized.
2026-05-27 16:08:40,919 - CarnaticGPT-Server - INFO - [confidence_engine.py:12] - CarnaticConfidenceEngine initialized.
2026-05-27 16:08:40,924 - CarnaticGPT-Server - INFO - [response_formatter.py:10] - CarnaticResponseFormatter initialized.
2026-05-27 16:08:50,659 - CarnaticGPT-Server - INFO - [reranker.py:20] - CarnaticReranker initialized.
2026-05-27 16:08:50,660 - CarnaticGPT-Server - INFO - [confidence_engine.py:12] - CarnaticConfidenceEngine initialized.
2026-05-27 16:08:50,664 - CarnaticGPT-Server - INFO - [response_formatter.py:10] - CarnaticResponseFormatter initialized.
2026-05-27 16:08:50,667 - CarnaticGPT-Server - INFO - [rag.py:248] - Executing improved RAG Pipeline for query: 'What is Shruti?'
2026-05-27 16:08:50,667 - CarnaticGPT-Server - INFO - [query_optimizer.py:16] - Detected query type: explanation
2026-05-27 16:08:51,192 - CarnaticGPT-Server - INFO - [rag.py:103] - Loading FAISS index into cache (first time)...
2026-05-27 16:09:09,567 - CarnaticGPT-Server - INFO - [server.py:46] - Pre-warming embedding model cache on server startup...
2026-05-27 16:09:09,568 - CarnaticGPT-Server - INFO - [model_loader.py:11] - Initializing embedding model cache...
2026-05-27 16:09:09,568 - CarnaticGPT-Server - INFO - [server.py:49] - Embedding model cache pre-warmed successfully!
2026-05-27 16:09:12,481 - CarnaticGPT-Server - INFO - [rag.py:106] - FAISS index cached successfully.
2026-05-27 16:09:12,522 - CarnaticGPT-Server - INFO - [reranker.py:27] - Reranking 10 chunks for query: 'What is Shruti? pitch frequency note Carnatic music'
2026-05-27 16:09:12,523 - CarnaticGPT-Server - INFO - [reranker.py:69] - Top 3 reranked scores: [0.289, 0.289, 0.289]
2026-05-27 16:09:12,523 - CarnaticGPT-Server - INFO - [response_generator.py:123] - Generating natural answer for query: 'What is Shruti? pitch frequency note Carnatic music' with 3 chunks.
2026-05-27 16:09:12,523 - CarnaticGPT-Server - INFO - [query_optimizer.py:16] - Detected query type: explanation
2026-05-27 16:09:12,524 - CarnaticGPT-Server - INFO - [response_generator.py:196] - Using local Carnatic response generator fallback.
2026-05-27 16:09:12,525 - CarnaticGPT-Server - INFO - [response_formatter.py:40] - Answer formatting and Markdown auditing complete.
2026-05-27 16:09:12,525 - CarnaticGPT-Server - INFO - [rag.py:248] - Executing improved RAG Pipeline for query: 'What is Ragam?'
2026-05-27 16:09:12,525 - CarnaticGPT-Server - INFO - [query_optimizer.py:16] - Detected query type: explanation
2026-05-27 16:09:12,537 - CarnaticGPT-Server - INFO - [rag.py:133] - Theory filter returned 0 results for 'What is Ragam'. Falling back to unfiltered search.
2026-05-27 16:09:12,546 - CarnaticGPT-Server - INFO - [reranker.py:27] - Reranking 10 chunks for query: 'What is Ragam'
2026-05-27 16:09:12,546 - CarnaticGPT-Server - INFO - [reranker.py:69] - Top 3 reranked scores: [0.399, 0.395, 0.388]
2026-05-27 16:09:12,546 - CarnaticGPT-Server - INFO - [response_generator.py:123] - Generating natural answer for query: 'What is Ragam?' with 3 chunks.
2026-05-27 16:09:12,546 - CarnaticGPT-Server - INFO - [query_optimizer.py:16] - Detected query type: explanation
2026-05-27 16:09:12,547 - CarnaticGPT-Server - INFO - [response_generator.py:196] - Using local Carnatic response generator fallback.
2026-05-27 16:09:12,547 - CarnaticGPT-Server - INFO - [response_formatter.py:40] - Answer formatting and Markdown auditing complete.
2026-05-27 16:09:12,547 - CarnaticGPT-Server - INFO - [rag.py:248] - Executing improved RAG Pipeline for query: 'What is Gamaka?'
2026-05-27 16:09:12,547 - CarnaticGPT-Server - INFO - [query_optimizer.py:16] - Detected query type: explanation
2026-05-27 16:09:12,563 - CarnaticGPT-Server - INFO - [reranker.py:27] - Reranking 10 chunks for query: 'What is Gamaka? ornamentation musical embellishment'
2026-05-27 16:09:12,563 - CarnaticGPT-Server - INFO - [reranker.py:69] - Top 3 reranked scores: [0.707, 0.707, 0.707]
2026-05-27 16:09:12,564 - CarnaticGPT-Server - INFO - [response_generator.py:123] - Generating natural answer for query: 'What is Gamaka? ornamentation musical embellishment' with 3 chunks.
2026-05-27 16:09:12,564 - CarnaticGPT-Server - INFO - [query_optimizer.py:16] - Detected query type: explanation
2026-05-27 16:09:12,564 - CarnaticGPT-Server - INFO - [response_generator.py:196] - Using local Carnatic response generator fallback.
2026-05-27 16:09:12,564 - CarnaticGPT-Server - INFO - [response_formatter.py:40] - Answer formatting and Markdown auditing complete.
2026-05-27 16:09:12,564 - CarnaticGPT-Server - INFO - [rag.py:248] - Executing improved RAG Pipeline for query: 'Who is Tyagaraja?'
2026-05-27 16:09:12,565 - CarnaticGPT-Server - INFO - [query_optimizer.py:13] - Detected query type: person
2026-05-27 16:09:12,584 - CarnaticGPT-Server - INFO - [reranker.py:27] - Reranking 10 chunks for query: 'Who is Tyagaraja'
2026-05-27 16:09:12,584 - CarnaticGPT-Server - INFO - [reranker.py:69] - Top 3 reranked scores: [0.251, 0.25, 0.245]
2026-05-27 16:09:12,585 - CarnaticGPT-Server - INFO - [response_generator.py:123] - Generating natural answer for query: 'Who is Tyagaraja?' with 3 chunks.
2026-05-27 16:09:12,585 - CarnaticGPT-Server - INFO - [query_optimizer.py:13] - Detected query type: person
2026-05-27 16:09:12,585 - CarnaticGPT-Server - INFO - [response_generator.py:196] - Using local Carnatic response generator fallback.
2026-05-27 16:09:12,585 - CarnaticGPT-Server - INFO - [response_formatter.py:40] - Answer formatting and Markdown auditing complete.
2026-05-27 16:09:12,585 - CarnaticGPT-Server - INFO - [rag.py:248] - Executing improved RAG Pipeline for query: 'List songs in Abheri'
2026-05-27 16:09:12,586 - CarnaticGPT-Server - INFO - [query_optimizer.py:22] - Detected query type: general
2026-05-27 16:09:12,618 - CarnaticGPT-Server - INFO - [reranker.py:27] - Reranking 10 chunks for query: 'List songs in Abheri'
2026-05-27 16:09:12,619 - CarnaticGPT-Server - INFO - [reranker.py:69] - Top 3 reranked scores: [0.472, 0.465, 0.464]
2026-05-27 16:09:12,619 - CarnaticGPT-Server - INFO - [response_generator.py:123] - Generating natural answer for query: 'List songs in Abheri' with 3 chunks.
2026-05-27 16:09:12,620 - CarnaticGPT-Server - INFO - [query_optimizer.py:22] - Detected query type: general
2026-05-27 16:09:12,620 - CarnaticGPT-Server - INFO - [response_generator.py:196] - Using local Carnatic response generator fallback.
2026-05-27 16:09:12,620 - CarnaticGPT-Server - INFO - [response_formatter.py:40] - Answer formatting and Markdown auditing complete.
2026-05-27 16:09:12,620 - CarnaticGPT-Server - INFO - [rag.py:248] - Executing improved RAG Pipeline for query: 'Explain Hindolam and play audio'
2026-05-27 16:09:12,621 - CarnaticGPT-Server - INFO - [query_optimizer.py:16] - Detected query type: explanation
2026-05-27 16:09:12,640 - CarnaticGPT-Server - INFO - [rag.py:284] - Raga entity detected: 'Hindolam'. Filtering retrieval matching keywords.
2026-05-27 16:09:12,640 - CarnaticGPT-Server - INFO - [reranker.py:27] - Reranking 1 chunks for query: 'Explain Raga Hindolam and play audio'
2026-05-27 16:09:12,640 - CarnaticGPT-Server - INFO - [reranker.py:69] - Top 3 reranked scores: [0.92]
2026-05-27 16:09:12,641 - CarnaticGPT-Server - INFO - [response_generator.py:123] - Generating natural answer for query: 'Explain Hindolam and play audio' with 1 chunks.
2026-05-27 16:09:12,641 - CarnaticGPT-Server - INFO - [query_optimizer.py:16] - Detected query type: explanation
2026-05-27 16:09:12,641 - CarnaticGPT-Server - INFO - [response_generator.py:196] - Using local Carnatic response generator fallback.
2026-05-27 16:09:12,642 - CarnaticGPT-Server - INFO - [response_formatter.py:40] - Answer formatting and Markdown auditing complete.
2026-05-27 16:10:30,906 - CarnaticGPT-Server - INFO - [database.py:87] - SQLite database tables verified/initialized successfully.
2026-05-27 16:10:31,165 - CarnaticGPT-Server - INFO - [reranker.py:20] - CarnaticReranker initialized.
2026-05-27 16:10:31,166 - CarnaticGPT-Server - INFO - [confidence_engine.py:12] - CarnaticConfidenceEngine initialized.
2026-05-27 16:10:31,169 - CarnaticGPT-Server - INFO - [response_formatter.py:10] - CarnaticResponseFormatter initialized.
2026-05-27 16:10:53,439 - CarnaticGPT-Server - INFO - [server.py:46] - Pre-warming embedding model cache on server startup...
2026-05-27 16:10:53,439 - CarnaticGPT-Server - INFO - [model_loader.py:11] - Initializing embedding model cache...
2026-05-27 16:10:53,440 - CarnaticGPT-Server - INFO - [server.py:49] - Embedding model cache pre-warmed successfully!
2026-05-27 16:10:56,749 - CarnaticGPT-Server - INFO - [database.py:87] - SQLite database tables verified/initialized successfully.
2026-05-27 16:10:57,109 - CarnaticGPT-Server - INFO - [reranker.py:20] - CarnaticReranker initialized.
2026-05-27 16:10:57,111 - CarnaticGPT-Server - INFO - [confidence_engine.py:12] - CarnaticConfidenceEngine initialized.
2026-05-27 16:10:57,114 - CarnaticGPT-Server - INFO - [response_formatter.py:10] - CarnaticResponseFormatter initialized.
2026-05-27 16:11:05,355 - CarnaticGPT-Server - INFO - [reranker.py:20] - CarnaticReranker initialized.
2026-05-27 16:11:05,356 - CarnaticGPT-Server - INFO - [confidence_engine.py:12] - CarnaticConfidenceEngine initialized.
2026-05-27 16:11:05,359 - CarnaticGPT-Server - INFO - [response_formatter.py:10] - CarnaticResponseFormatter initialized.
2026-05-27 16:11:05,364 - CarnaticGPT-Server - INFO - [rag.py:259] - Executing improved RAG Pipeline for query: 'What is Shruti?'
2026-05-27 16:11:05,364 - CarnaticGPT-Server - INFO - [query_optimizer.py:16] - Detected query type: explanation
2026-05-27 16:11:05,983 - CarnaticGPT-Server - INFO - [rag.py:106] - Loading FAISS index into cache (first time)...
2026-05-27 16:11:20,937 - CarnaticGPT-Server - INFO - [server.py:46] - Pre-warming embedding model cache on server startup...
2026-05-27 16:11:20,937 - CarnaticGPT-Server - INFO - [model_loader.py:11] - Initializing embedding model cache...
2026-05-27 16:11:20,939 - CarnaticGPT-Server - INFO - [server.py:49] - Embedding model cache pre-warmed successfully!
2026-05-27 16:11:25,035 - CarnaticGPT-Server - INFO - [rag.py:109] - FAISS index cached successfully.
2026-05-27 16:11:25,036 - CarnaticGPT-Server - INFO - [rag.py:135] - Injecting theory KB chunk for concept: 'carnatic music'
2026-05-27 16:11:25,143 - CarnaticGPT-Server - INFO - [reranker.py:27] - Reranking 11 chunks for query: 'What is Shruti? pitch frequency note Carnatic music'
2026-05-27 16:11:25,143 - CarnaticGPT-Server - INFO - [reranker.py:69] - Top 3 reranked scores: [0.714, 0.289, 0.289]
2026-05-27 16:11:25,143 - CarnaticGPT-Server - INFO - [response_generator.py:123] - Generating natural answer for query: 'What is Shruti? pitch frequency note Carnatic music' with 3 chunks.
2026-05-27 16:11:25,144 - CarnaticGPT-Server - INFO - [query_optimizer.py:16] - Detected query type: explanation
2026-05-27 16:11:25,144 - CarnaticGPT-Server - INFO - [response_generator.py:196] - Using local Carnatic response generator fallback.
2026-05-27 16:11:25,145 - CarnaticGPT-Server - INFO - [response_formatter.py:40] - Answer formatting and Markdown auditing complete.
2026-05-27 16:11:25,145 - CarnaticGPT-Server - INFO - [rag.py:259] - Executing improved RAG Pipeline for query: 'What is Ragam?'
2026-05-27 16:11:25,145 - CarnaticGPT-Server - INFO - [query_optimizer.py:16] - Detected query type: explanation
2026-05-27 16:11:25,146 - CarnaticGPT-Server - INFO - [rag.py:135] - Injecting theory KB chunk for concept: 'ragam'
2026-05-27 16:11:25,161 - CarnaticGPT-Server - INFO - [rag.py:144] - Theory filter returned 0 results for 'What is Ragam'. Falling back to unfiltered search.
2026-05-27 16:11:25,176 - CarnaticGPT-Server - INFO - [reranker.py:27] - Reranking 11 chunks for query: 'What is Ragam'
2026-05-27 16:11:25,177 - CarnaticGPT-Server - INFO - [reranker.py:69] - Top 3 reranked scores: [0.981, 0.399, 0.395]
2026-05-27 16:11:25,177 - CarnaticGPT-Server - INFO - [response_generator.py:123] - Generating natural answer for query: 'What is Ragam?' with 3 chunks.
2026-05-27 16:11:25,177 - CarnaticGPT-Server - INFO - [query_optimizer.py:16] - Detected query type: explanation
2026-05-27 16:11:25,177 - CarnaticGPT-Server - INFO - [response_generator.py:196] - Using local Carnatic response generator fallback.
2026-05-27 16:11:25,177 - CarnaticGPT-Server - INFO - [response_formatter.py:40] - Answer formatting and Markdown auditing complete.
2026-05-27 16:11:25,177 - CarnaticGPT-Server - INFO - [rag.py:259] - Executing improved RAG Pipeline for query: 'What is Gamaka?'
2026-05-27 16:11:25,178 - CarnaticGPT-Server - INFO - [query_optimizer.py:16] - Detected query type: explanation
2026-05-27 16:11:25,178 - CarnaticGPT-Server - INFO - [rag.py:135] - Injecting theory KB chunk for concept: 'gamaka'
2026-05-27 16:11:25,194 - CarnaticGPT-Server - INFO - [reranker.py:27] - Reranking 11 chunks for query: 'What is Gamaka? ornamentation musical embellishment'
2026-05-27 16:11:25,194 - CarnaticGPT-Server - INFO - [reranker.py:69] - Top 3 reranked scores: [0.781, 0.707, 0.707]
2026-05-27 16:11:25,195 - CarnaticGPT-Server - INFO - [response_generator.py:123] - Generating natural answer for query: 'What is Gamaka? ornamentation musical embellishment' with 3 chunks.
2026-05-27 16:11:25,195 - CarnaticGPT-Server - INFO - [query_optimizer.py:16] - Detected query type: explanation
2026-05-27 16:11:25,195 - CarnaticGPT-Server - INFO - [response_generator.py:196] - Using local Carnatic response generator fallback.
2026-05-27 16:11:25,195 - CarnaticGPT-Server - INFO - [response_formatter.py:40] - Answer formatting and Markdown auditing complete.
2026-05-27 16:11:25,196 - CarnaticGPT-Server - INFO - [rag.py:259] - Executing improved RAG Pipeline for query: 'Who is Tyagaraja?'
2026-05-27 16:11:25,196 - CarnaticGPT-Server - INFO - [query_optimizer.py:13] - Detected query type: person
2026-05-27 16:11:25,210 - CarnaticGPT-Server - INFO - [reranker.py:27] - Reranking 10 chunks for query: 'Who is Tyagaraja'
2026-05-27 16:11:25,211 - CarnaticGPT-Server - INFO - [reranker.py:69] - Top 3 reranked scores: [0.251, 0.25, 0.245]
2026-05-27 16:11:25,211 - CarnaticGPT-Server - INFO - [response_generator.py:123] - Generating natural answer for query: 'Who is Tyagaraja?' with 3 chunks.
2026-05-27 16:11:25,211 - CarnaticGPT-Server - INFO - [query_optimizer.py:13] - Detected query type: person
2026-05-27 16:11:25,212 - CarnaticGPT-Server - INFO - [response_generator.py:196] - Using local Carnatic response generator fallback.
2026-05-27 16:11:25,212 - CarnaticGPT-Server - INFO - [response_formatter.py:40] - Answer formatting and Markdown auditing complete.
2026-05-27 16:11:25,212 - CarnaticGPT-Server - INFO - [rag.py:259] - Executing improved RAG Pipeline for query: 'List songs in Abheri'
2026-05-27 16:11:25,212 - CarnaticGPT-Server - INFO - [query_optimizer.py:22] - Detected query type: general
2026-05-27 16:11:25,228 - CarnaticGPT-Server - INFO - [reranker.py:27] - Reranking 10 chunks for query: 'List songs in Abheri'
2026-05-27 16:11:25,228 - CarnaticGPT-Server - INFO - [reranker.py:69] - Top 3 reranked scores: [0.472, 0.465, 0.464]
2026-05-27 16:11:25,229 - CarnaticGPT-Server - INFO - [response_generator.py:123] - Generating natural answer for query: 'List songs in Abheri' with 3 chunks.
2026-05-27 16:11:25,229 - CarnaticGPT-Server - INFO - [query_optimizer.py:22] - Detected query type: general
2026-05-27 16:11:25,229 - CarnaticGPT-Server - INFO - [response_generator.py:196] - Using local Carnatic response generator fallback.
2026-05-27 16:11:25,229 - CarnaticGPT-Server - INFO - [response_formatter.py:40] - Answer formatting and Markdown auditing complete.
2026-05-27 16:11:25,229 - CarnaticGPT-Server - INFO - [rag.py:259] - Executing improved RAG Pipeline for query: 'Explain Hindolam and play audio'
2026-05-27 16:11:25,230 - CarnaticGPT-Server - INFO - [query_optimizer.py:16] - Detected query type: explanation
2026-05-27 16:11:25,243 - CarnaticGPT-Server - INFO - [rag.py:295] - Raga entity detected: 'Hindolam'. Filtering retrieval matching keywords.
2026-05-27 16:11:25,243 - CarnaticGPT-Server - INFO - [reranker.py:27] - Reranking 1 chunks for query: 'Explain Raga Hindolam and play audio'
2026-05-27 16:11:25,243 - CarnaticGPT-Server - INFO - [reranker.py:69] - Top 3 reranked scores: [0.92]
2026-05-27 16:11:25,243 - CarnaticGPT-Server - INFO - [response_generator.py:123] - Generating natural answer for query: 'Explain Hindolam and play audio' with 1 chunks.
2026-05-27 16:11:25,243 - CarnaticGPT-Server - INFO - [query_optimizer.py:16] - Detected query type: explanation
2026-05-27 16:11:25,243 - CarnaticGPT-Server - INFO - [response_generator.py:196] - Using local Carnatic response generator fallback.
2026-05-27 16:11:25,244 - CarnaticGPT-Server - INFO - [response_formatter.py:40] - Answer formatting and Markdown auditing complete.
2026-05-27 16:12:48,575 - CarnaticGPT-Server - INFO - [database.py:87] - SQLite database tables verified/initialized successfully.
2026-05-27 16:12:48,904 - CarnaticGPT-Server - INFO - [reranker.py:20] - CarnaticReranker initialized.
2026-05-27 16:12:48,905 - CarnaticGPT-Server - INFO - [confidence_engine.py:12] - CarnaticConfidenceEngine initialized.
2026-05-27 16:12:48,909 - CarnaticGPT-Server - INFO - [response_formatter.py:10] - CarnaticResponseFormatter initialized.
2026-05-27 16:13:02,992 - CarnaticGPT-Server - INFO - [server.py:46] - Pre-warming embedding model cache on server startup...
2026-05-27 16:13:02,993 - CarnaticGPT-Server - INFO - [model_loader.py:11] - Initializing embedding model cache...
2026-05-27 16:13:02,993 - CarnaticGPT-Server - INFO - [server.py:49] - Embedding model cache pre-warmed successfully!
2026-05-27 16:14:03,729 - CarnaticGPT-Server - INFO - [history.py:17] - Created conversation session: 749fea58-7aed-44cd-b3d2-aeaa92ae7cfa for user_id 2
2026-05-27 16:14:03,760 - CarnaticGPT-Server - INFO - [rag.py:259] - Executing improved RAG Pipeline for query: 'What is a Ragam?'
2026-05-27 16:14:03,761 - CarnaticGPT-Server - INFO - [query_optimizer.py:16] - Detected query type: explanation
2026-05-27 16:14:04,307 - CarnaticGPT-Server - INFO - [rag.py:106] - Loading FAISS index into cache (first time)...
2026-05-27 16:14:16,643 - CarnaticGPT-Server - INFO - [rag.py:109] - FAISS index cached successfully.
2026-05-27 16:14:16,644 - CarnaticGPT-Server - INFO - [rag.py:135] - Injecting theory KB chunk for concept: 'ragam'
2026-05-27 16:14:16,883 - CarnaticGPT-Server - INFO - [reranker.py:27] - Reranking 9 chunks for query: 'What is a Ragam'
2026-05-27 16:14:16,883 - CarnaticGPT-Server - INFO - [reranker.py:69] - Top 3 reranked scores: [0.99, 0.355, 0.355]
2026-05-27 16:14:16,884 - CarnaticGPT-Server - INFO - [response_generator.py:123] - Generating natural answer for query: 'What is a Ragam?' with 3 chunks.
2026-05-27 16:14:16,884 - CarnaticGPT-Server - INFO - [query_optimizer.py:16] - Detected query type: explanation
2026-05-27 16:14:16,884 - CarnaticGPT-Server - INFO - [response_generator.py:196] - Using local Carnatic response generator fallback.
2026-05-27 16:14:16,886 - CarnaticGPT-Server - INFO - [response_formatter.py:40] - Answer formatting and Markdown auditing complete.
2026-05-27 16:15:49,030 - CarnaticGPT-Server - INFO - [rag.py:259] - Executing improved RAG Pipeline for query: 'Compare Kalyani vs Mohanam'
2026-05-27 16:15:49,031 - CarnaticGPT-Server - INFO - [query_optimizer.py:10] - Detected query type: comparison
2026-05-27 16:15:49,032 - CarnaticGPT-Server - INFO - [rag.py:277] - Comparison query detected. Running independent retrievals for 'kalyani' and 'mohanam'
2026-05-27 16:15:49,096 - CarnaticGPT-Server - INFO - [rag.py:295] - Raga entity detected: 'Kalyani'. Filtering retrieval matching keywords.
2026-05-27 16:15:49,097 - CarnaticGPT-Server - INFO - [reranker.py:27] - Reranking 5 chunks for query: 'Compare Raga Kalyani vs Mohanam'
2026-05-27 16:15:49,097 - CarnaticGPT-Server - INFO - [reranker.py:69] - Top 3 reranked scores: [0.99, 0.712, 0.712]
2026-05-27 16:15:49,098 - CarnaticGPT-Server - INFO - [response_generator.py:123] - Generating natural answer for query: 'Compare Kalyani vs Mohanam' with 3 chunks.
2026-05-27 16:15:49,098 - CarnaticGPT-Server - INFO - [query_optimizer.py:10] - Detected query type: comparison
2026-05-27 16:15:49,099 - CarnaticGPT-Server - INFO - [response_formatter.py:40] - Answer formatting and Markdown auditing complete.
2026-05-27 16:16:56,907 - CarnaticGPT-Server - INFO - [rag.py:259] - Executing improved RAG Pipeline for query: 'What is a Ragam?'
2026-05-27 16:16:56,910 - CarnaticGPT-Server - INFO - [query_optimizer.py:16] - Detected query type: explanation
2026-05-27 16:16:56,912 - CarnaticGPT-Server - INFO - [rag.py:135] - Injecting theory KB chunk for concept: 'ragam'
2026-05-27 16:16:56,994 - CarnaticGPT-Server - INFO - [reranker.py:27] - Reranking 9 chunks for query: 'What is a Ragam'
2026-05-27 16:16:56,996 - CarnaticGPT-Server - INFO - [reranker.py:69] - Top 3 reranked scores: [0.99, 0.355, 0.355]
2026-05-27 16:16:56,997 - CarnaticGPT-Server - INFO - [response_generator.py:123] - Generating natural answer for query: 'What is a Ragam?' with 3 chunks.
2026-05-27 16:16:56,998 - CarnaticGPT-Server - INFO - [query_optimizer.py:16] - Detected query type: explanation
2026-05-27 16:16:56,998 - CarnaticGPT-Server - INFO - [response_generator.py:196] - Using local Carnatic response generator fallback.
2026-05-27 16:16:56,999 - CarnaticGPT-Server - INFO - [response_formatter.py:40] - Answer formatting and Markdown auditing complete.
2026-05-27 16:17:45,673 - CarnaticGPT-Server - INFO - [database.py:87] - SQLite database tables verified/initialized successfully.
2026-05-27 16:17:45,989 - CarnaticGPT-Server - INFO - [reranker.py:20] - CarnaticReranker initialized.
2026-05-27 16:17:45,991 - CarnaticGPT-Server - INFO - [confidence_engine.py:12] - CarnaticConfidenceEngine initialized.
2026-05-27 16:17:45,997 - CarnaticGPT-Server - INFO - [response_formatter.py:10] - CarnaticResponseFormatter initialized.
2026-05-27 16:17:49,201 - CarnaticGPT-Server - INFO - [database.py:87] - SQLite database tables verified/initialized successfully.
2026-05-27 16:17:49,436 - CarnaticGPT-Server - INFO - [reranker.py:20] - CarnaticReranker initialized.
2026-05-27 16:17:49,437 - CarnaticGPT-Server - INFO - [confidence_engine.py:12] - CarnaticConfidenceEngine initialized.
2026-05-27 16:17:49,439 - CarnaticGPT-Server - INFO - [response_formatter.py:10] - CarnaticResponseFormatter initialized.
2026-05-27 16:17:57,705 - CarnaticGPT-Server - INFO - [server.py:46] - Pre-warming embedding model cache on server startup...
2026-05-27 16:17:57,705 - CarnaticGPT-Server - INFO - [model_loader.py:11] - Initializing embedding model cache...
2026-05-27 16:17:57,706 - CarnaticGPT-Server - INFO - [server.py:49] - Embedding model cache pre-warmed successfully!
2026-05-27 16:17:59,657 - CarnaticGPT-Server - INFO - [database.py:87] - SQLite database tables verified/initialized successfully.
2026-05-27 16:17:59,993 - CarnaticGPT-Server - INFO - [reranker.py:20] - CarnaticReranker initialized.
2026-05-27 16:17:59,996 - CarnaticGPT-Server - INFO - [confidence_engine.py:12] - CarnaticConfidenceEngine initialized.
2026-05-27 16:18:00,001 - CarnaticGPT-Server - INFO - [response_formatter.py:10] - CarnaticResponseFormatter initialized.
2026-05-27 16:18:11,509 - CarnaticGPT-Server - INFO - [server.py:46] - Pre-warming embedding model cache on server startup...
2026-05-27 16:18:11,509 - CarnaticGPT-Server - INFO - [model_loader.py:11] - Initializing embedding model cache...
2026-05-27 16:18:11,509 - CarnaticGPT-Server - INFO - [server.py:49] - Embedding model cache pre-warmed successfully!
2026-05-27 17:07:28,972 - CarnaticGPT-Server - INFO - [database.py:87] - SQLite database tables verified/initialized successfully.
2026-05-27 17:07:29,426 - CarnaticGPT-Server - INFO - [reranker.py:20] - CarnaticReranker initialized.
2026-05-27 17:07:29,428 - CarnaticGPT-Server - INFO - [confidence_engine.py:12] - CarnaticConfidenceEngine initialized.
2026-05-27 17:07:29,432 - CarnaticGPT-Server - INFO - [response_formatter.py:10] - CarnaticResponseFormatter initialized.
2026-05-27 17:07:59,734 - CarnaticGPT-Server - INFO - [database.py:87] - SQLite database tables verified/initialized successfully.
2026-05-27 17:08:00,008 - CarnaticGPT-Server - INFO - [reranker.py:20] - CarnaticReranker initialized.
2026-05-27 17:08:00,009 - CarnaticGPT-Server - INFO - [confidence_engine.py:12] - CarnaticConfidenceEngine initialized.
2026-05-27 17:08:00,012 - CarnaticGPT-Server - INFO - [response_formatter.py:10] - CarnaticResponseFormatter initialized.
2026-05-27 17:08:01,042 - CarnaticGPT-Server - INFO - [database.py:87] - SQLite database tables verified/initialized successfully.
2026-05-27 17:08:01,323 - CarnaticGPT-Server - INFO - [reranker.py:20] - CarnaticReranker initialized.
2026-05-27 17:08:01,324 - CarnaticGPT-Server - INFO - [confidence_engine.py:12] - CarnaticConfidenceEngine initialized.
2026-05-27 17:08:01,327 - CarnaticGPT-Server - INFO - [response_formatter.py:10] - CarnaticResponseFormatter initialized.
2026-05-27 17:08:11,146 - CarnaticGPT-Server - INFO - [database.py:87] - SQLite database tables verified/initialized successfully.
2026-05-27 17:08:11,413 - CarnaticGPT-Server - INFO - [reranker.py:20] - CarnaticReranker initialized.
2026-05-27 17:08:11,414 - CarnaticGPT-Server - INFO - [confidence_engine.py:12] - CarnaticConfidenceEngine initialized.
2026-05-27 17:08:11,416 - CarnaticGPT-Server - INFO - [response_formatter.py:10] - CarnaticResponseFormatter initialized.
2026-05-27 17:11:50,119 - CarnaticGPT-Server - INFO - [database.py:87] - SQLite database tables verified/initialized successfully.
2026-05-27 17:11:50,413 - CarnaticGPT-Server - INFO - [reranker.py:20] - CarnaticReranker initialized.
2026-05-27 17:11:50,414 - CarnaticGPT-Server - INFO - [confidence_engine.py:12] - CarnaticConfidenceEngine initialized.
2026-05-27 17:11:50,416 - CarnaticGPT-Server - INFO - [response_formatter.py:10] - CarnaticResponseFormatter initialized.
2026-05-27 17:12:28,841 - CarnaticGPT-Server - INFO - [database.py:87] - SQLite database tables verified/initialized successfully.
2026-05-27 17:12:29,159 - CarnaticGPT-Server - INFO - [reranker.py:20] - CarnaticReranker initialized.
2026-05-27 17:12:29,160 - CarnaticGPT-Server - INFO - [confidence_engine.py:12] - CarnaticConfidenceEngine initialized.
2026-05-27 17:12:29,163 - CarnaticGPT-Server - INFO - [response_formatter.py:10] - CarnaticResponseFormatter initialized.
2026-05-27 17:13:02,096 - CarnaticGPT-Server - INFO - [database.py:87] - SQLite database tables verified/initialized successfully.
2026-05-27 17:13:02,382 - CarnaticGPT-Server - INFO - [reranker.py:20] - CarnaticReranker initialized.
2026-05-27 17:13:02,383 - CarnaticGPT-Server - INFO - [confidence_engine.py:12] - CarnaticConfidenceEngine initialized.
2026-05-27 17:13:02,387 - CarnaticGPT-Server - INFO - [response_formatter.py:10] - CarnaticResponseFormatter initialized.
2026-05-27 17:13:06,838 - CarnaticGPT-Server - INFO - [database.py:87] - SQLite database tables verified/initialized successfully.
2026-05-27 17:13:07,123 - CarnaticGPT-Server - INFO - [reranker.py:20] - CarnaticReranker initialized.
2026-05-27 17:13:07,124 - CarnaticGPT-Server - INFO - [confidence_engine.py:12] - CarnaticConfidenceEngine initialized.
2026-05-27 17:13:07,127 - CarnaticGPT-Server - INFO - [response_formatter.py:10] - CarnaticResponseFormatter initialized.
2026-05-27 17:15:15,309 - CarnaticGPT-Server - INFO - [database.py:87] - SQLite database tables verified/initialized successfully.
2026-05-27 17:15:15,572 - CarnaticGPT-Server - INFO - [reranker.py:20] - CarnaticReranker initialized.
2026-05-27 17:15:15,573 - CarnaticGPT-Server - INFO - [confidence_engine.py:12] - CarnaticConfidenceEngine initialized.
2026-05-27 17:15:15,576 - CarnaticGPT-Server - INFO - [response_formatter.py:10] - CarnaticResponseFormatter initialized.
2026-05-27 17:15:26,895 - CarnaticGPT-Server - INFO - [database.py:87] - SQLite database tables verified/initialized successfully.
2026-05-27 17:15:27,182 - CarnaticGPT-Server - INFO - [reranker.py:20] - CarnaticReranker initialized.
2026-05-27 17:15:27,184 - CarnaticGPT-Server - INFO - [confidence_engine.py:12] - CarnaticConfidenceEngine initialized.
2026-05-27 17:15:27,187 - CarnaticGPT-Server - INFO - [response_formatter.py:10] - CarnaticResponseFormatter initialized.
2026-05-27 17:15:28,039 - CarnaticGPT-Server - INFO - [database.py:87] - SQLite database tables verified/initialized successfully.
2026-05-27 17:15:28,293 - CarnaticGPT-Server - INFO - [reranker.py:20] - CarnaticReranker initialized.
2026-05-27 17:15:28,294 - CarnaticGPT-Server - INFO - [confidence_engine.py:12] - CarnaticConfidenceEngine initialized.
2026-05-27 17:15:28,296 - CarnaticGPT-Server - INFO - [response_formatter.py:10] - CarnaticResponseFormatter initialized.
2026-05-27 17:15:32,905 - CarnaticGPT-Server - INFO - [database.py:87] - SQLite database tables verified/initialized successfully.
2026-05-27 17:15:33,212 - CarnaticGPT-Server - INFO - [reranker.py:20] - CarnaticReranker initialized.
2026-05-27 17:15:33,215 - CarnaticGPT-Server - INFO - [confidence_engine.py:12] - CarnaticConfidenceEngine initialized.
2026-05-27 17:15:33,219 - CarnaticGPT-Server - INFO - [response_formatter.py:10] - CarnaticResponseFormatter initialized.
2026-05-27 17:15:41,651 - CarnaticGPT-Server - INFO - [database.py:87] - SQLite database tables verified/initialized successfully.
2026-05-27 17:15:41,878 - CarnaticGPT-Server - INFO - [reranker.py:20] - CarnaticReranker initialized.
2026-05-27 17:15:41,879 - CarnaticGPT-Server - INFO - [confidence_engine.py:12] - CarnaticConfidenceEngine initialized.
2026-05-27 17:15:41,881 - CarnaticGPT-Server - INFO - [response_formatter.py:10] - CarnaticResponseFormatter initialized.
2026-05-27 17:23:04,800 - CarnaticGPT-Server - INFO - [database.py:87] - SQLite database tables verified/initialized successfully.
2026-05-27 17:23:05,095 - CarnaticGPT-Server - INFO - [reranker.py:20] - CarnaticReranker initialized.
2026-05-27 17:23:05,097 - CarnaticGPT-Server - INFO - [confidence_engine.py:12] - CarnaticConfidenceEngine initialized.
2026-05-27 17:23:05,100 - CarnaticGPT-Server - INFO - [response_formatter.py:10] - CarnaticResponseFormatter initialized.
2026-05-27 17:24:24,110 - CarnaticGPT-Server - INFO - [database.py:87] - SQLite database tables verified/initialized successfully.
2026-05-27 17:24:24,349 - CarnaticGPT-Server - INFO - [reranker.py:20] - CarnaticReranker initialized.
2026-05-27 17:24:24,350 - CarnaticGPT-Server - INFO - [confidence_engine.py:12] - CarnaticConfidenceEngine initialized.
2026-05-27 17:24:24,353 - CarnaticGPT-Server - INFO - [response_formatter.py:10] - CarnaticResponseFormatter initialized.
2026-05-27 17:24:34,944 - CarnaticGPT-Server - INFO - [reranker.py:20] - CarnaticReranker initialized.
2026-05-27 17:24:34,945 - CarnaticGPT-Server - INFO - [confidence_engine.py:12] - CarnaticConfidenceEngine initialized.
2026-05-27 17:24:34,947 - CarnaticGPT-Server - INFO - [response_formatter.py:10] - CarnaticResponseFormatter initialized.
2026-05-27 17:24:52,719 - CarnaticGPT-Server - INFO - [rag.py:247] - Executing improved RAG Pipeline for query: 'Which songs belong to Aarabhi?'
2026-05-27 17:24:52,726 - CarnaticGPT-Server - INFO - [query_optimizer.py:22] - Detected query type: general
2026-05-27 17:25:01,946 - CarnaticGPT-Server - INFO - [rag.py:283] - Raga entity detected: 'Arabhi'. Filtering retrieval matching keywords.
2026-05-27 17:25:01,946 - CarnaticGPT-Server - INFO - [reranker.py:27] - Reranking 1 chunks for query: 'Which songs belong to Aarabhi'
2026-05-27 17:25:01,947 - CarnaticGPT-Server - INFO - [reranker.py:69] - Top 3 reranked scores: [0.57]
2026-05-27 17:25:01,947 - CarnaticGPT-Server - INFO - [response_generator.py:123] - Generating natural answer for query: 'Which songs belong to Aarabhi?' with 1 chunks.
2026-05-27 17:25:01,947 - CarnaticGPT-Server - INFO - [query_optimizer.py:22] - Detected query type: general
2026-05-27 17:25:01,947 - CarnaticGPT-Server - INFO - [response_generator.py:196] - Using local Carnatic response generator fallback.
2026-05-27 17:25:01,948 - CarnaticGPT-Server - INFO - [response_formatter.py:40] - Answer formatting and Markdown auditing complete.
2026-05-27 17:25:01,949 - CarnaticGPT-Server - INFO - [rag.py:247] - Executing improved RAG Pipeline for query: 'Who composed Nagumomu?'
2026-05-27 17:25:01,955 - CarnaticGPT-Server - INFO - [query_optimizer.py:13] - Detected query type: person
2026-05-27 17:25:01,972 - CarnaticGPT-Server - INFO - [reranker.py:27] - Reranking 10 chunks for query: 'Who composed Nagumomu'
2026-05-27 17:25:01,973 - CarnaticGPT-Server - INFO - [reranker.py:69] - Top 3 reranked scores: [0.591, 0.591, 0.576]
2026-05-27 17:25:01,973 - CarnaticGPT-Server - INFO - [response_generator.py:123] - Generating natural answer for query: 'Who composed Nagumomu?' with 3 chunks.
2026-05-27 17:25:01,973 - CarnaticGPT-Server - INFO - [query_optimizer.py:13] - Detected query type: person
2026-05-27 17:25:01,973 - CarnaticGPT-Server - INFO - [response_generator.py:196] - Using local Carnatic response generator fallback.
2026-05-27 17:25:01,973 - CarnaticGPT-Server - INFO - [response_formatter.py:40] - Answer formatting and Markdown auditing complete.
2026-05-27 17:25:01,974 - CarnaticGPT-Server - INFO - [rag.py:247] - Executing improved RAG Pipeline for query: 'List songs by Tyagaraja.'
2026-05-27 17:25:01,974 - CarnaticGPT-Server - INFO - [query_optimizer.py:22] - Detected query type: general
2026-05-27 17:25:01,995 - CarnaticGPT-Server - INFO - [reranker.py:27] - Reranking 10 chunks for query: 'List songs by Tyagaraja'
2026-05-27 17:25:01,995 - CarnaticGPT-Server - INFO - [reranker.py:69] - Top 3 reranked scores: [0.599, 0.503, 0.501]
2026-05-27 17:25:01,995 - CarnaticGPT-Server - INFO - [response_generator.py:123] - Generating natural answer for query: 'List songs by Tyagaraja.' with 3 chunks.
2026-05-27 17:25:01,995 - CarnaticGPT-Server - INFO - [query_optimizer.py:22] - Detected query type: general
2026-05-27 17:25:01,996 - CarnaticGPT-Server - INFO - [response_generator.py:196] - Using local Carnatic response generator fallback.
2026-05-27 17:25:01,996 - CarnaticGPT-Server - INFO - [response_formatter.py:40] - Answer formatting and Markdown auditing complete.
2026-05-27 17:25:01,996 - CarnaticGPT-Server - INFO - [rag.py:247] - Executing improved RAG Pipeline for query: 'Which ragas belong to Janya number 22?'
2026-05-27 17:25:01,997 - CarnaticGPT-Server - INFO - [query_optimizer.py:22] - Detected query type: general
2026-05-27 17:25:02,014 - CarnaticGPT-Server - INFO - [reranker.py:27] - Reranking 10 chunks for query: 'Which ragas belong to Janya number 22'
2026-05-27 17:25:02,014 - CarnaticGPT-Server - INFO - [reranker.py:69] - Top 3 reranked scores: [0.793, 0.791, 0.789]
2026-05-27 17:25:02,014 - CarnaticGPT-Server - INFO - [response_generator.py:123] - Generating natural answer for query: 'Which ragas belong to Janya number 22?' with 3 chunks.
2026-05-27 17:25:02,015 - CarnaticGPT-Server - INFO - [query_optimizer.py:22] - Detected query type: general
2026-05-27 17:25:02,015 - CarnaticGPT-Server - INFO - [response_generator.py:196] - Using local Carnatic response generator fallback.
2026-05-27 17:25:02,015 - CarnaticGPT-Server - INFO - [response_formatter.py:40] - Answer formatting and Markdown auditing complete.
2026-05-27 17:25:02,015 - CarnaticGPT-Server - INFO - [rag.py:247] - Executing improved RAG Pipeline for query: 'Show songs in Abheri.'
2026-05-27 17:25:02,016 - CarnaticGPT-Server - INFO - [query_optimizer.py:22] - Detected query type: general
2026-05-27 17:25:02,034 - CarnaticGPT-Server - INFO - [reranker.py:27] - Reranking 10 chunks for query: 'Show songs in Abheri'
2026-05-27 17:25:02,034 - CarnaticGPT-Server - INFO - [reranker.py:69] - Top 3 reranked scores: [0.576, 0.575, 0.573]
2026-05-27 17:25:02,034 - CarnaticGPT-Server - INFO - [response_generator.py:123] - Generating natural answer for query: 'Show songs in Abheri.' with 3 chunks.
2026-05-27 17:25:02,034 - CarnaticGPT-Server - INFO - [query_optimizer.py:22] - Detected query type: general
2026-05-27 17:25:02,034 - CarnaticGPT-Server - INFO - [response_generator.py:196] - Using local Carnatic response generator fallback.
2026-05-27 17:25:02,035 - CarnaticGPT-Server - INFO - [response_formatter.py:40] - Answer formatting and Markdown auditing complete.
2026-05-27 17:25:02,035 - CarnaticGPT-Server - INFO - [rag.py:247] - Executing improved RAG Pipeline for query: 'Explain Hindolam and list songs in Hindolam.'
2026-05-27 17:25:02,035 - CarnaticGPT-Server - INFO - [query_optimizer.py:16] - Detected query type: explanation
2026-05-27 17:25:02,058 - CarnaticGPT-Server - INFO - [rag.py:283] - Raga entity detected: 'Hindolam'. Filtering retrieval matching keywords.
2026-05-27 17:25:02,059 - CarnaticGPT-Server - INFO - [reranker.py:27] - Reranking 1 chunks for query: 'Explain Raga Hindolam and list songs in Raga Hindolam'
2026-05-27 17:25:02,059 - CarnaticGPT-Server - INFO - [reranker.py:69] - Top 3 reranked scores: [0.891]
2026-05-27 17:25:02,059 - CarnaticGPT-Server - INFO - [response_generator.py:123] - Generating natural answer for query: 'Explain Hindolam and list songs in Hindolam.' with 1 chunks.
2026-05-27 17:25:02,059 - CarnaticGPT-Server - INFO - [query_optimizer.py:16] - Detected query type: explanation
2026-05-27 17:25:02,060 - CarnaticGPT-Server - INFO - [response_generator.py:196] - Using local Carnatic response generator fallback.
2026-05-27 17:25:02,060 - CarnaticGPT-Server - INFO - [response_formatter.py:40] - Answer formatting and Markdown auditing complete.
2026-05-27 17:25:02,060 - CarnaticGPT-Server - INFO - [rag.py:247] - Executing improved RAG Pipeline for query: 'Compare Kalyani and Mohanam and give compositions.'
2026-05-27 17:25:02,060 - CarnaticGPT-Server - INFO - [query_optimizer.py:10] - Detected query type: comparison
2026-05-27 17:25:02,061 - CarnaticGPT-Server - INFO - [rag.py:265] - Comparison query detected. Running independent retrievals for 'kalyani' and 'mohanam'
2026-05-27 17:25:02,094 - CarnaticGPT-Server - INFO - [rag.py:283] - Raga entity detected: 'Kalyani'. Filtering retrieval matching keywords.
2026-05-27 17:25:02,094 - CarnaticGPT-Server - INFO - [reranker.py:27] - Reranking 5 chunks for query: 'Compare Raga Kalyani and Mohanam and give compositions'
2026-05-27 17:25:02,094 - CarnaticGPT-Server - INFO - [reranker.py:69] - Top 3 reranked scores: [0.99, 0.84, 0.84]
2026-05-27 17:25:02,095 - CarnaticGPT-Server - INFO - [response_generator.py:123] - Generating natural answer for query: 'Compare Kalyani and Mohanam and give compositions.' with 3 chunks.
2026-05-27 17:25:02,095 - CarnaticGPT-Server - INFO - [query_optimizer.py:10] - Detected query type: comparison
2026-05-27 17:25:02,095 - CarnaticGPT-Server - INFO - [response_formatter.py:40] - Answer formatting and Markdown auditing complete.
2026-05-27 17:25:02,095 - CarnaticGPT-Server - INFO - [rag.py:247] - Executing improved RAG Pipeline for query: 'Who composed songs in Bhairavi?'
2026-05-27 17:25:02,095 - CarnaticGPT-Server - INFO - [query_optimizer.py:13] - Detected query type: person
2026-05-27 17:25:02,112 - CarnaticGPT-Server - INFO - [rag.py:283] - Raga entity detected: 'Bhairavi'. Filtering retrieval matching keywords.
2026-05-27 17:25:02,112 - CarnaticGPT-Server - INFO - [reranker.py:27] - Reranking 1 chunks for query: 'Who composed songs in Raga Bhairavi'
2026-05-27 17:25:02,112 - CarnaticGPT-Server - INFO - [reranker.py:69] - Top 3 reranked scores: [0.99]
2026-05-27 17:25:02,112 - CarnaticGPT-Server - INFO - [response_generator.py:123] - Generating natural answer for query: 'Who composed songs in Bhairavi?' with 1 chunks.
2026-05-27 17:25:02,113 - CarnaticGPT-Server - INFO - [query_optimizer.py:13] - Detected query type: person
2026-05-27 17:25:02,113 - CarnaticGPT-Server - INFO - [response_generator.py:196] - Using local Carnatic response generator fallback.
2026-05-27 17:25:02,114 - CarnaticGPT-Server - INFO - [response_formatter.py:40] - Answer formatting and Markdown auditing complete.
2026-05-27 17:25:15,275 - CarnaticGPT-Server - INFO - [reranker.py:20] - CarnaticReranker initialized.
2026-05-27 17:25:15,276 - CarnaticGPT-Server - INFO - [confidence_engine.py:12] - CarnaticConfidenceEngine initialized.
2026-05-27 17:25:15,278 - CarnaticGPT-Server - INFO - [response_formatter.py:10] - CarnaticResponseFormatter initialized.
2026-05-27 17:25:32,792 - CarnaticGPT-Server - INFO - [rag.py:247] - Executing improved RAG Pipeline for query: 'Which songs belong to Aarabhi?'
2026-05-27 17:25:32,796 - CarnaticGPT-Server - INFO - [query_optimizer.py:22] - Detected query type: general
2026-05-27 17:25:39,719 - CarnaticGPT-Server - INFO - [rag.py:283] - Raga entity detected: 'Arabhi'. Filtering retrieval matching keywords.
2026-05-27 17:25:39,720 - CarnaticGPT-Server - INFO - [reranker.py:27] - Reranking 1 chunks for query: 'Which songs belong to Aarabhi'
2026-05-27 17:25:39,720 - CarnaticGPT-Server - INFO - [reranker.py:69] - Top 3 reranked scores: [0.57]
2026-05-27 17:25:39,720 - CarnaticGPT-Server - INFO - [response_generator.py:123] - Generating natural answer for query: 'Which songs belong to Aarabhi?' with 1 chunks.
2026-05-27 17:25:39,720 - CarnaticGPT-Server - INFO - [query_optimizer.py:22] - Detected query type: general
2026-05-27 17:25:39,721 - CarnaticGPT-Server - INFO - [response_generator.py:196] - Using local Carnatic response generator fallback.
2026-05-27 17:25:39,722 - CarnaticGPT-Server - INFO - [response_formatter.py:40] - Answer formatting and Markdown auditing complete.
2026-05-27 17:25:39,723 - CarnaticGPT-Server - INFO - [rag.py:247] - Executing improved RAG Pipeline for query: 'Who composed Nagumomu?'
2026-05-27 17:25:39,729 - CarnaticGPT-Server - INFO - [query_optimizer.py:13] - Detected query type: person
2026-05-27 17:25:39,740 - CarnaticGPT-Server - INFO - [reranker.py:27] - Reranking 10 chunks for query: 'Who composed Nagumomu'
2026-05-27 17:25:39,740 - CarnaticGPT-Server - INFO - [reranker.py:69] - Top 3 reranked scores: [0.591, 0.591, 0.576]
2026-05-27 17:25:39,740 - CarnaticGPT-Server - INFO - [response_generator.py:123] - Generating natural answer for query: 'Who composed Nagumomu?' with 3 chunks.
2026-05-27 17:25:39,740 - CarnaticGPT-Server - INFO - [query_optimizer.py:13] - Detected query type: person
2026-05-27 17:25:39,740 - CarnaticGPT-Server - INFO - [response_generator.py:196] - Using local Carnatic response generator fallback.
2026-05-27 17:25:39,741 - CarnaticGPT-Server - INFO - [response_formatter.py:40] - Answer formatting and Markdown auditing complete.
2026-05-27 17:25:39,741 - CarnaticGPT-Server - INFO - [rag.py:247] - Executing improved RAG Pipeline for query: 'List songs by Tyagaraja.'
2026-05-27 17:25:39,741 - CarnaticGPT-Server - INFO - [query_optimizer.py:22] - Detected query type: general
2026-05-27 17:25:39,752 - CarnaticGPT-Server - INFO - [reranker.py:27] - Reranking 10 chunks for query: 'List songs by Tyagaraja'
2026-05-27 17:25:39,752 - CarnaticGPT-Server - INFO - [reranker.py:69] - Top 3 reranked scores: [0.599, 0.503, 0.501]
2026-05-27 17:25:39,752 - CarnaticGPT-Server - INFO - [response_generator.py:123] - Generating natural answer for query: 'List songs by Tyagaraja.' with 3 chunks.
2026-05-27 17:25:39,752 - CarnaticGPT-Server - INFO - [query_optimizer.py:22] - Detected query type: general
2026-05-27 17:25:39,753 - CarnaticGPT-Server - INFO - [response_generator.py:196] - Using local Carnatic response generator fallback.
2026-05-27 17:25:39,753 - CarnaticGPT-Server - INFO - [response_formatter.py:40] - Answer formatting and Markdown auditing complete.
2026-05-27 17:25:39,753 - CarnaticGPT-Server - INFO - [rag.py:247] - Executing improved RAG Pipeline for query: 'Which ragas belong to Janya number 22?'
2026-05-27 17:25:39,754 - CarnaticGPT-Server - INFO - [query_optimizer.py:22] - Detected query type: general
2026-05-27 17:25:39,762 - CarnaticGPT-Server - INFO - [reranker.py:27] - Reranking 10 chunks for query: 'Which ragas belong to Janya number 22'
2026-05-27 17:25:39,763 - CarnaticGPT-Server - INFO - [reranker.py:69] - Top 3 reranked scores: [0.793, 0.791, 0.789]
2026-05-27 17:25:39,763 - CarnaticGPT-Server - INFO - [response_generator.py:123] - Generating natural answer for query: 'Which ragas belong to Janya number 22?' with 3 chunks.
2026-05-27 17:25:39,763 - CarnaticGPT-Server - INFO - [query_optimizer.py:22] - Detected query type: general
2026-05-27 17:25:39,763 - CarnaticGPT-Server - INFO - [response_generator.py:196] - Using local Carnatic response generator fallback.
2026-05-27 17:25:39,763 - CarnaticGPT-Server - INFO - [response_formatter.py:40] - Answer formatting and Markdown auditing complete.
2026-05-27 17:25:39,763 - CarnaticGPT-Server - INFO - [rag.py:247] - Executing improved RAG Pipeline for query: 'Show songs in Abheri.'
2026-05-27 17:25:39,764 - CarnaticGPT-Server - INFO - [query_optimizer.py:22] - Detected query type: general
2026-05-27 17:25:39,773 - CarnaticGPT-Server - INFO - [reranker.py:27] - Reranking 10 chunks for query: 'Show songs in Abheri'
2026-05-27 17:25:39,773 - CarnaticGPT-Server - INFO - [reranker.py:69] - Top 3 reranked scores: [0.576, 0.575, 0.573]
2026-05-27 17:25:39,773 - CarnaticGPT-Server - INFO - [response_generator.py:123] - Generating natural answer for query: 'Show songs in Abheri.' with 3 chunks.
2026-05-27 17:25:39,773 - CarnaticGPT-Server - INFO - [query_optimizer.py:22] - Detected query type: general
2026-05-27 17:25:39,773 - CarnaticGPT-Server - INFO - [response_generator.py:196] - Using local Carnatic response generator fallback.
2026-05-27 17:25:39,774 - CarnaticGPT-Server - INFO - [response_formatter.py:40] - Answer formatting and Markdown auditing complete.
2026-05-27 17:25:39,774 - CarnaticGPT-Server - INFO - [rag.py:247] - Executing improved RAG Pipeline for query: 'Explain Hindolam and list songs in Hindolam.'
2026-05-27 17:25:39,774 - CarnaticGPT-Server - INFO - [query_optimizer.py:16] - Detected query type: explanation
2026-05-27 17:25:39,789 - CarnaticGPT-Server - INFO - [rag.py:283] - Raga entity detected: 'Hindolam'. Filtering retrieval matching keywords.
2026-05-27 17:25:39,789 - CarnaticGPT-Server - INFO - [reranker.py:27] - Reranking 1 chunks for query: 'Explain Raga Hindolam and list songs in Raga Hindolam'
2026-05-27 17:25:39,789 - CarnaticGPT-Server - INFO - [reranker.py:69] - Top 3 reranked scores: [0.891]
2026-05-27 17:25:39,790 - CarnaticGPT-Server - INFO - [response_generator.py:123] - Generating natural answer for query: 'Explain Hindolam and list songs in Hindolam.' with 1 chunks.
2026-05-27 17:25:39,790 - CarnaticGPT-Server - INFO - [query_optimizer.py:16] - Detected query type: explanation
2026-05-27 17:25:39,790 - CarnaticGPT-Server - INFO - [response_generator.py:196] - Using local Carnatic response generator fallback.
2026-05-27 17:25:39,790 - CarnaticGPT-Server - INFO - [response_formatter.py:40] - Answer formatting and Markdown auditing complete.
2026-05-27 17:25:39,791 - CarnaticGPT-Server - INFO - [rag.py:247] - Executing improved RAG Pipeline for query: 'Compare Kalyani and Mohanam and give compositions.'
2026-05-27 17:25:39,791 - CarnaticGPT-Server - INFO - [query_optimizer.py:10] - Detected query type: comparison
2026-05-27 17:25:39,792 - CarnaticGPT-Server - INFO - [rag.py:265] - Comparison query detected. Running independent retrievals for 'kalyani' and 'mohanam'
2026-05-27 17:25:39,811 - CarnaticGPT-Server - INFO - [rag.py:283] - Raga entity detected: 'Kalyani'. Filtering retrieval matching keywords.
2026-05-27 17:25:39,811 - CarnaticGPT-Server - INFO - [reranker.py:27] - Reranking 5 chunks for query: 'Compare Raga Kalyani and Mohanam and give compositions'
2026-05-27 17:25:39,811 - CarnaticGPT-Server - INFO - [reranker.py:69] - Top 3 reranked scores: [0.99, 0.84, 0.84]
2026-05-27 17:25:39,812 - CarnaticGPT-Server - INFO - [response_generator.py:123] - Generating natural answer for query: 'Compare Kalyani and Mohanam and give compositions.' with 3 chunks.
2026-05-27 17:25:39,812 - CarnaticGPT-Server - INFO - [query_optimizer.py:10] - Detected query type: comparison
2026-05-27 17:25:39,812 - CarnaticGPT-Server - INFO - [response_formatter.py:40] - Answer formatting and Markdown auditing complete.
2026-05-27 17:25:39,812 - CarnaticGPT-Server - INFO - [rag.py:247] - Executing improved RAG Pipeline for query: 'Who composed songs in Bhairavi?'
2026-05-27 17:25:39,812 - CarnaticGPT-Server - INFO - [query_optimizer.py:13] - Detected query type: person
2026-05-27 17:25:39,821 - CarnaticGPT-Server - INFO - [rag.py:283] - Raga entity detected: 'Bhairavi'. Filtering retrieval matching keywords.
2026-05-27 17:25:39,821 - CarnaticGPT-Server - INFO - [reranker.py:27] - Reranking 1 chunks for query: 'Who composed songs in Raga Bhairavi'
2026-05-27 17:25:39,822 - CarnaticGPT-Server - INFO - [reranker.py:69] - Top 3 reranked scores: [0.99]
2026-05-27 17:25:39,822 - CarnaticGPT-Server - INFO - [response_generator.py:123] - Generating natural answer for query: 'Who composed songs in Bhairavi?' with 1 chunks.
2026-05-27 17:25:39,822 - CarnaticGPT-Server - INFO - [query_optimizer.py:13] - Detected query type: person
2026-05-27 17:25:39,822 - CarnaticGPT-Server - INFO - [response_generator.py:196] - Using local Carnatic response generator fallback.
2026-05-27 17:25:39,822 - CarnaticGPT-Server - INFO - [response_formatter.py:40] - Answer formatting and Markdown auditing complete.
2026-05-27 17:25:39,938 - CarnaticGPT-Server - INFO - [rag.py:247] - Executing improved RAG Pipeline for query: 'What does the paper say about Carnatic datasets?'
2026-05-27 17:25:39,939 - CarnaticGPT-Server - INFO - [query_optimizer.py:22] - Detected query type: general
2026-05-27 17:25:39,954 - CarnaticGPT-Server - INFO - [reranker.py:27] - Reranking 10 chunks for query: 'What does the paper say about Carnatic datasets'
2026-05-27 17:25:39,954 - CarnaticGPT-Server - INFO - [reranker.py:69] - Top 3 reranked scores: [0.441, 0.441, 0.441]
2026-05-27 17:25:39,955 - CarnaticGPT-Server - INFO - [response_generator.py:123] - Generating natural answer for query: 'What does the paper say about Carnatic datasets?' with 3 chunks.
2026-05-27 17:25:39,955 - CarnaticGPT-Server - INFO - [query_optimizer.py:22] - Detected query type: general
2026-05-27 17:25:39,955 - CarnaticGPT-Server - INFO - [response_generator.py:196] - Using local Carnatic response generator fallback.
2026-05-27 17:25:39,955 - CarnaticGPT-Server - INFO - [response_formatter.py:40] - Answer formatting and Markdown auditing complete.
2026-05-27 17:25:39,955 - CarnaticGPT-Server - INFO - [rag.py:247] - Executing improved RAG Pipeline for query: 'Explain computational musicology.'
2026-05-27 17:25:39,955 - CarnaticGPT-Server - INFO - [query_optimizer.py:16] - Detected query type: explanation
2026-05-27 17:25:39,956 - CarnaticGPT-Server - INFO - [rag.py:127] - Injecting theory KB chunk for concept: 'computational musicology'
2026-05-27 17:25:39,966 - CarnaticGPT-Server - INFO - [reranker.py:27] - Reranking 11 chunks for query: 'Explain computational musicology'
2026-05-27 17:25:39,967 - CarnaticGPT-Server - INFO - [reranker.py:69] - Top 3 reranked scores: [0.831, 0.412, 0.412]
2026-05-27 17:25:39,967 - CarnaticGPT-Server - INFO - [response_generator.py:123] - Generating natural answer for query: 'Explain computational musicology.' with 3 chunks.
2026-05-27 17:25:39,967 - CarnaticGPT-Server - INFO - [query_optimizer.py:16] - Detected query type: explanation
2026-05-27 17:25:39,967 - CarnaticGPT-Server - INFO - [response_generator.py:196] - Using local Carnatic response generator fallback.
2026-05-27 17:25:39,968 - CarnaticGPT-Server - INFO - [response_formatter.py:40] - Answer formatting and Markdown auditing complete.
2026-05-27 17:25:39,968 - CarnaticGPT-Server - INFO - [rag.py:247] - Executing improved RAG Pipeline for query: 'Explain scalable extraction of Ragam metadata.'
2026-05-27 17:25:39,968 - CarnaticGPT-Server - INFO - [query_optimizer.py:16] - Detected query type: explanation
2026-05-27 17:25:39,968 - CarnaticGPT-Server - INFO - [rag.py:127] - Injecting theory KB chunk for concept: 'ragam'
2026-05-27 17:25:39,980 - CarnaticGPT-Server - INFO - [reranker.py:27] - Reranking 11 chunks for query: 'Explain scalable extraction of Ragam metadata'
2026-05-27 17:25:39,980 - CarnaticGPT-Server - INFO - [reranker.py:69] - Top 3 reranked scores: [0.847, 0.634, 0.634]
2026-05-27 17:25:39,981 - CarnaticGPT-Server - INFO - [response_generator.py:123] - Generating natural answer for query: 'Explain scalable extraction of Ragam metadata.' with 3 chunks.
2026-05-27 17:25:39,981 - CarnaticGPT-Server - INFO - [query_optimizer.py:16] - Detected query type: explanation
2026-05-27 17:25:39,981 - CarnaticGPT-Server - INFO - [response_generator.py:196] - Using local Carnatic response generator fallback.
2026-05-27 17:25:39,981 - CarnaticGPT-Server - INFO - [response_formatter.py:40] - Answer formatting and Markdown auditing complete.
2026-05-27 17:25:39,982 - CarnaticGPT-Server - INFO - [rag.py:247] - Executing improved RAG Pipeline for query: 'How are Shruti and Talam used?'
2026-05-27 17:25:39,982 - CarnaticGPT-Server - INFO - [query_optimizer.py:22] - Detected query type: general
2026-05-27 17:25:39,982 - CarnaticGPT-Server - INFO - [rag.py:127] - Injecting theory KB chunk for concept: 'carnatic music'
2026-05-27 17:25:39,996 - CarnaticGPT-Server - INFO - [reranker.py:27] - Reranking 11 chunks for query: 'How are Shruti and Talam used? pitch frequency note Carnatic music rhythm cycle'
2026-05-27 17:25:39,997 - CarnaticGPT-Server - INFO - [reranker.py:69] - Top 3 reranked scores: [0.806, 0.641, 0.641]
2026-05-27 17:25:39,997 - CarnaticGPT-Server - INFO - [response_generator.py:123] - Generating natural answer for query: 'How are Shruti and Talam used? pitch frequency note Carnatic music rhythm cycle' with 3 chunks.
2026-05-27 17:25:39,998 - CarnaticGPT-Server - INFO - [query_optimizer.py:22] - Detected query type: general
2026-05-27 17:25:39,998 - CarnaticGPT-Server - INFO - [response_generator.py:196] - Using local Carnatic response generator fallback.
2026-05-27 17:25:39,998 - CarnaticGPT-Server - INFO - [response_formatter.py:40] - Answer formatting and Markdown auditing complete.
2026-05-27 17:25:39,998 - CarnaticGPT-Server - INFO - [rag.py:247] - Executing improved RAG Pipeline for query: 'Summarize the uploaded paper.'
2026-05-27 17:25:39,999 - CarnaticGPT-Server - INFO - [query_optimizer.py:22] - Detected query type: general
2026-05-27 17:25:40,009 - CarnaticGPT-Server - INFO - [reranker.py:27] - Reranking 10 chunks for query: 'Summarize the uploaded paper'
2026-05-27 17:25:40,009 - CarnaticGPT-Server - INFO - [reranker.py:69] - Top 3 reranked scores: [0.356, 0.355, 0.353]
2026-05-27 17:25:40,009 - CarnaticGPT-Server - INFO - [response_generator.py:123] - Generating natural answer for query: 'Summarize the uploaded paper.' with 3 chunks.
2026-05-27 17:25:40,010 - CarnaticGPT-Server - INFO - [query_optimizer.py:22] - Detected query type: general
2026-05-27 17:25:40,010 - CarnaticGPT-Server - INFO - [response_generator.py:196] - Using local Carnatic response generator fallback.
2026-05-27 17:25:40,010 - CarnaticGPT-Server - INFO - [response_formatter.py:40] - Answer formatting and Markdown auditing complete.
2026-05-27 17:25:40,297 - CarnaticGPT-Server - INFO - [database.py:87] - SQLite database tables verified/initialized successfully.
2026-05-27 17:26:12,506 - CarnaticGPT-Server - INFO - [reranker.py:20] - CarnaticReranker initialized.
2026-05-27 17:26:12,507 - CarnaticGPT-Server - INFO - [confidence_engine.py:12] - CarnaticConfidenceEngine initialized.
2026-05-27 17:26:12,509 - CarnaticGPT-Server - INFO - [response_formatter.py:10] - CarnaticResponseFormatter initialized.
2026-05-27 17:26:25,655 - CarnaticGPT-Server - INFO - [rag.py:247] - Executing improved RAG Pipeline for query: 'Which songs belong to Aarabhi?'
2026-05-27 17:26:25,659 - CarnaticGPT-Server - INFO - [query_optimizer.py:22] - Detected query type: general
2026-05-27 17:26:34,546 - CarnaticGPT-Server - INFO - [rag.py:283] - Raga entity detected: 'Arabhi'. Filtering retrieval matching keywords.
2026-05-27 17:26:34,547 - CarnaticGPT-Server - INFO - [reranker.py:27] - Reranking 1 chunks for query: 'Which songs belong to Aarabhi'
2026-05-27 17:26:34,547 - CarnaticGPT-Server - INFO - [reranker.py:69] - Top 3 reranked scores: [0.57]
2026-05-27 17:26:34,547 - CarnaticGPT-Server - INFO - [response_generator.py:123] - Generating natural answer for query: 'Which songs belong to Aarabhi?' with 1 chunks.
2026-05-27 17:26:34,548 - CarnaticGPT-Server - INFO - [query_optimizer.py:22] - Detected query type: general
2026-05-27 17:26:34,548 - CarnaticGPT-Server - INFO - [response_generator.py:196] - Using local Carnatic response generator fallback.
2026-05-27 17:26:34,549 - CarnaticGPT-Server - INFO - [response_formatter.py:40] - Answer formatting and Markdown auditing complete.
2026-05-27 17:26:34,549 - CarnaticGPT-Server - INFO - [rag.py:247] - Executing improved RAG Pipeline for query: 'Who composed Nagumomu?'
2026-05-27 17:26:34,555 - CarnaticGPT-Server - INFO - [query_optimizer.py:13] - Detected query type: person
2026-05-27 17:26:34,571 - CarnaticGPT-Server - INFO - [reranker.py:27] - Reranking 10 chunks for query: 'Who composed Nagumomu'
2026-05-27 17:26:34,572 - CarnaticGPT-Server - INFO - [reranker.py:69] - Top 3 reranked scores: [0.591, 0.591, 0.576]
2026-05-27 17:26:34,572 - CarnaticGPT-Server - INFO - [response_generator.py:123] - Generating natural answer for query: 'Who composed Nagumomu?' with 3 chunks.
2026-05-27 17:26:34,572 - CarnaticGPT-Server - INFO - [query_optimizer.py:13] - Detected query type: person
2026-05-27 17:26:34,572 - CarnaticGPT-Server - INFO - [response_generator.py:196] - Using local Carnatic response generator fallback.
2026-05-27 17:26:34,572 - CarnaticGPT-Server - INFO - [response_formatter.py:40] - Answer formatting and Markdown auditing complete.
2026-05-27 17:26:34,573 - CarnaticGPT-Server - INFO - [rag.py:247] - Executing improved RAG Pipeline for query: 'List songs by Tyagaraja.'
2026-05-27 17:26:34,573 - CarnaticGPT-Server - INFO - [query_optimizer.py:22] - Detected query type: general
2026-05-27 17:26:34,591 - CarnaticGPT-Server - INFO - [reranker.py:27] - Reranking 10 chunks for query: 'List songs by Tyagaraja'
2026-05-27 17:26:34,591 - CarnaticGPT-Server - INFO - [reranker.py:69] - Top 3 reranked scores: [0.599, 0.503, 0.501]
2026-05-27 17:26:34,591 - CarnaticGPT-Server - INFO - [response_generator.py:123] - Generating natural answer for query: 'List songs by Tyagaraja.' with 3 chunks.
2026-05-27 17:26:34,592 - CarnaticGPT-Server - INFO - [query_optimizer.py:22] - Detected query type: general
2026-05-27 17:26:34,592 - CarnaticGPT-Server - INFO - [response_generator.py:196] - Using local Carnatic response generator fallback.
2026-05-27 17:26:34,592 - CarnaticGPT-Server - INFO - [response_formatter.py:40] - Answer formatting and Markdown auditing complete.
2026-05-27 17:26:34,592 - CarnaticGPT-Server - INFO - [rag.py:247] - Executing improved RAG Pipeline for query: 'Which ragas belong to Janya number 22?'
2026-05-27 17:26:34,593 - CarnaticGPT-Server - INFO - [query_optimizer.py:22] - Detected query type: general
2026-05-27 17:26:34,610 - CarnaticGPT-Server - INFO - [reranker.py:27] - Reranking 10 chunks for query: 'Which ragas belong to Janya number 22'
2026-05-27 17:26:34,610 - CarnaticGPT-Server - INFO - [reranker.py:69] - Top 3 reranked scores: [0.793, 0.791, 0.789]
2026-05-27 17:26:34,610 - CarnaticGPT-Server - INFO - [response_generator.py:123] - Generating natural answer for query: 'Which ragas belong to Janya number 22?' with 3 chunks.
2026-05-27 17:26:34,611 - CarnaticGPT-Server - INFO - [query_optimizer.py:22] - Detected query type: general
2026-05-27 17:26:34,611 - CarnaticGPT-Server - INFO - [response_generator.py:196] - Using local Carnatic response generator fallback.
2026-05-27 17:26:34,611 - CarnaticGPT-Server - INFO - [response_formatter.py:40] - Answer formatting and Markdown auditing complete.
2026-05-27 17:26:34,612 - CarnaticGPT-Server - INFO - [rag.py:247] - Executing improved RAG Pipeline for query: 'Show songs in Abheri.'
2026-05-27 17:26:34,612 - CarnaticGPT-Server - INFO - [query_optimizer.py:22] - Detected query type: general
2026-05-27 17:26:34,628 - CarnaticGPT-Server - INFO - [reranker.py:27] - Reranking 10 chunks for query: 'Show songs in Abheri'
2026-05-27 17:26:34,629 - CarnaticGPT-Server - INFO - [reranker.py:69] - Top 3 reranked scores: [0.576, 0.575, 0.573]
2026-05-27 17:26:34,629 - CarnaticGPT-Server - INFO - [response_generator.py:123] - Generating natural answer for query: 'Show songs in Abheri.' with 3 chunks.
2026-05-27 17:26:34,629 - CarnaticGPT-Server - INFO - [query_optimizer.py:22] - Detected query type: general
2026-05-27 17:26:34,629 - CarnaticGPT-Server - INFO - [response_generator.py:196] - Using local Carnatic response generator fallback.
2026-05-27 17:26:34,630 - CarnaticGPT-Server - INFO - [response_formatter.py:40] - Answer formatting and Markdown auditing complete.
2026-05-27 17:26:34,630 - CarnaticGPT-Server - INFO - [rag.py:247] - Executing improved RAG Pipeline for query: 'Explain Hindolam and list songs in Hindolam.'
2026-05-27 17:26:34,630 - CarnaticGPT-Server - INFO - [query_optimizer.py:16] - Detected query type: explanation
2026-05-27 17:26:34,651 - CarnaticGPT-Server - INFO - [rag.py:283] - Raga entity detected: 'Hindolam'. Filtering retrieval matching keywords.
2026-05-27 17:26:34,652 - CarnaticGPT-Server - INFO - [reranker.py:27] - Reranking 1 chunks for query: 'Explain Raga Hindolam and list songs in Raga Hindolam'
2026-05-27 17:26:34,652 - CarnaticGPT-Server - INFO - [reranker.py:69] - Top 3 reranked scores: [0.891]
2026-05-27 17:26:34,652 - CarnaticGPT-Server - INFO - [response_generator.py:123] - Generating natural answer for query: 'Explain Hindolam and list songs in Hindolam.' with 1 chunks.
2026-05-27 17:26:34,653 - CarnaticGPT-Server - INFO - [query_optimizer.py:16] - Detected query type: explanation
2026-05-27 17:26:34,653 - CarnaticGPT-Server - INFO - [response_generator.py:196] - Using local Carnatic response generator fallback.
2026-05-27 17:26:34,653 - CarnaticGPT-Server - INFO - [response_formatter.py:40] - Answer formatting and Markdown auditing complete.
2026-05-27 17:26:34,654 - CarnaticGPT-Server - INFO - [rag.py:247] - Executing improved RAG Pipeline for query: 'Compare Kalyani and Mohanam and give compositions.'
2026-05-27 17:26:34,654 - CarnaticGPT-Server - INFO - [query_optimizer.py:10] - Detected query type: comparison
2026-05-27 17:26:34,654 - CarnaticGPT-Server - INFO - [rag.py:265] - Comparison query detected. Running independent retrievals for 'kalyani' and 'mohanam'
2026-05-27 17:26:34,687 - CarnaticGPT-Server - INFO - [rag.py:283] - Raga entity detected: 'Kalyani'. Filtering retrieval matching keywords.
2026-05-27 17:26:34,688 - CarnaticGPT-Server - INFO - [reranker.py:27] - Reranking 5 chunks for query: 'Compare Raga Kalyani and Mohanam and give compositions'
2026-05-27 17:26:34,688 - CarnaticGPT-Server - INFO - [reranker.py:69] - Top 3 reranked scores: [0.99, 0.84, 0.84]
2026-05-27 17:26:34,688 - CarnaticGPT-Server - INFO - [response_generator.py:123] - Generating natural answer for query: 'Compare Kalyani and Mohanam and give compositions.' with 3 chunks.
2026-05-27 17:26:34,688 - CarnaticGPT-Server - INFO - [query_optimizer.py:10] - Detected query type: comparison
2026-05-27 17:26:34,689 - CarnaticGPT-Server - INFO - [response_formatter.py:40] - Answer formatting and Markdown auditing complete.
2026-05-27 17:26:34,689 - CarnaticGPT-Server - INFO - [rag.py:247] - Executing improved RAG Pipeline for query: 'Who composed songs in Bhairavi?'
2026-05-27 17:26:34,689 - CarnaticGPT-Server - INFO - [query_optimizer.py:13] - Detected query type: person
2026-05-27 17:26:34,706 - CarnaticGPT-Server - INFO - [rag.py:283] - Raga entity detected: 'Bhairavi'. Filtering retrieval matching keywords.
2026-05-27 17:26:34,706 - CarnaticGPT-Server - INFO - [reranker.py:27] - Reranking 1 chunks for query: 'Who composed songs in Raga Bhairavi'
2026-05-27 17:26:34,707 - CarnaticGPT-Server - INFO - [reranker.py:69] - Top 3 reranked scores: [0.99]
2026-05-27 17:26:34,707 - CarnaticGPT-Server - INFO - [response_generator.py:123] - Generating natural answer for query: 'Who composed songs in Bhairavi?' with 1 chunks.
2026-05-27 17:26:34,707 - CarnaticGPT-Server - INFO - [query_optimizer.py:13] - Detected query type: person
2026-05-27 17:26:34,707 - CarnaticGPT-Server - INFO - [response_generator.py:196] - Using local Carnatic response generator fallback.
2026-05-27 17:26:34,707 - CarnaticGPT-Server - INFO - [response_formatter.py:40] - Answer formatting and Markdown auditing complete.
2026-05-27 17:26:34,840 - CarnaticGPT-Server - INFO - [rag.py:247] - Executing improved RAG Pipeline for query: 'What does the paper say about Carnatic datasets?'
2026-05-27 17:26:34,840 - CarnaticGPT-Server - INFO - [query_optimizer.py:22] - Detected query type: general
2026-05-27 17:26:34,859 - CarnaticGPT-Server - INFO - [reranker.py:27] - Reranking 10 chunks for query: 'What does the paper say about Carnatic datasets'
2026-05-27 17:26:34,860 - CarnaticGPT-Server - INFO - [reranker.py:69] - Top 3 reranked scores: [0.441, 0.441, 0.441]
2026-05-27 17:26:34,860 - CarnaticGPT-Server - INFO - [response_generator.py:123] - Generating natural answer for query: 'What does the paper say about Carnatic datasets?' with 3 chunks.
2026-05-27 17:26:34,860 - CarnaticGPT-Server - INFO - [query_optimizer.py:22] - Detected query type: general
2026-05-27 17:26:34,860 - CarnaticGPT-Server - INFO - [response_generator.py:196] - Using local Carnatic response generator fallback.
2026-05-27 17:26:34,860 - CarnaticGPT-Server - INFO - [response_formatter.py:40] - Answer formatting and Markdown auditing complete.
2026-05-27 17:26:34,861 - CarnaticGPT-Server - INFO - [rag.py:247] - Executing improved RAG Pipeline for query: 'Explain computational musicology.'
2026-05-27 17:26:34,861 - CarnaticGPT-Server - INFO - [query_optimizer.py:16] - Detected query type: explanation
2026-05-27 17:26:34,861 - CarnaticGPT-Server - INFO - [rag.py:127] - Injecting theory KB chunk for concept: 'computational musicology'
2026-05-27 17:26:34,877 - CarnaticGPT-Server - INFO - [reranker.py:27] - Reranking 11 chunks for query: 'Explain computational musicology'
2026-05-27 17:26:34,877 - CarnaticGPT-Server - INFO - [reranker.py:69] - Top 3 reranked scores: [0.831, 0.412, 0.412]
2026-05-27 17:26:34,878 - CarnaticGPT-Server - INFO - [response_generator.py:123] - Generating natural answer for query: 'Explain computational musicology.' with 3 chunks.
2026-05-27 17:26:34,878 - CarnaticGPT-Server - INFO - [query_optimizer.py:16] - Detected query type: explanation
2026-05-27 17:26:34,878 - CarnaticGPT-Server - INFO - [response_generator.py:196] - Using local Carnatic response generator fallback.
2026-05-27 17:26:34,878 - CarnaticGPT-Server - INFO - [response_formatter.py:40] - Answer formatting and Markdown auditing complete.
2026-05-27 17:26:34,879 - CarnaticGPT-Server - INFO - [rag.py:247] - Executing improved RAG Pipeline for query: 'Explain scalable extraction of Ragam metadata.'
2026-05-27 17:26:34,879 - CarnaticGPT-Server - INFO - [query_optimizer.py:16] - Detected query type: explanation
2026-05-27 17:26:34,880 - CarnaticGPT-Server - INFO - [rag.py:127] - Injecting theory KB chunk for concept: 'ragam'
2026-05-27 17:26:34,896 - CarnaticGPT-Server - INFO - [reranker.py:27] - Reranking 11 chunks for query: 'Explain scalable extraction of Ragam metadata'
2026-05-27 17:26:34,896 - CarnaticGPT-Server - INFO - [reranker.py:69] - Top 3 reranked scores: [0.847, 0.634, 0.634]
2026-05-27 17:26:34,897 - CarnaticGPT-Server - INFO - [response_generator.py:123] - Generating natural answer for query: 'Explain scalable extraction of Ragam metadata.' with 3 chunks.
2026-05-27 17:26:34,897 - CarnaticGPT-Server - INFO - [query_optimizer.py:16] - Detected query type: explanation
2026-05-27 17:26:34,897 - CarnaticGPT-Server - INFO - [response_generator.py:196] - Using local Carnatic response generator fallback.
2026-05-27 17:26:34,898 - CarnaticGPT-Server - INFO - [response_formatter.py:40] - Answer formatting and Markdown auditing complete.
2026-05-27 17:26:34,898 - CarnaticGPT-Server - INFO - [rag.py:247] - Executing improved RAG Pipeline for query: 'How are Shruti and Talam used?'
2026-05-27 17:26:34,898 - CarnaticGPT-Server - INFO - [query_optimizer.py:22] - Detected query type: general
2026-05-27 17:26:34,899 - CarnaticGPT-Server - INFO - [rag.py:127] - Injecting theory KB chunk for concept: 'carnatic music'
2026-05-27 17:26:34,918 - CarnaticGPT-Server - INFO - [reranker.py:27] - Reranking 11 chunks for query: 'How are Shruti and Talam used? pitch frequency note Carnatic music rhythm cycle'
2026-05-27 17:26:34,919 - CarnaticGPT-Server - INFO - [reranker.py:69] - Top 3 reranked scores: [0.806, 0.641, 0.641]
2026-05-27 17:26:34,919 - CarnaticGPT-Server - INFO - [response_generator.py:123] - Generating natural answer for query: 'How are Shruti and Talam used? pitch frequency note Carnatic music rhythm cycle' with 3 chunks.
2026-05-27 17:26:34,919 - CarnaticGPT-Server - INFO - [query_optimizer.py:22] - Detected query type: general
2026-05-27 17:26:34,919 - CarnaticGPT-Server - INFO - [response_generator.py:196] - Using local Carnatic response generator fallback.
2026-05-27 17:26:34,920 - CarnaticGPT-Server - INFO - [response_formatter.py:40] - Answer formatting and Markdown auditing complete.
2026-05-27 17:26:34,920 - CarnaticGPT-Server - INFO - [rag.py:247] - Executing improved RAG Pipeline for query: 'Summarize the uploaded paper.'
2026-05-27 17:26:34,920 - CarnaticGPT-Server - INFO - [query_optimizer.py:22] - Detected query type: general
2026-05-27 17:26:34,937 - CarnaticGPT-Server - INFO - [reranker.py:27] - Reranking 10 chunks for query: 'Summarize the uploaded paper'
2026-05-27 17:26:34,937 - CarnaticGPT-Server - INFO - [reranker.py:69] - Top 3 reranked scores: [0.356, 0.355, 0.353]
2026-05-27 17:26:34,937 - CarnaticGPT-Server - INFO - [response_generator.py:123] - Generating natural answer for query: 'Summarize the uploaded paper.' with 3 chunks.
2026-05-27 17:26:34,938 - CarnaticGPT-Server - INFO - [query_optimizer.py:22] - Detected query type: general
2026-05-27 17:26:34,938 - CarnaticGPT-Server - INFO - [response_generator.py:196] - Using local Carnatic response generator fallback.
2026-05-27 17:26:34,938 - CarnaticGPT-Server - INFO - [response_formatter.py:40] - Answer formatting and Markdown auditing complete.
2026-05-27 17:26:35,387 - CarnaticGPT-Server - INFO - [database.py:87] - SQLite database tables verified/initialized successfully.
2026-05-27 17:28:45,778 - CarnaticGPT-Server - INFO - [database.py:87] - SQLite database tables verified/initialized successfully.
2026-05-27 17:28:46,048 - CarnaticGPT-Server - INFO - [reranker.py:20] - CarnaticReranker initialized.
2026-05-27 17:28:46,049 - CarnaticGPT-Server - INFO - [confidence_engine.py:12] - CarnaticConfidenceEngine initialized.
2026-05-27 17:28:46,051 - CarnaticGPT-Server - INFO - [response_formatter.py:10] - CarnaticResponseFormatter initialized.
2026-05-27 17:28:57,304 - CarnaticGPT-Server - INFO - [database.py:87] - SQLite database tables verified/initialized successfully.
2026-05-27 17:28:57,479 - CarnaticGPT-Server - INFO - [reranker.py:20] - CarnaticReranker initialized.
2026-05-27 17:28:57,480 - CarnaticGPT-Server - INFO - [confidence_engine.py:12] - CarnaticConfidenceEngine initialized.
2026-05-27 17:28:57,483 - CarnaticGPT-Server - INFO - [response_formatter.py:10] - CarnaticResponseFormatter initialized.
2026-05-27 17:29:10,126 - CarnaticGPT-Server - INFO - [database.py:87] - SQLite database tables verified/initialized successfully.
2026-05-27 17:29:10,379 - CarnaticGPT-Server - INFO - [reranker.py:20] - CarnaticReranker initialized.
2026-05-27 17:29:10,381 - CarnaticGPT-Server - INFO - [confidence_engine.py:12] - CarnaticConfidenceEngine initialized.
2026-05-27 17:29:10,385 - CarnaticGPT-Server - INFO - [response_formatter.py:10] - CarnaticResponseFormatter initialized.
2026-05-27 17:29:31,679 - CarnaticGPT-Server - INFO - [server.py:46] - Pre-warming embedding model cache on server startup...
2026-05-27 17:29:31,680 - CarnaticGPT-Server - INFO - [model_loader.py:11] - Initializing embedding model cache...
2026-05-27 17:29:31,681 - CarnaticGPT-Server - INFO - [server.py:49] - Embedding model cache pre-warmed successfully!
2026-05-27 17:29:33,672 - CarnaticGPT-Server - INFO - [database.py:87] - SQLite database tables verified/initialized successfully.
2026-05-27 17:29:33,925 - CarnaticGPT-Server - INFO - [reranker.py:20] - CarnaticReranker initialized.
2026-05-27 17:29:33,928 - CarnaticGPT-Server - INFO - [confidence_engine.py:12] - CarnaticConfidenceEngine initialized.
2026-05-27 17:29:33,932 - CarnaticGPT-Server - INFO - [response_formatter.py:10] - CarnaticResponseFormatter initialized.
2026-05-27 17:29:53,021 - CarnaticGPT-Server - INFO - [server.py:46] - Pre-warming embedding model cache on server startup...
2026-05-27 17:29:53,021 - CarnaticGPT-Server - INFO - [model_loader.py:11] - Initializing embedding model cache...
2026-05-27 17:29:53,021 - CarnaticGPT-Server - INFO - [server.py:49] - Embedding model cache pre-warmed successfully!
2026-05-27 17:34:19,555 - CarnaticGPT-Server - INFO - [database.py:87] - SQLite database tables verified/initialized successfully.
2026-05-27 17:34:19,737 - CarnaticGPT-Server - INFO - [reranker.py:20] - CarnaticReranker initialized.
2026-05-27 17:34:19,738 - CarnaticGPT-Server - INFO - [confidence_engine.py:12] - CarnaticConfidenceEngine initialized.
2026-05-27 17:34:19,741 - CarnaticGPT-Server - INFO - [response_formatter.py:10] - CarnaticResponseFormatter initialized.
2026-05-27 17:34:29,875 - CarnaticGPT-Server - INFO - [rag.py:247] - Executing improved RAG Pipeline for query: 'Explain Bhairavi'
2026-05-27 17:34:29,876 - CarnaticGPT-Server - INFO - [query_optimizer.py:16] - Detected query type: explanation
2026-05-27 17:34:37,469 - CarnaticGPT-Server - INFO - [rag.py:283] - Raga entity detected: 'Bhairavi'. Filtering retrieval matching keywords.
2026-05-27 17:34:37,469 - CarnaticGPT-Server - INFO - [reranker.py:27] - Reranking 1 chunks for query: 'Explain Raga Bhairavi'
2026-05-27 17:34:37,469 - CarnaticGPT-Server - INFO - [reranker.py:69] - Top 3 reranked scores: [0.99]
2026-05-27 17:34:37,470 - CarnaticGPT-Server - INFO - [response_generator.py:123] - Generating natural answer for query: 'Explain Bhairavi' with 1 chunks.
2026-05-27 17:34:37,470 - CarnaticGPT-Server - INFO - [query_optimizer.py:16] - Detected query type: explanation
2026-05-27 17:34:37,470 - CarnaticGPT-Server - INFO - [response_generator.py:196] - Using local Carnatic response generator fallback.
2026-05-27 17:34:37,471 - CarnaticGPT-Server - INFO - [response_formatter.py:40] - Answer formatting and Markdown auditing complete.
2026-05-27 17:34:52,423 - CarnaticGPT-Server - INFO - [database.py:87] - SQLite database tables verified/initialized successfully.
2026-05-27 17:34:52,664 - CarnaticGPT-Server - INFO - [reranker.py:20] - CarnaticReranker initialized.
2026-05-27 17:34:52,666 - CarnaticGPT-Server - INFO - [confidence_engine.py:12] - CarnaticConfidenceEngine initialized.
2026-05-27 17:34:52,668 - CarnaticGPT-Server - INFO - [response_formatter.py:10] - CarnaticResponseFormatter initialized.
2026-05-27 17:35:11,303 - CarnaticGPT-Server - INFO - [database.py:87] - SQLite database tables verified/initialized successfully.
2026-05-27 17:35:11,403 - CarnaticGPT-Server - INFO - [server.py:46] - Pre-warming embedding model cache on server startup...
2026-05-27 17:35:11,403 - CarnaticGPT-Server - INFO - [model_loader.py:11] - Initializing embedding model cache...
2026-05-27 17:35:11,404 - CarnaticGPT-Server - INFO - [server.py:49] - Embedding model cache pre-warmed successfully!
2026-05-27 17:35:11,495 - CarnaticGPT-Server - INFO - [reranker.py:20] - CarnaticReranker initialized.
2026-05-27 17:35:11,496 - CarnaticGPT-Server - INFO - [confidence_engine.py:12] - CarnaticConfidenceEngine initialized.
2026-05-27 17:35:11,499 - CarnaticGPT-Server - INFO - [response_formatter.py:10] - CarnaticResponseFormatter initialized.
2026-05-27 17:35:30,490 - CarnaticGPT-Server - INFO - [rag.py:247] - Executing improved RAG Pipeline for query: 'Explain Bhairavi'
2026-05-27 17:35:30,491 - CarnaticGPT-Server - INFO - [query_optimizer.py:16] - Detected query type: explanation
2026-05-27 17:35:38,269 - CarnaticGPT-Server - INFO - [rag.py:283] - Raga entity detected: 'Bhairavi'. Filtering retrieval matching keywords.
2026-05-27 17:35:38,270 - CarnaticGPT-Server - INFO - [reranker.py:27] - Reranking 1 chunks for query: 'Explain Raga Bhairavi'
2026-05-27 17:35:38,270 - CarnaticGPT-Server - INFO - [reranker.py:69] - Top 3 reranked scores: [0.99]
2026-05-27 17:35:38,270 - CarnaticGPT-Server - INFO - [response_generator.py:123] - Generating natural answer for query: 'Explain Bhairavi' with 1 chunks.
2026-05-27 17:35:38,270 - CarnaticGPT-Server - INFO - [query_optimizer.py:16] - Detected query type: explanation
2026-05-27 17:35:38,271 - CarnaticGPT-Server - INFO - [response_generator.py:196] - Using local Carnatic response generator fallback.
2026-05-27 17:35:38,272 - CarnaticGPT-Server - INFO - [response_formatter.py:40] - Answer formatting and Markdown auditing complete.
2026-05-27 17:44:08,823 - CarnaticGPT-Server - INFO - [database.py:87] - SQLite database tables verified/initialized successfully.
2026-05-27 17:44:09,154 - CarnaticGPT-Server - INFO - [reranker.py:20] - CarnaticReranker initialized.
2026-05-27 17:44:09,155 - CarnaticGPT-Server - INFO - [confidence_engine.py:12] - CarnaticConfidenceEngine initialized.
2026-05-27 17:44:09,158 - CarnaticGPT-Server - INFO - [response_formatter.py:10] - CarnaticResponseFormatter initialized.
2026-05-27 17:44:24,299 - CarnaticGPT-Server - INFO - [server.py:46] - Pre-warming embedding model cache on server startup...
2026-05-27 17:44:24,300 - CarnaticGPT-Server - INFO - [model_loader.py:11] - Initializing embedding model cache...
2026-05-27 17:44:24,302 - CarnaticGPT-Server - INFO - [server.py:49] - Embedding model cache pre-warmed successfully!
2026-05-27 17:44:53,669 - CarnaticGPT-Server - INFO - [history.py:17] - Created conversation session: eca3a14b-df5c-499f-8baa-3f736bc0314e for user_id 2
2026-05-27 17:44:53,701 - CarnaticGPT-Server - INFO - [rag.py:247] - Executing improved RAG Pipeline for query: 'What is a Ragam?'
2026-05-27 17:44:53,715 - CarnaticGPT-Server - INFO - [query_optimizer.py:16] - Detected query type: explanation
2026-05-27 17:44:57,879 - CarnaticGPT-Server - INFO - [rag.py:247] - Executing improved RAG Pipeline for query: 'Compare Kalyani vs Mohanam'
2026-05-27 17:44:57,881 - CarnaticGPT-Server - INFO - [query_optimizer.py:10] - Detected query type: comparison
2026-05-27 17:44:57,882 - CarnaticGPT-Server - INFO - [rag.py:265] - Comparison query detected. Running independent retrievals for 'kalyani' and 'mohanam'
2026-05-27 17:45:01,887 - CarnaticGPT-Server - INFO - [rag.py:127] - Injecting theory KB chunk for concept: 'ragam'
2026-05-27 17:45:02,083 - CarnaticGPT-Server - INFO - [reranker.py:27] - Reranking 11 chunks for query: 'What is a Ragam'
2026-05-27 17:45:02,084 - CarnaticGPT-Server - INFO - [reranker.py:69] - Top 3 reranked scores: [0.99, 0.566, 0.565]
2026-05-27 17:45:02,084 - CarnaticGPT-Server - INFO - [response_generator.py:123] - Generating natural answer for query: 'What is a Ragam?' with 3 chunks.
2026-05-27 17:45:02,085 - CarnaticGPT-Server - INFO - [query_optimizer.py:16] - Detected query type: explanation
2026-05-27 17:45:02,085 - CarnaticGPT-Server - INFO - [response_generator.py:196] - Using local Carnatic response generator fallback.
2026-05-27 17:45:02,086 - CarnaticGPT-Server - INFO - [response_formatter.py:40] - Answer formatting and Markdown auditing complete.
2026-05-27 18:51:07,107 - CarnaticGPT-Server - INFO - [reranker.py:20] - CarnaticReranker initialized.
2026-05-27 18:51:07,108 - CarnaticGPT-Server - INFO - [confidence_engine.py:12] - CarnaticConfidenceEngine initialized.
2026-05-27 18:51:07,112 - CarnaticGPT-Server - INFO - [response_formatter.py:10] - CarnaticResponseFormatter initialized.
2026-05-27 18:51:44,911 - CarnaticGPT-Server - INFO - [rag.py:247] - Executing improved RAG Pipeline for query: 'Which songs belong to Aarabhi?'
2026-05-27 18:51:44,922 - CarnaticGPT-Server - INFO - [query_optimizer.py:22] - Detected query type: general
2026-05-27 18:51:52,742 - CarnaticGPT-Server - INFO - [rag.py:283] - Raga entity detected: 'Arabhi'. Filtering retrieval matching keywords.
2026-05-27 18:51:52,743 - CarnaticGPT-Server - INFO - [reranker.py:27] - Reranking 1 chunks for query: 'Which songs belong to Aarabhi'
2026-05-27 18:51:52,743 - CarnaticGPT-Server - INFO - [reranker.py:69] - Top 3 reranked scores: [0.57]
2026-05-27 18:51:52,744 - CarnaticGPT-Server - INFO - [response_generator.py:123] - Generating natural answer for query: 'Which songs belong to Aarabhi?' with 1 chunks.
2026-05-27 18:51:52,744 - CarnaticGPT-Server - INFO - [query_optimizer.py:22] - Detected query type: general
2026-05-27 18:51:52,744 - CarnaticGPT-Server - INFO - [response_generator.py:196] - Using local Carnatic response generator fallback.
2026-05-27 18:51:52,746 - CarnaticGPT-Server - INFO - [response_formatter.py:40] - Answer formatting and Markdown auditing complete.
2026-05-27 18:51:52,747 - CarnaticGPT-Server - INFO - [rag.py:247] - Executing improved RAG Pipeline for query: 'Who composed Nagumomu?'
2026-05-27 18:51:52,757 - CarnaticGPT-Server - INFO - [query_optimizer.py:13] - Detected query type: person
2026-05-27 18:51:52,788 - CarnaticGPT-Server - INFO - [reranker.py:27] - Reranking 10 chunks for query: 'Who composed Nagumomu'
2026-05-27 18:51:52,789 - CarnaticGPT-Server - INFO - [reranker.py:69] - Top 3 reranked scores: [0.591, 0.591, 0.576]
2026-05-27 18:51:52,789 - CarnaticGPT-Server - INFO - [response_generator.py:123] - Generating natural answer for query: 'Who composed Nagumomu?' with 3 chunks.
2026-05-27 18:51:52,789 - CarnaticGPT-Server - INFO - [query_optimizer.py:13] - Detected query type: person
2026-05-27 18:51:52,790 - CarnaticGPT-Server - INFO - [response_generator.py:196] - Using local Carnatic response generator fallback.
2026-05-27 18:51:52,790 - CarnaticGPT-Server - INFO - [response_formatter.py:40] - Answer formatting and Markdown auditing complete.
2026-05-27 18:51:52,791 - CarnaticGPT-Server - INFO - [rag.py:247] - Executing improved RAG Pipeline for query: 'List songs by Tyagaraja.'
2026-05-27 18:51:52,791 - CarnaticGPT-Server - INFO - [query_optimizer.py:22] - Detected query type: general
2026-05-27 18:51:52,822 - CarnaticGPT-Server - INFO - [reranker.py:27] - Reranking 10 chunks for query: 'List songs by Tyagaraja'
2026-05-27 18:51:52,822 - CarnaticGPT-Server - INFO - [reranker.py:69] - Top 3 reranked scores: [0.599, 0.503, 0.501]
2026-05-27 18:51:52,823 - CarnaticGPT-Server - INFO - [response_generator.py:123] - Generating natural answer for query: 'List songs by Tyagaraja.' with 3 chunks.
2026-05-27 18:51:52,824 - CarnaticGPT-Server - INFO - [query_optimizer.py:22] - Detected query type: general
2026-05-27 18:51:52,824 - CarnaticGPT-Server - INFO - [response_generator.py:196] - Using local Carnatic response generator fallback.
2026-05-27 18:51:52,825 - CarnaticGPT-Server - INFO - [response_formatter.py:40] - Answer formatting and Markdown auditing complete.
2026-05-27 18:51:52,825 - CarnaticGPT-Server - INFO - [rag.py:247] - Executing improved RAG Pipeline for query: 'Which ragas belong to Janya number 22?'
2026-05-27 18:51:52,826 - CarnaticGPT-Server - INFO - [query_optimizer.py:22] - Detected query type: general
2026-05-27 18:51:52,858 - CarnaticGPT-Server - INFO - [reranker.py:27] - Reranking 10 chunks for query: 'Which ragas belong to Janya number 22'
2026-05-27 18:51:52,859 - CarnaticGPT-Server - INFO - [reranker.py:69] - Top 3 reranked scores: [0.793, 0.791, 0.789]
2026-05-27 18:51:52,860 - CarnaticGPT-Server - INFO - [response_generator.py:123] - Generating natural answer for query: 'Which ragas belong to Janya number 22?' with 3 chunks.
2026-05-27 18:51:52,860 - CarnaticGPT-Server - INFO - [query_optimizer.py:22] - Detected query type: general
2026-05-27 18:51:52,861 - CarnaticGPT-Server - INFO - [response_generator.py:196] - Using local Carnatic response generator fallback.
2026-05-27 18:51:52,861 - CarnaticGPT-Server - INFO - [response_formatter.py:40] - Answer formatting and Markdown auditing complete.
2026-05-27 18:51:52,862 - CarnaticGPT-Server - INFO - [rag.py:247] - Executing improved RAG Pipeline for query: 'Show songs in Abheri.'
2026-05-27 18:51:52,863 - CarnaticGPT-Server - INFO - [query_optimizer.py:22] - Detected query type: general
2026-05-27 18:51:52,891 - CarnaticGPT-Server - INFO - [reranker.py:27] - Reranking 10 chunks for query: 'Show songs in Abheri'
2026-05-27 18:51:52,892 - CarnaticGPT-Server - INFO - [reranker.py:69] - Top 3 reranked scores: [0.576, 0.575, 0.573]
2026-05-27 18:51:52,892 - CarnaticGPT-Server - INFO - [response_generator.py:123] - Generating natural answer for query: 'Show songs in Abheri.' with 3 chunks.
2026-05-27 18:51:52,893 - CarnaticGPT-Server - INFO - [query_optimizer.py:22] - Detected query type: general
2026-05-27 18:51:52,893 - CarnaticGPT-Server - INFO - [response_generator.py:196] - Using local Carnatic response generator fallback.
2026-05-27 18:51:52,893 - CarnaticGPT-Server - INFO - [response_formatter.py:40] - Answer formatting and Markdown auditing complete.
2026-05-27 18:51:52,894 - CarnaticGPT-Server - INFO - [rag.py:247] - Executing improved RAG Pipeline for query: 'Explain Hindolam and list songs in Hindolam.'
2026-05-27 18:51:52,894 - CarnaticGPT-Server - INFO - [query_optimizer.py:16] - Detected query type: explanation
2026-05-27 18:51:52,927 - CarnaticGPT-Server - INFO - [rag.py:283] - Raga entity detected: 'Hindolam'. Filtering retrieval matching keywords.
2026-05-27 18:51:52,927 - CarnaticGPT-Server - INFO - [reranker.py:27] - Reranking 1 chunks for query: 'Explain Raga Hindolam and list songs in Raga Hindolam'
2026-05-27 18:51:52,928 - CarnaticGPT-Server - INFO - [reranker.py:69] - Top 3 reranked scores: [0.891]
2026-05-27 18:51:52,928 - CarnaticGPT-Server - INFO - [response_generator.py:123] - Generating natural answer for query: 'Explain Hindolam and list songs in Hindolam.' with 1 chunks.
2026-05-27 18:51:52,929 - CarnaticGPT-Server - INFO - [query_optimizer.py:16] - Detected query type: explanation
2026-05-27 18:51:52,929 - CarnaticGPT-Server - INFO - [response_generator.py:196] - Using local Carnatic response generator fallback.
2026-05-27 18:51:52,930 - CarnaticGPT-Server - INFO - [response_formatter.py:40] - Answer formatting and Markdown auditing complete.
2026-05-27 18:51:52,930 - CarnaticGPT-Server - INFO - [rag.py:247] - Executing improved RAG Pipeline for query: 'Compare Kalyani and Mohanam and give compositions.'
2026-05-27 18:51:52,930 - CarnaticGPT-Server - INFO - [query_optimizer.py:10] - Detected query type: comparison
2026-05-27 18:51:52,931 - CarnaticGPT-Server - INFO - [rag.py:265] - Comparison query detected. Running independent retrievals for 'kalyani' and 'mohanam'
2026-05-27 18:51:52,987 - CarnaticGPT-Server - INFO - [rag.py:283] - Raga entity detected: 'Kalyani'. Filtering retrieval matching keywords.
2026-05-27 18:51:52,987 - CarnaticGPT-Server - INFO - [reranker.py:27] - Reranking 5 chunks for query: 'Compare Raga Kalyani and Mohanam and give compositions'
2026-05-27 18:51:52,988 - CarnaticGPT-Server - INFO - [reranker.py:69] - Top 3 reranked scores: [0.99, 0.84, 0.84]
2026-05-27 18:51:52,988 - CarnaticGPT-Server - INFO - [response_generator.py:123] - Generating natural answer for query: 'Compare Kalyani and Mohanam and give compositions.' with 3 chunks.
2026-05-27 18:51:52,988 - CarnaticGPT-Server - INFO - [query_optimizer.py:10] - Detected query type: comparison
2026-05-27 18:51:52,989 - CarnaticGPT-Server - INFO - [response_formatter.py:40] - Answer formatting and Markdown auditing complete.
2026-05-27 18:51:52,989 - CarnaticGPT-Server - INFO - [rag.py:247] - Executing improved RAG Pipeline for query: 'Who composed songs in Bhairavi?'
2026-05-27 18:51:52,989 - CarnaticGPT-Server - INFO - [query_optimizer.py:13] - Detected query type: person
2026-05-27 18:51:53,021 - CarnaticGPT-Server - INFO - [rag.py:283] - Raga entity detected: 'Bhairavi'. Filtering retrieval matching keywords.
2026-05-27 18:51:53,022 - CarnaticGPT-Server - INFO - [reranker.py:27] - Reranking 1 chunks for query: 'Who composed songs in Raga Bhairavi'
2026-05-27 18:51:53,022 - CarnaticGPT-Server - INFO - [reranker.py:69] - Top 3 reranked scores: [0.99]
2026-05-27 18:51:53,023 - CarnaticGPT-Server - INFO - [response_generator.py:123] - Generating natural answer for query: 'Who composed songs in Bhairavi?' with 1 chunks.
2026-05-27 18:51:53,023 - CarnaticGPT-Server - INFO - [query_optimizer.py:13] - Detected query type: person
2026-05-27 18:51:53,023 - CarnaticGPT-Server - INFO - [response_generator.py:196] - Using local Carnatic response generator fallback.
2026-05-27 18:51:53,024 - CarnaticGPT-Server - INFO - [response_formatter.py:40] - Answer formatting and Markdown auditing complete.
2026-05-27 20:03:24,671 - CarnaticGPT-Server - INFO - [database.py:87] - SQLite database tables verified/initialized successfully.
2026-05-27 20:03:25,141 - CarnaticGPT-Server - INFO - [reranker.py:20] - CarnaticReranker initialized.
2026-05-27 20:03:25,143 - CarnaticGPT-Server - INFO - [confidence_engine.py:12] - CarnaticConfidenceEngine initialized.
2026-05-27 20:03:25,148 - CarnaticGPT-Server - INFO - [response_formatter.py:10] - CarnaticResponseFormatter initialized.
2026-05-27 20:03:42,528 - CarnaticGPT-Server - INFO - [server.py:46] - Pre-warming embedding model cache on server startup...
2026-05-27 20:03:42,529 - CarnaticGPT-Server - INFO - [model_loader.py:11] - Initializing embedding model cache...
2026-05-27 20:03:42,530 - CarnaticGPT-Server - INFO - [server.py:49] - Embedding model cache pre-warmed successfully!
2026-05-27 20:03:47,189 - CarnaticGPT-Server - INFO - [database.py:87] - SQLite database tables verified/initialized successfully.
2026-05-27 20:03:47,497 - CarnaticGPT-Server - INFO - [reranker.py:20] - CarnaticReranker initialized.
2026-05-27 20:03:47,498 - CarnaticGPT-Server - INFO - [confidence_engine.py:12] - CarnaticConfidenceEngine initialized.
2026-05-27 20:03:47,502 - CarnaticGPT-Server - INFO - [response_formatter.py:10] - CarnaticResponseFormatter initialized.
2026-05-27 20:04:00,624 - CarnaticGPT-Server - INFO - [server.py:46] - Pre-warming embedding model cache on server startup...
2026-05-27 20:04:00,624 - CarnaticGPT-Server - INFO - [model_loader.py:11] - Initializing embedding model cache...
2026-05-27 20:04:00,624 - CarnaticGPT-Server - INFO - [server.py:49] - Embedding model cache pre-warmed successfully!
2026-05-27 20:11:31,161 - CarnaticGPT-Server - INFO - [history.py:17] - Created conversation session: 84c4811a-8ed8-4dbf-9a68-b19a09bf6f26 for user_id 2
2026-05-27 20:11:31,185 - CarnaticGPT-Server - INFO - [rag.py:247] - Executing improved RAG Pipeline for query: 'Compare Kalyani vs Mohanam'
2026-05-27 20:11:31,187 - CarnaticGPT-Server - INFO - [query_optimizer.py:10] - Detected query type: comparison
2026-05-27 20:11:31,189 - CarnaticGPT-Server - INFO - [rag.py:265] - Comparison query detected. Running independent retrievals for 'kalyani' and 'mohanam'
2026-05-27 20:11:39,173 - CarnaticGPT-Server - INFO - [rag.py:283] - Raga entity detected: 'Kalyani'. Filtering retrieval matching keywords.
2026-05-27 20:11:39,173 - CarnaticGPT-Server - INFO - [reranker.py:27] - Reranking 5 chunks for query: 'Compare Raga Kalyani vs Mohanam'
2026-05-27 20:11:39,174 - CarnaticGPT-Server - INFO - [reranker.py:69] - Top 3 reranked scores: [0.99, 0.886, 0.886]
2026-05-27 20:11:39,175 - CarnaticGPT-Server - INFO - [response_generator.py:123] - Generating natural answer for query: 'Compare Kalyani vs Mohanam' with 3 chunks.
2026-05-27 20:11:39,175 - CarnaticGPT-Server - INFO - [query_optimizer.py:10] - Detected query type: comparison
2026-05-27 20:11:39,179 - CarnaticGPT-Server - INFO - [response_formatter.py:40] - Answer formatting and Markdown auditing complete.
2026-05-27 21:07:20,239 - CarnaticGPT-Server - INFO - [database.py:87] - SQLite database tables verified/initialized successfully.
2026-05-27 21:07:20,588 - CarnaticGPT-Server - INFO - [reranker.py:20] - CarnaticReranker initialized.
2026-05-27 21:07:20,590 - CarnaticGPT-Server - INFO - [confidence_engine.py:12] - CarnaticConfidenceEngine initialized.
2026-05-27 21:07:20,594 - CarnaticGPT-Server - INFO - [response_formatter.py:10] - CarnaticResponseFormatter initialized.
2026-05-27 21:07:38,941 - CarnaticGPT-Server - INFO - [database.py:87] - SQLite database tables verified/initialized successfully.
2026-05-27 21:07:39,220 - CarnaticGPT-Server - INFO - [reranker.py:20] - CarnaticReranker initialized.
2026-05-27 21:07:39,221 - CarnaticGPT-Server - INFO - [confidence_engine.py:12] - CarnaticConfidenceEngine initialized.
2026-05-27 21:07:39,223 - CarnaticGPT-Server - INFO - [response_formatter.py:10] - CarnaticResponseFormatter initialized.
2026-05-27 21:07:51,273 - CarnaticGPT-Server - INFO - [database.py:87] - SQLite database tables verified/initialized successfully.
2026-05-27 21:07:51,528 - CarnaticGPT-Server - INFO - [reranker.py:20] - CarnaticReranker initialized.
2026-05-27 21:07:51,529 - CarnaticGPT-Server - INFO - [confidence_engine.py:12] - CarnaticConfidenceEngine initialized.
2026-05-27 21:07:51,533 - CarnaticGPT-Server - INFO - [response_formatter.py:10] - CarnaticResponseFormatter initialized.
2026-05-27 21:09:02,355 - CarnaticGPT-Server - INFO - [database.py:87] - SQLite database tables verified/initialized successfully.
2026-05-27 21:09:02,569 - CarnaticGPT-Server - INFO - [reranker.py:20] - CarnaticReranker initialized.
2026-05-27 21:09:02,570 - CarnaticGPT-Server - INFO - [confidence_engine.py:12] - CarnaticConfidenceEngine initialized.
2026-05-27 21:09:02,572 - CarnaticGPT-Server - INFO - [response_formatter.py:10] - CarnaticResponseFormatter initialized.
2026-05-27 21:13:37,466 - CarnaticGPT-Server - INFO - [database.py:87] - SQLite database tables verified/initialized successfully.
2026-05-27 21:13:37,741 - CarnaticGPT-Server - INFO - [reranker.py:20] - CarnaticReranker initialized.
2026-05-27 21:13:37,742 - CarnaticGPT-Server - INFO - [confidence_engine.py:12] - CarnaticConfidenceEngine initialized.
2026-05-27 21:13:37,745 - CarnaticGPT-Server - INFO - [response_formatter.py:10] - CarnaticResponseFormatter initialized.
2026-05-27 21:14:01,430 - CarnaticGPT-Server - INFO - [database.py:87] - SQLite database tables verified/initialized successfully.
2026-05-27 21:14:01,704 - CarnaticGPT-Server - INFO - [reranker.py:20] - CarnaticReranker initialized.
2026-05-27 21:14:01,705 - CarnaticGPT-Server - INFO - [confidence_engine.py:12] - CarnaticConfidenceEngine initialized.
2026-05-27 21:14:01,707 - CarnaticGPT-Server - INFO - [response_formatter.py:10] - CarnaticResponseFormatter initialized.
2026-05-27 21:14:24,310 - CarnaticGPT-Server - INFO - [database.py:87] - SQLite database tables verified/initialized successfully.
2026-05-27 21:14:24,565 - CarnaticGPT-Server - INFO - [reranker.py:20] - CarnaticReranker initialized.
2026-05-27 21:14:24,566 - CarnaticGPT-Server - INFO - [confidence_engine.py:12] - CarnaticConfidenceEngine initialized.
2026-05-27 21:14:24,569 - CarnaticGPT-Server - INFO - [response_formatter.py:10] - CarnaticResponseFormatter initialized.
2026-05-27 21:15:40,561 - CarnaticGPT-Server - INFO - [reranker.py:20] - CarnaticReranker initialized.
2026-05-27 21:15:40,562 - CarnaticGPT-Server - INFO - [confidence_engine.py:12] - CarnaticConfidenceEngine initialized.
2026-05-27 21:15:40,564 - CarnaticGPT-Server - INFO - [response_formatter.py:10] - CarnaticResponseFormatter initialized.
2026-05-27 21:15:55,897 - CarnaticGPT-Server - INFO - [rag.py:247] - Executing improved RAG Pipeline for query: 'What is Shruti?'
2026-05-27 21:15:55,905 - CarnaticGPT-Server - INFO - [query_optimizer.py:16] - Detected query type: explanation
2026-05-27 21:16:02,910 - CarnaticGPT-Server - INFO - [rag.py:127] - Injecting theory KB chunk for concept: 'carnatic music'
2026-05-27 21:16:03,178 - CarnaticGPT-Server - INFO - [reranker.py:27] - Reranking 11 chunks for query: 'What is Shruti? pitch frequency note Carnatic music'
2026-05-27 21:16:03,179 - CarnaticGPT-Server - INFO - [reranker.py:69] - Top 3 reranked scores: [0.714, 0.446, 0.446]
2026-05-27 21:16:03,179 - CarnaticGPT-Server - INFO - [response_generator.py:123] - Generating natural answer for query: 'What is Shruti? pitch frequency note Carnatic music' with 3 chunks.
2026-05-27 21:16:03,180 - CarnaticGPT-Server - INFO - [query_optimizer.py:16] - Detected query type: explanation
2026-05-27 21:16:03,180 - CarnaticGPT-Server - INFO - [response_generator.py:196] - Using local Carnatic response generator fallback.
2026-05-27 21:16:03,181 - CarnaticGPT-Server - INFO - [response_formatter.py:40] - Answer formatting and Markdown auditing complete.
2026-05-27 21:16:03,183 - CarnaticGPT-Server - INFO - [rag.py:247] - Executing improved RAG Pipeline for query: 'What is Gamaka?'
2026-05-27 21:16:03,190 - CarnaticGPT-Server - INFO - [query_optimizer.py:16] - Detected query type: explanation
2026-05-27 21:16:03,191 - CarnaticGPT-Server - INFO - [rag.py:127] - Injecting theory KB chunk for concept: 'gamaka'
2026-05-27 21:16:03,213 - CarnaticGPT-Server - INFO - [reranker.py:27] - Reranking 11 chunks for query: 'What is Gamaka? ornamentation musical embellishment'
2026-05-27 21:16:03,213 - CarnaticGPT-Server - INFO - [reranker.py:69] - Top 3 reranked scores: [0.795, 0.795, 0.795]
2026-05-27 21:16:03,214 - CarnaticGPT-Server - INFO - [response_generator.py:123] - Generating natural answer for query: 'What is Gamaka? ornamentation musical embellishment' with 3 chunks.
2026-05-27 21:16:03,214 - CarnaticGPT-Server - INFO - [query_optimizer.py:16] - Detected query type: explanation
2026-05-27 21:16:03,214 - CarnaticGPT-Server - INFO - [response_generator.py:196] - Using local Carnatic response generator fallback.
2026-05-27 21:16:03,215 - CarnaticGPT-Server - INFO - [response_formatter.py:40] - Answer formatting and Markdown auditing complete.
2026-05-27 21:16:03,216 - CarnaticGPT-Server - INFO - [rag.py:247] - Executing improved RAG Pipeline for query: 'What is Jeeva Swara?'
2026-05-27 21:16:03,217 - CarnaticGPT-Server - INFO - [query_optimizer.py:16] - Detected query type: explanation
2026-05-27 21:16:03,217 - CarnaticGPT-Server - INFO - [rag.py:127] - Injecting theory KB chunk for concept: 'jeeva swara'
2026-05-27 21:16:03,240 - CarnaticGPT-Server - INFO - [reranker.py:27] - Reranking 11 chunks for query: 'What is Jeeva Swara? important defining swara'
2026-05-27 21:16:03,241 - CarnaticGPT-Server - INFO - [reranker.py:69] - Top 3 reranked scores: [0.981, 0.614, 0.547]
2026-05-27 21:16:03,241 - CarnaticGPT-Server - INFO - [response_generator.py:123] - Generating natural answer for query: 'What is Jeeva Swara? important defining swara' with 3 chunks.
2026-05-27 21:16:03,242 - CarnaticGPT-Server - INFO - [query_optimizer.py:16] - Detected query type: explanation
2026-05-27 21:16:03,242 - CarnaticGPT-Server - INFO - [response_generator.py:196] - Using local Carnatic response generator fallback.
2026-05-27 21:16:03,242 - CarnaticGPT-Server - INFO - [response_formatter.py:40] - Answer formatting and Markdown auditing complete.
2026-05-27 21:16:03,243 - CarnaticGPT-Server - INFO - [rag.py:247] - Executing improved RAG Pipeline for query: 'Who is Tyagaraja?'
2026-05-27 21:16:03,244 - CarnaticGPT-Server - INFO - [query_optimizer.py:13] - Detected query type: person
2026-05-27 21:16:03,264 - CarnaticGPT-Server - INFO - [reranker.py:27] - Reranking 10 chunks for query: 'Who is Tyagaraja'
2026-05-27 21:16:03,265 - CarnaticGPT-Server - INFO - [reranker.py:69] - Top 3 reranked scores: [0.425, 0.425, 0.422]
2026-05-27 21:16:03,265 - CarnaticGPT-Server - INFO - [response_generator.py:123] - Generating natural answer for query: 'Who is Tyagaraja?' with 3 chunks.
2026-05-27 21:16:03,265 - CarnaticGPT-Server - INFO - [query_optimizer.py:13] - Detected query type: person
2026-05-27 21:16:03,266 - CarnaticGPT-Server - INFO - [response_generator.py:196] - Using local Carnatic response generator fallback.
2026-05-27 21:16:03,266 - CarnaticGPT-Server - INFO - [response_formatter.py:40] - Answer formatting and Markdown auditing complete.
2026-05-27 21:16:03,268 - CarnaticGPT-Server - INFO - [rag.py:247] - Executing improved RAG Pipeline for query: 'Explain Hindolam'
2026-05-27 21:16:03,268 - CarnaticGPT-Server - INFO - [query_optimizer.py:16] - Detected query type: explanation
2026-05-27 21:16:03,289 - CarnaticGPT-Server - INFO - [rag.py:283] - Raga entity detected: 'Hindolam'. Filtering retrieval matching keywords.
2026-05-27 21:16:03,289 - CarnaticGPT-Server - INFO - [reranker.py:27] - Reranking 1 chunks for query: 'Explain Raga Hindolam'
2026-05-27 21:16:03,290 - CarnaticGPT-Server - INFO - [reranker.py:69] - Top 3 reranked scores: [0.987]
2026-05-27 21:16:03,290 - CarnaticGPT-Server - INFO - [response_generator.py:123] - Generating natural answer for query: 'Explain Hindolam' with 1 chunks.
2026-05-27 21:16:03,291 - CarnaticGPT-Server - INFO - [query_optimizer.py:16] - Detected query type: explanation
2026-05-27 21:16:03,291 - CarnaticGPT-Server - INFO - [response_generator.py:196] - Using local Carnatic response generator fallback.
2026-05-27 21:16:03,291 - CarnaticGPT-Server - INFO - [response_formatter.py:40] - Answer formatting and Markdown auditing complete.
2026-05-27 21:16:03,293 - CarnaticGPT-Server - INFO - [rag.py:247] - Executing improved RAG Pipeline for query: 'Compare Kalyani and Mohanam'
2026-05-27 21:16:03,293 - CarnaticGPT-Server - INFO - [query_optimizer.py:10] - Detected query type: comparison
2026-05-27 21:16:03,294 - CarnaticGPT-Server - INFO - [rag.py:265] - Comparison query detected. Running independent retrievals for 'kalyani' and 'mohanam'
2026-05-27 21:16:03,332 - CarnaticGPT-Server - INFO - [rag.py:283] - Raga entity detected: 'Kalyani'. Filtering retrieval matching keywords.
2026-05-27 21:16:03,333 - CarnaticGPT-Server - INFO - [reranker.py:27] - Reranking 5 chunks for query: 'Compare Raga Kalyani and Mohanam'
2026-05-27 21:16:03,333 - CarnaticGPT-Server - INFO - [reranker.py:69] - Top 3 reranked scores: [0.99, 0.886, 0.886]
2026-05-27 21:16:03,334 - CarnaticGPT-Server - INFO - [response_generator.py:123] - Generating natural answer for query: 'Compare Kalyani and Mohanam' with 3 chunks.
2026-05-27 21:16:03,334 - CarnaticGPT-Server - INFO - [query_optimizer.py:10] - Detected query type: comparison
2026-05-27 21:16:03,334 - CarnaticGPT-Server - INFO - [response_formatter.py:40] - Answer formatting and Markdown auditing complete.
2026-05-27 21:16:03,336 - CarnaticGPT-Server - INFO - [rag.py:247] - Executing improved RAG Pipeline for query: 'What is Talam?'
2026-05-27 21:16:03,337 - CarnaticGPT-Server - INFO - [query_optimizer.py:16] - Detected query type: explanation
2026-05-27 21:16:03,337 - CarnaticGPT-Server - INFO - [rag.py:127] - Injecting theory KB chunk for concept: 'talam'
2026-05-27 21:16:03,357 - CarnaticGPT-Server - INFO - [reranker.py:27] - Reranking 11 chunks for query: 'What is Talam? rhythm cycle'
2026-05-27 21:16:03,358 - CarnaticGPT-Server - INFO - [reranker.py:69] - Top 3 reranked scores: [0.954, 0.583, 0.583]
2026-05-27 21:16:03,358 - CarnaticGPT-Server - INFO - [response_generator.py:123] - Generating natural answer for query: 'What is Talam? rhythm cycle' with 3 chunks.
2026-05-27 21:16:03,358 - CarnaticGPT-Server - INFO - [query_optimizer.py:16] - Detected query type: explanation
2026-05-27 21:16:03,359 - CarnaticGPT-Server - INFO - [response_generator.py:196] - Using local Carnatic response generator fallback.
2026-05-27 21:16:03,359 - CarnaticGPT-Server - INFO - [response_formatter.py:40] - Answer formatting and Markdown auditing complete.
2026-05-27 21:16:03,360 - CarnaticGPT-Server - INFO - [rag.py:247] - Executing improved RAG Pipeline for query: 'Explain computational musicology'
2026-05-27 21:16:03,361 - CarnaticGPT-Server - INFO - [query_optimizer.py:16] - Detected query type: explanation
2026-05-27 21:16:03,362 - CarnaticGPT-Server - INFO - [rag.py:127] - Injecting theory KB chunk for concept: 'computational musicology'
2026-05-27 21:16:03,381 - CarnaticGPT-Server - INFO - [reranker.py:27] - Reranking 11 chunks for query: 'Explain computational musicology'
2026-05-27 21:16:03,382 - CarnaticGPT-Server - INFO - [reranker.py:69] - Top 3 reranked scores: [0.831, 0.412, 0.412]
2026-05-27 21:16:03,382 - CarnaticGPT-Server - INFO - [response_generator.py:123] - Generating natural answer for query: 'Explain computational musicology' with 3 chunks.
2026-05-27 21:16:03,382 - CarnaticGPT-Server - INFO - [query_optimizer.py:16] - Detected query type: explanation
2026-05-27 21:16:03,383 - CarnaticGPT-Server - INFO - [response_generator.py:196] - Using local Carnatic response generator fallback.
2026-05-27 21:16:03,383 - CarnaticGPT-Server - INFO - [response_formatter.py:40] - Answer formatting and Markdown auditing complete.
2026-05-27 21:46:26,889 - CarnaticGPT-Server - INFO - [reranker.py:20] - CarnaticReranker initialized.
2026-05-27 21:46:26,891 - CarnaticGPT-Server - INFO - [confidence_engine.py:12] - CarnaticConfidenceEngine initialized.
2026-05-27 21:46:26,896 - CarnaticGPT-Server - INFO - [response_formatter.py:10] - CarnaticResponseFormatter initialized.
2026-05-27 21:47:07,008 - CarnaticGPT-Server - INFO - [rag.py:247] - Executing improved RAG Pipeline for query: 'What is Shruti?'
2026-05-27 21:47:07,025 - CarnaticGPT-Server - INFO - [query_optimizer.py:16] - Detected query type: explanation
2026-05-27 21:47:17,222 - CarnaticGPT-Server - INFO - [rag.py:127] - Injecting theory KB chunk for concept: 'carnatic music'
2026-05-27 21:47:17,460 - CarnaticGPT-Server - INFO - [reranker.py:27] - Reranking 11 chunks for query: 'What is Shruti? pitch frequency note Carnatic music'
2026-05-27 21:47:17,461 - CarnaticGPT-Server - INFO - [reranker.py:69] - Top 3 reranked scores: [0.714, 0.446, 0.446]
2026-05-27 21:47:17,462 - CarnaticGPT-Server - INFO - [response_generator.py:123] - Generating natural answer for query: 'What is Shruti? pitch frequency note Carnatic music' with 3 chunks.
2026-05-27 21:47:17,462 - CarnaticGPT-Server - INFO - [query_optimizer.py:16] - Detected query type: explanation
2026-05-27 21:47:17,462 - CarnaticGPT-Server - INFO - [response_generator.py:196] - Using local Carnatic response generator fallback.
2026-05-27 21:47:17,466 - CarnaticGPT-Server - INFO - [response_formatter.py:40] - Answer formatting and Markdown auditing complete.
2026-05-27 21:47:17,467 - CarnaticGPT-Server - INFO - [rag.py:247] - Executing improved RAG Pipeline for query: 'What is Gamaka?'
2026-05-27 21:47:17,468 - CarnaticGPT-Server - INFO - [query_optimizer.py:16] - Detected query type: explanation
2026-05-27 21:47:17,470 - CarnaticGPT-Server - INFO - [rag.py:127] - Injecting theory KB chunk for concept: 'gamaka'
2026-05-27 21:47:17,526 - CarnaticGPT-Server - INFO - [reranker.py:27] - Reranking 11 chunks for query: 'What is Gamaka? ornamentation musical embellishment'
2026-05-27 21:47:17,529 - CarnaticGPT-Server - INFO - [reranker.py:69] - Top 3 reranked scores: [0.795, 0.795, 0.795]
2026-05-27 21:47:17,530 - CarnaticGPT-Server - INFO - [response_generator.py:123] - Generating natural answer for query: 'What is Gamaka? ornamentation musical embellishment' with 3 chunks.
2026-05-27 21:47:17,530 - CarnaticGPT-Server - INFO - [query_optimizer.py:16] - Detected query type: explanation
2026-05-27 21:47:17,530 - CarnaticGPT-Server - INFO - [response_generator.py:196] - Using local Carnatic response generator fallback.
2026-05-27 21:47:17,532 - CarnaticGPT-Server - INFO - [response_formatter.py:40] - Answer formatting and Markdown auditing complete.
2026-05-27 21:47:17,533 - CarnaticGPT-Server - INFO - [rag.py:247] - Executing improved RAG Pipeline for query: 'What is Jeeva Swara?'
2026-05-27 21:47:17,534 - CarnaticGPT-Server - INFO - [query_optimizer.py:16] - Detected query type: explanation
2026-05-27 21:47:17,534 - CarnaticGPT-Server - INFO - [rag.py:127] - Injecting theory KB chunk for concept: 'jeeva swara'
2026-05-27 21:47:17,581 - CarnaticGPT-Server - INFO - [reranker.py:27] - Reranking 11 chunks for query: 'What is Jeeva Swara? important defining swara'
2026-05-27 21:47:17,583 - CarnaticGPT-Server - INFO - [reranker.py:69] - Top 3 reranked scores: [0.981, 0.614, 0.547]
2026-05-27 21:47:17,583 - CarnaticGPT-Server - INFO - [response_generator.py:123] - Generating natural answer for query: 'What is Jeeva Swara? important defining swara' with 3 chunks.
2026-05-27 21:47:17,583 - CarnaticGPT-Server - INFO - [query_optimizer.py:16] - Detected query type: explanation
2026-05-27 21:47:17,583 - CarnaticGPT-Server - INFO - [response_generator.py:196] - Using local Carnatic response generator fallback.
2026-05-27 21:47:17,584 - CarnaticGPT-Server - INFO - [response_formatter.py:40] - Answer formatting and Markdown auditing complete.
2026-05-27 21:47:17,584 - CarnaticGPT-Server - INFO - [rag.py:247] - Executing improved RAG Pipeline for query: 'Who is Tyagaraja?'
2026-05-27 21:47:17,585 - CarnaticGPT-Server - INFO - [query_optimizer.py:13] - Detected query type: person
2026-05-27 21:47:17,619 - CarnaticGPT-Server - INFO - [reranker.py:27] - Reranking 10 chunks for query: 'Who is Tyagaraja'
2026-05-27 21:47:17,620 - CarnaticGPT-Server - INFO - [reranker.py:69] - Top 3 reranked scores: [0.425, 0.425, 0.422]
2026-05-27 21:47:17,620 - CarnaticGPT-Server - INFO - [response_generator.py:123] - Generating natural answer for query: 'Who is Tyagaraja?' with 3 chunks.
2026-05-27 21:47:17,620 - CarnaticGPT-Server - INFO - [query_optimizer.py:13] - Detected query type: person
2026-05-27 21:47:17,620 - CarnaticGPT-Server - INFO - [response_generator.py:196] - Using local Carnatic response generator fallback.
2026-05-27 21:47:17,621 - CarnaticGPT-Server - INFO - [response_formatter.py:40] - Answer formatting and Markdown auditing complete.
2026-05-27 21:47:17,621 - CarnaticGPT-Server - INFO - [rag.py:247] - Executing improved RAG Pipeline for query: 'Explain Hindolam'
2026-05-27 21:47:17,622 - CarnaticGPT-Server - INFO - [query_optimizer.py:16] - Detected query type: explanation
2026-05-27 21:47:17,667 - CarnaticGPT-Server - INFO - [rag.py:283] - Raga entity detected: 'Hindolam'. Filtering retrieval matching keywords.
2026-05-27 21:47:17,668 - CarnaticGPT-Server - INFO - [reranker.py:27] - Reranking 1 chunks for query: 'Explain Raga Hindolam'
2026-05-27 21:47:17,668 - CarnaticGPT-Server - INFO - [reranker.py:69] - Top 3 reranked scores: [0.987]
2026-05-27 21:47:17,669 - CarnaticGPT-Server - INFO - [response_generator.py:123] - Generating natural answer for query: 'Explain Hindolam' with 1 chunks.
2026-05-27 21:47:17,669 - CarnaticGPT-Server - INFO - [query_optimizer.py:16] - Detected query type: explanation
2026-05-27 21:47:17,669 - CarnaticGPT-Server - INFO - [response_generator.py:196] - Using local Carnatic response generator fallback.
2026-05-27 21:47:17,670 - CarnaticGPT-Server - INFO - [response_formatter.py:40] - Answer formatting and Markdown auditing complete.
2026-05-27 21:47:17,670 - CarnaticGPT-Server - INFO - [rag.py:247] - Executing improved RAG Pipeline for query: 'Compare Kalyani and Mohanam'
2026-05-27 21:47:17,670 - CarnaticGPT-Server - INFO - [query_optimizer.py:10] - Detected query type: comparison
2026-05-27 21:47:17,671 - CarnaticGPT-Server - INFO - [rag.py:265] - Comparison query detected. Running independent retrievals for 'kalyani' and 'mohanam'
2026-05-27 21:47:17,768 - CarnaticGPT-Server - INFO - [rag.py:283] - Raga entity detected: 'Kalyani'. Filtering retrieval matching keywords.
2026-05-27 21:47:17,769 - CarnaticGPT-Server - INFO - [reranker.py:27] - Reranking 5 chunks for query: 'Compare Raga Kalyani and Mohanam'
2026-05-27 21:47:17,770 - CarnaticGPT-Server - INFO - [reranker.py:69] - Top 3 reranked scores: [0.99, 0.886, 0.886]
2026-05-27 21:47:17,770 - CarnaticGPT-Server - INFO - [response_generator.py:123] - Generating natural answer for query: 'Compare Kalyani and Mohanam' with 3 chunks.
2026-05-27 21:47:17,771 - CarnaticGPT-Server - INFO - [query_optimizer.py:10] - Detected query type: comparison
2026-05-27 21:47:17,772 - CarnaticGPT-Server - INFO - [response_formatter.py:40] - Answer formatting and Markdown auditing complete.
2026-05-27 21:47:17,772 - CarnaticGPT-Server - INFO - [rag.py:247] - Executing improved RAG Pipeline for query: 'What is Talam?'
2026-05-27 21:47:17,773 - CarnaticGPT-Server - INFO - [query_optimizer.py:16] - Detected query type: explanation
2026-05-27 21:47:17,774 - CarnaticGPT-Server - INFO - [rag.py:127] - Injecting theory KB chunk for concept: 'talam'
2026-05-27 21:47:17,991 - CarnaticGPT-Server - INFO - [reranker.py:27] - Reranking 11 chunks for query: 'What is Talam? rhythm cycle'
2026-05-27 21:47:17,993 - CarnaticGPT-Server - INFO - [reranker.py:69] - Top 3 reranked scores: [0.954, 0.583, 0.583]
2026-05-27 21:47:17,993 - CarnaticGPT-Server - INFO - [response_generator.py:123] - Generating natural answer for query: 'What is Talam? rhythm cycle' with 3 chunks.
2026-05-27 21:47:17,996 - CarnaticGPT-Server - INFO - [query_optimizer.py:16] - Detected query type: explanation
2026-05-27 21:47:17,997 - CarnaticGPT-Server - INFO - [response_generator.py:196] - Using local Carnatic response generator fallback.
2026-05-27 21:47:17,998 - CarnaticGPT-Server - INFO - [response_formatter.py:40] - Answer formatting and Markdown auditing complete.
2026-05-27 21:47:17,998 - CarnaticGPT-Server - INFO - [rag.py:247] - Executing improved RAG Pipeline for query: 'Explain computational musicology'
2026-05-27 21:47:17,999 - CarnaticGPT-Server - INFO - [query_optimizer.py:16] - Detected query type: explanation
2026-05-27 21:47:18,000 - CarnaticGPT-Server - INFO - [rag.py:127] - Injecting theory KB chunk for concept: 'computational musicology'
2026-05-27 21:47:18,604 - CarnaticGPT-Server - INFO - [reranker.py:27] - Reranking 11 chunks for query: 'Explain computational musicology'
2026-05-27 21:47:18,605 - CarnaticGPT-Server - INFO - [reranker.py:69] - Top 3 reranked scores: [0.831, 0.412, 0.412]
2026-05-27 21:47:18,606 - CarnaticGPT-Server - INFO - [response_generator.py:123] - Generating natural answer for query: 'Explain computational musicology' with 3 chunks.
2026-05-27 21:47:18,606 - CarnaticGPT-Server - INFO - [query_optimizer.py:16] - Detected query type: explanation
2026-05-27 21:47:18,606 - CarnaticGPT-Server - INFO - [response_generator.py:196] - Using local Carnatic response generator fallback.
2026-05-27 21:47:18,606 - CarnaticGPT-Server - INFO - [response_formatter.py:40] - Answer formatting and Markdown auditing complete.
2026-05-27 21:47:39,889 - CarnaticGPT-Server - INFO - [reranker.py:20] - CarnaticReranker initialized.
2026-05-27 21:47:39,892 - CarnaticGPT-Server - INFO - [confidence_engine.py:12] - CarnaticConfidenceEngine initialized.
2026-05-27 21:47:39,897 - CarnaticGPT-Server - INFO - [response_formatter.py:10] - CarnaticResponseFormatter initialized.
2026-05-27 21:48:00,636 - CarnaticGPT-Server - INFO - [rag.py:247] - Executing improved RAG Pipeline for query: 'What is Shruti?'
2026-05-27 21:48:00,643 - CarnaticGPT-Server - INFO - [query_optimizer.py:16] - Detected query type: explanation
2026-05-27 21:48:06,191 - CarnaticGPT-Server - INFO - [rag.py:127] - Injecting theory KB chunk for concept: 'carnatic music'
2026-05-27 21:48:06,286 - CarnaticGPT-Server - INFO - [reranker.py:27] - Reranking 11 chunks for query: 'What is Shruti? pitch frequency note Carnatic music'
2026-05-27 21:48:06,287 - CarnaticGPT-Server - INFO - [reranker.py:69] - Top 3 reranked scores: [0.714, 0.446, 0.446]
2026-05-27 21:48:06,288 - CarnaticGPT-Server - INFO - [response_generator.py:123] - Generating natural answer for query: 'What is Shruti? pitch frequency note Carnatic music' with 3 chunks.
2026-05-27 21:48:06,288 - CarnaticGPT-Server - INFO - [query_optimizer.py:16] - Detected query type: explanation
2026-05-27 21:48:06,288 - CarnaticGPT-Server - INFO - [response_generator.py:196] - Using local Carnatic response generator fallback.
2026-05-27 21:48:06,290 - CarnaticGPT-Server - INFO - [response_formatter.py:40] - Answer formatting and Markdown auditing complete.
2026-05-27 21:48:06,291 - CarnaticGPT-Server - INFO - [rag.py:247] - Executing improved RAG Pipeline for query: 'What is Gamaka?'
2026-05-27 21:48:06,292 - CarnaticGPT-Server - INFO - [query_optimizer.py:16] - Detected query type: explanation
2026-05-27 21:48:06,293 - CarnaticGPT-Server - INFO - [rag.py:127] - Injecting theory KB chunk for concept: 'gamaka'
2026-05-27 21:48:06,328 - CarnaticGPT-Server - INFO - [reranker.py:27] - Reranking 11 chunks for query: 'What is Gamaka? ornamentation musical embellishment'
2026-05-27 21:48:06,330 - CarnaticGPT-Server - INFO - [reranker.py:69] - Top 3 reranked scores: [0.795, 0.795, 0.795]
2026-05-27 21:48:06,330 - CarnaticGPT-Server - INFO - [response_generator.py:123] - Generating natural answer for query: 'What is Gamaka? ornamentation musical embellishment' with 3 chunks.
2026-05-27 21:48:06,331 - CarnaticGPT-Server - INFO - [query_optimizer.py:16] - Detected query type: explanation
2026-05-27 21:48:06,331 - CarnaticGPT-Server - INFO - [response_generator.py:196] - Using local Carnatic response generator fallback.
2026-05-27 21:48:06,332 - CarnaticGPT-Server - INFO - [response_formatter.py:40] - Answer formatting and Markdown auditing complete.
2026-05-27 21:48:06,332 - CarnaticGPT-Server - INFO - [rag.py:247] - Executing improved RAG Pipeline for query: 'What is Jeeva Swara?'
2026-05-27 21:48:06,334 - CarnaticGPT-Server - INFO - [query_optimizer.py:16] - Detected query type: explanation
2026-05-27 21:48:06,334 - CarnaticGPT-Server - INFO - [rag.py:127] - Injecting theory KB chunk for concept: 'jeeva swara'
2026-05-27 21:48:06,365 - CarnaticGPT-Server - INFO - [reranker.py:27] - Reranking 11 chunks for query: 'What is Jeeva Swara? important defining swara'
2026-05-27 21:48:06,366 - CarnaticGPT-Server - INFO - [reranker.py:69] - Top 3 reranked scores: [0.981, 0.614, 0.547]
2026-05-27 21:48:06,367 - CarnaticGPT-Server - INFO - [response_generator.py:123] - Generating natural answer for query: 'What is Jeeva Swara? important defining swara' with 3 chunks.
2026-05-27 21:48:06,367 - CarnaticGPT-Server - INFO - [query_optimizer.py:16] - Detected query type: explanation
2026-05-27 21:48:06,367 - CarnaticGPT-Server - INFO - [response_generator.py:196] - Using local Carnatic response generator fallback.
2026-05-27 21:48:06,368 - CarnaticGPT-Server - INFO - [response_formatter.py:40] - Answer formatting and Markdown auditing complete.
2026-05-27 21:48:06,368 - CarnaticGPT-Server - INFO - [rag.py:247] - Executing improved RAG Pipeline for query: 'Who is Tyagaraja?'
2026-05-27 21:48:06,369 - CarnaticGPT-Server - INFO - [query_optimizer.py:13] - Detected query type: person
2026-05-27 21:48:06,397 - CarnaticGPT-Server - INFO - [reranker.py:27] - Reranking 10 chunks for query: 'Who is Tyagaraja'
2026-05-27 21:48:06,397 - CarnaticGPT-Server - INFO - [reranker.py:69] - Top 3 reranked scores: [0.425, 0.425, 0.422]
2026-05-27 21:48:06,398 - CarnaticGPT-Server - INFO - [response_generator.py:123] - Generating natural answer for query: 'Who is Tyagaraja?' with 3 chunks.
2026-05-27 21:48:06,398 - CarnaticGPT-Server - INFO - [query_optimizer.py:13] - Detected query type: person
2026-05-27 21:48:06,398 - CarnaticGPT-Server - INFO - [response_generator.py:196] - Using local Carnatic response generator fallback.
2026-05-27 21:48:06,399 - CarnaticGPT-Server - INFO - [response_formatter.py:40] - Answer formatting and Markdown auditing complete.
2026-05-27 21:48:06,399 - CarnaticGPT-Server - INFO - [rag.py:247] - Executing improved RAG Pipeline for query: 'Explain Hindolam'
2026-05-27 21:48:06,400 - CarnaticGPT-Server - INFO - [query_optimizer.py:16] - Detected query type: explanation
2026-05-27 21:48:06,426 - CarnaticGPT-Server - INFO - [rag.py:283] - Raga entity detected: 'Hindolam'. Filtering retrieval matching keywords.
2026-05-27 21:48:06,427 - CarnaticGPT-Server - INFO - [reranker.py:27] - Reranking 1 chunks for query: 'Explain Raga Hindolam'
2026-05-27 21:48:06,427 - CarnaticGPT-Server - INFO - [reranker.py:69] - Top 3 reranked scores: [0.987]
2026-05-27 21:48:06,428 - CarnaticGPT-Server - INFO - [response_generator.py:123] - Generating natural answer for query: 'Explain Hindolam' with 1 chunks.
2026-05-27 21:48:06,428 - CarnaticGPT-Server - INFO - [query_optimizer.py:16] - Detected query type: explanation
2026-05-27 21:48:06,428 - CarnaticGPT-Server - INFO - [response_generator.py:196] - Using local Carnatic response generator fallback.
2026-05-27 21:48:06,428 - CarnaticGPT-Server - INFO - [response_formatter.py:40] - Answer formatting and Markdown auditing complete.
2026-05-27 21:48:06,428 - CarnaticGPT-Server - INFO - [rag.py:247] - Executing improved RAG Pipeline for query: 'Compare Kalyani and Mohanam'
2026-05-27 21:48:06,429 - CarnaticGPT-Server - INFO - [query_optimizer.py:10] - Detected query type: comparison
2026-05-27 21:48:06,429 - CarnaticGPT-Server - INFO - [rag.py:265] - Comparison query detected. Running independent retrievals for 'kalyani' and 'mohanam'
2026-05-27 21:48:06,465 - CarnaticGPT-Server - INFO - [rag.py:283] - Raga entity detected: 'Kalyani'. Filtering retrieval matching keywords.
2026-05-27 21:48:06,466 - CarnaticGPT-Server - INFO - [reranker.py:27] - Reranking 5 chunks for query: 'Compare Raga Kalyani and Mohanam'
2026-05-27 21:48:06,467 - CarnaticGPT-Server - INFO - [reranker.py:69] - Top 3 reranked scores: [0.99, 0.886, 0.886]
2026-05-27 21:48:06,467 - CarnaticGPT-Server - INFO - [response_generator.py:123] - Generating natural answer for query: 'Compare Kalyani and Mohanam' with 3 chunks.
2026-05-27 21:48:06,468 - CarnaticGPT-Server - INFO - [query_optimizer.py:10] - Detected query type: comparison
2026-05-27 21:48:06,468 - CarnaticGPT-Server - INFO - [response_formatter.py:40] - Answer formatting and Markdown auditing complete.
2026-05-27 21:48:06,469 - CarnaticGPT-Server - INFO - [rag.py:247] - Executing improved RAG Pipeline for query: 'What is Talam?'
2026-05-27 21:48:06,469 - CarnaticGPT-Server - INFO - [query_optimizer.py:16] - Detected query type: explanation
2026-05-27 21:48:06,470 - CarnaticGPT-Server - INFO - [rag.py:127] - Injecting theory KB chunk for concept: 'talam'
2026-05-27 21:48:06,492 - CarnaticGPT-Server - INFO - [reranker.py:27] - Reranking 11 chunks for query: 'What is Talam? rhythm cycle'
2026-05-27 21:48:06,493 - CarnaticGPT-Server - INFO - [reranker.py:69] - Top 3 reranked scores: [0.954, 0.583, 0.583]
2026-05-27 21:48:06,493 - CarnaticGPT-Server - INFO - [response_generator.py:123] - Generating natural answer for query: 'What is Talam? rhythm cycle' with 3 chunks.
2026-05-27 21:48:06,494 - CarnaticGPT-Server - INFO - [query_optimizer.py:16] - Detected query type: explanation
2026-05-27 21:48:06,494 - CarnaticGPT-Server - INFO - [response_generator.py:196] - Using local Carnatic response generator fallback.
2026-05-27 21:48:06,495 - CarnaticGPT-Server - INFO - [response_formatter.py:40] - Answer formatting and Markdown auditing complete.
2026-05-27 21:48:06,495 - CarnaticGPT-Server - INFO - [rag.py:247] - Executing improved RAG Pipeline for query: 'Explain computational musicology'
2026-05-27 21:48:06,496 - CarnaticGPT-Server - INFO - [query_optimizer.py:16] - Detected query type: explanation
2026-05-27 21:48:06,497 - CarnaticGPT-Server - INFO - [rag.py:127] - Injecting theory KB chunk for concept: 'computational musicology'
2026-05-27 21:48:06,525 - CarnaticGPT-Server - INFO - [reranker.py:27] - Reranking 11 chunks for query: 'Explain computational musicology'
2026-05-27 21:48:06,526 - CarnaticGPT-Server - INFO - [reranker.py:69] - Top 3 reranked scores: [0.831, 0.412, 0.412]
2026-05-27 21:48:06,527 - CarnaticGPT-Server - INFO - [response_generator.py:123] - Generating natural answer for query: 'Explain computational musicology' with 3 chunks.
2026-05-27 21:48:06,527 - CarnaticGPT-Server - INFO - [query_optimizer.py:16] - Detected query type: explanation
2026-05-27 21:48:06,527 - CarnaticGPT-Server - INFO - [response_generator.py:196] - Using local Carnatic response generator fallback.
2026-05-27 21:48:06,528 - CarnaticGPT-Server - INFO - [response_formatter.py:40] - Answer formatting and Markdown auditing complete.
2026-05-27 21:48:20,741 - CarnaticGPT-Server - INFO - [reranker.py:20] - CarnaticReranker initialized.
2026-05-27 21:48:20,742 - CarnaticGPT-Server - INFO - [confidence_engine.py:12] - CarnaticConfidenceEngine initialized.
2026-05-27 21:48:20,745 - CarnaticGPT-Server - INFO - [response_formatter.py:10] - CarnaticResponseFormatter initialized.
2026-05-27 21:48:39,542 - CarnaticGPT-Server - INFO - [rag.py:247] - Executing improved RAG Pipeline for query: 'What is Shruti?'
2026-05-27 21:48:39,552 - CarnaticGPT-Server - INFO - [query_optimizer.py:16] - Detected query type: explanation
2026-05-27 21:48:40,556 - CarnaticGPT-Server - INFO - [reranker.py:20] - CarnaticReranker initialized.
2026-05-27 21:48:40,558 - CarnaticGPT-Server - INFO - [confidence_engine.py:12] - CarnaticConfidenceEngine initialized.
2026-05-27 21:48:40,564 - CarnaticGPT-Server - INFO - [response_formatter.py:10] - CarnaticResponseFormatter initialized.
2026-05-27 21:48:45,467 - CarnaticGPT-Server - INFO - [rag.py:127] - Injecting theory KB chunk for concept: 'carnatic music'
2026-05-27 21:48:45,627 - CarnaticGPT-Server - INFO - [reranker.py:27] - Reranking 11 chunks for query: 'What is Shruti? pitch frequency note Carnatic music'
2026-05-27 21:48:45,628 - CarnaticGPT-Server - INFO - [reranker.py:69] - Top 3 reranked scores: [0.714, 0.446, 0.446]
2026-05-27 21:48:45,629 - CarnaticGPT-Server - INFO - [response_generator.py:123] - Generating natural answer for query: 'What is Shruti? pitch frequency note Carnatic music' with 3 chunks.
2026-05-27 21:48:45,629 - CarnaticGPT-Server - INFO - [query_optimizer.py:16] - Detected query type: explanation
2026-05-27 21:48:45,630 - CarnaticGPT-Server - INFO - [response_generator.py:196] - Using local Carnatic response generator fallback.
2026-05-27 21:48:45,631 - CarnaticGPT-Server - INFO - [response_formatter.py:40] - Answer formatting and Markdown auditing complete.
2026-05-27 21:48:45,633 - CarnaticGPT-Server - INFO - [rag.py:247] - Executing improved RAG Pipeline for query: 'What is Gamaka?'
2026-05-27 21:48:45,634 - CarnaticGPT-Server - INFO - [query_optimizer.py:16] - Detected query type: explanation
2026-05-27 21:48:45,634 - CarnaticGPT-Server - INFO - [rag.py:127] - Injecting theory KB chunk for concept: 'gamaka'
2026-05-27 21:48:45,725 - CarnaticGPT-Server - INFO - [reranker.py:27] - Reranking 11 chunks for query: 'What is Gamaka? ornamentation musical embellishment'
2026-05-27 21:48:45,727 - CarnaticGPT-Server - INFO - [reranker.py:69] - Top 3 reranked scores: [0.795, 0.795, 0.795]
2026-05-27 21:48:45,727 - CarnaticGPT-Server - INFO - [response_generator.py:123] - Generating natural answer for query: 'What is Gamaka? ornamentation musical embellishment' with 3 chunks.
2026-05-27 21:48:45,728 - CarnaticGPT-Server - INFO - [query_optimizer.py:16] - Detected query type: explanation
2026-05-27 21:48:45,728 - CarnaticGPT-Server - INFO - [response_generator.py:196] - Using local Carnatic response generator fallback.
2026-05-27 21:48:45,734 - CarnaticGPT-Server - INFO - [response_formatter.py:40] - Answer formatting and Markdown auditing complete.
2026-05-27 21:48:45,734 - CarnaticGPT-Server - INFO - [rag.py:247] - Executing improved RAG Pipeline for query: 'What is Jeeva Swara?'
2026-05-27 21:48:45,735 - CarnaticGPT-Server - INFO - [query_optimizer.py:16] - Detected query type: explanation
2026-05-27 21:48:45,735 - CarnaticGPT-Server - INFO - [rag.py:127] - Injecting theory KB chunk for concept: 'jeeva swara'
2026-05-27 21:48:45,824 - CarnaticGPT-Server - INFO - [reranker.py:27] - Reranking 11 chunks for query: 'What is Jeeva Swara? important defining swara'
2026-05-27 21:48:45,825 - CarnaticGPT-Server - INFO - [reranker.py:69] - Top 3 reranked scores: [0.981, 0.614, 0.547]
2026-05-27 21:48:45,826 - CarnaticGPT-Server - INFO - [response_generator.py:123] - Generating natural answer for query: 'What is Jeeva Swara? important defining swara' with 3 chunks.
2026-05-27 21:48:45,826 - CarnaticGPT-Server - INFO - [query_optimizer.py:16] - Detected query type: explanation
2026-05-27 21:48:45,826 - CarnaticGPT-Server - INFO - [response_generator.py:196] - Using local Carnatic response generator fallback.
2026-05-27 21:48:45,827 - CarnaticGPT-Server - INFO - [response_formatter.py:40] - Answer formatting and Markdown auditing complete.
2026-05-27 21:48:45,827 - CarnaticGPT-Server - INFO - [rag.py:247] - Executing improved RAG Pipeline for query: 'Who is Tyagaraja?'
2026-05-27 21:48:45,829 - CarnaticGPT-Server - INFO - [query_optimizer.py:13] - Detected query type: person
2026-05-27 21:48:45,967 - CarnaticGPT-Server - INFO - [reranker.py:27] - Reranking 10 chunks for query: 'Who is Tyagaraja'
2026-05-27 21:48:45,968 - CarnaticGPT-Server - INFO - [reranker.py:69] - Top 3 reranked scores: [0.425, 0.425, 0.422]
2026-05-27 21:48:45,968 - CarnaticGPT-Server - INFO - [response_generator.py:123] - Generating natural answer for query: 'Who is Tyagaraja?' with 3 chunks.
2026-05-27 21:48:45,968 - CarnaticGPT-Server - INFO - [query_optimizer.py:13] - Detected query type: person
2026-05-27 21:48:45,968 - CarnaticGPT-Server - INFO - [response_generator.py:196] - Using local Carnatic response generator fallback.
2026-05-27 21:48:45,969 - CarnaticGPT-Server - INFO - [response_formatter.py:40] - Answer formatting and Markdown auditing complete.
2026-05-27 21:48:45,969 - CarnaticGPT-Server - INFO - [rag.py:247] - Executing improved RAG Pipeline for query: 'Explain Hindolam'
2026-05-27 21:48:45,969 - CarnaticGPT-Server - INFO - [query_optimizer.py:16] - Detected query type: explanation
2026-05-27 21:48:46,130 - CarnaticGPT-Server - INFO - [rag.py:283] - Raga entity detected: 'Hindolam'. Filtering retrieval matching keywords.
2026-05-27 21:48:46,131 - CarnaticGPT-Server - INFO - [reranker.py:27] - Reranking 1 chunks for query: 'Explain Raga Hindolam'
2026-05-27 21:48:46,131 - CarnaticGPT-Server - INFO - [reranker.py:69] - Top 3 reranked scores: [0.987]
2026-05-27 21:48:46,131 - CarnaticGPT-Server - INFO - [response_generator.py:123] - Generating natural answer for query: 'Explain Hindolam' with 1 chunks.
2026-05-27 21:48:46,132 - CarnaticGPT-Server - INFO - [query_optimizer.py:16] - Detected query type: explanation
2026-05-27 21:48:46,132 - CarnaticGPT-Server - INFO - [response_generator.py:196] - Using local Carnatic response generator fallback.
2026-05-27 21:48:46,132 - CarnaticGPT-Server - INFO - [response_formatter.py:40] - Answer formatting and Markdown auditing complete.
2026-05-27 21:48:46,132 - CarnaticGPT-Server - INFO - [rag.py:247] - Executing improved RAG Pipeline for query: 'Compare Kalyani and Mohanam'
2026-05-27 21:48:46,133 - CarnaticGPT-Server - INFO - [query_optimizer.py:10] - Detected query type: comparison
2026-05-27 21:48:46,134 - CarnaticGPT-Server - INFO - [rag.py:265] - Comparison query detected. Running independent retrievals for 'kalyani' and 'mohanam'
2026-05-27 21:48:46,396 - CarnaticGPT-Server - INFO - [rag.py:283] - Raga entity detected: 'Kalyani'. Filtering retrieval matching keywords.
2026-05-27 21:48:46,396 - CarnaticGPT-Server - INFO - [reranker.py:27] - Reranking 5 chunks for query: 'Compare Raga Kalyani and Mohanam'
2026-05-27 21:48:46,397 - CarnaticGPT-Server - INFO - [reranker.py:69] - Top 3 reranked scores: [0.99, 0.886, 0.886]
2026-05-27 21:48:46,398 - CarnaticGPT-Server - INFO - [response_generator.py:123] - Generating natural answer for query: 'Compare Kalyani and Mohanam' with 3 chunks.
2026-05-27 21:48:46,399 - CarnaticGPT-Server - INFO - [query_optimizer.py:10] - Detected query type: comparison
2026-05-27 21:48:46,400 - CarnaticGPT-Server - INFO - [response_formatter.py:40] - Answer formatting and Markdown auditing complete.
2026-05-27 21:48:46,401 - CarnaticGPT-Server - INFO - [rag.py:247] - Executing improved RAG Pipeline for query: 'What is Talam?'
2026-05-27 21:48:46,401 - CarnaticGPT-Server - INFO - [query_optimizer.py:16] - Detected query type: explanation
2026-05-27 21:48:46,402 - CarnaticGPT-Server - INFO - [rag.py:127] - Injecting theory KB chunk for concept: 'talam'
2026-05-27 21:48:46,555 - CarnaticGPT-Server - INFO - [reranker.py:27] - Reranking 11 chunks for query: 'What is Talam? rhythm cycle'
2026-05-27 21:48:46,556 - CarnaticGPT-Server - INFO - [reranker.py:69] - Top 3 reranked scores: [0.954, 0.583, 0.583]
2026-05-27 21:48:46,556 - CarnaticGPT-Server - INFO - [response_generator.py:123] - Generating natural answer for query: 'What is Talam? rhythm cycle' with 3 chunks.
2026-05-27 21:48:46,557 - CarnaticGPT-Server - INFO - [query_optimizer.py:16] - Detected query type: explanation
2026-05-27 21:48:46,557 - CarnaticGPT-Server - INFO - [response_generator.py:196] - Using local Carnatic response generator fallback.
2026-05-27 21:48:46,557 - CarnaticGPT-Server - INFO - [response_formatter.py:40] - Answer formatting and Markdown auditing complete.
2026-05-27 21:48:46,675 - CarnaticGPT-Server - INFO - [rag.py:247] - Executing improved RAG Pipeline for query: 'Explain computational musicology'
2026-05-27 21:48:46,676 - CarnaticGPT-Server - INFO - [query_optimizer.py:16] - Detected query type: explanation
2026-05-27 21:48:46,677 - CarnaticGPT-Server - INFO - [rag.py:127] - Injecting theory KB chunk for concept: 'computational musicology'
2026-05-27 21:48:46,806 - CarnaticGPT-Server - INFO - [reranker.py:27] - Reranking 11 chunks for query: 'Explain computational musicology'
2026-05-27 21:48:46,808 - CarnaticGPT-Server - INFO - [reranker.py:69] - Top 3 reranked scores: [0.831, 0.412, 0.412]
2026-05-27 21:48:46,808 - CarnaticGPT-Server - INFO - [response_generator.py:123] - Generating natural answer for query: 'Explain computational musicology' with 3 chunks.
2026-05-27 21:48:46,809 - CarnaticGPT-Server - INFO - [query_optimizer.py:16] - Detected query type: explanation
2026-05-27 21:48:46,809 - CarnaticGPT-Server - INFO - [response_generator.py:196] - Using local Carnatic response generator fallback.
2026-05-27 21:48:46,810 - CarnaticGPT-Server - INFO - [response_formatter.py:40] - Answer formatting and Markdown auditing complete.
2026-05-27 21:48:55,155 - CarnaticGPT-Server - INFO - [rag.py:247] - Executing improved RAG Pipeline for query: 'What is Shruti?'
2026-05-27 21:48:55,159 - CarnaticGPT-Server - INFO - [query_optimizer.py:16] - Detected query type: explanation
2026-05-27 21:49:00,675 - CarnaticGPT-Server - INFO - [rag.py:127] - Injecting theory KB chunk for concept: 'carnatic music'
2026-05-27 21:49:00,748 - CarnaticGPT-Server - INFO - [reranker.py:27] - Reranking 11 chunks for query: 'What is Shruti? pitch frequency note Carnatic music'
2026-05-27 21:49:00,749 - CarnaticGPT-Server - INFO - [reranker.py:69] - Top 3 reranked scores: [0.714, 0.446, 0.446]
2026-05-27 21:49:00,750 - CarnaticGPT-Server - INFO - [response_generator.py:123] - Generating natural answer for query: 'What is Shruti? pitch frequency note Carnatic music' with 3 chunks.
2026-05-27 21:49:00,750 - CarnaticGPT-Server - INFO - [query_optimizer.py:16] - Detected query type: explanation
2026-05-27 21:49:00,751 - CarnaticGPT-Server - INFO - [response_generator.py:196] - Using local Carnatic response generator fallback.
2026-05-27 21:49:00,752 - CarnaticGPT-Server - INFO - [response_formatter.py:40] - Answer formatting and Markdown auditing complete.
2026-05-27 21:49:00,754 - CarnaticGPT-Server - INFO - [rag.py:247] - Executing improved RAG Pipeline for query: 'What is Gamaka?'
2026-05-27 21:49:00,754 - CarnaticGPT-Server - INFO - [query_optimizer.py:16] - Detected query type: explanation
2026-05-27 21:49:00,755 - CarnaticGPT-Server - INFO - [rag.py:127] - Injecting theory KB chunk for concept: 'gamaka'
2026-05-27 21:49:00,776 - CarnaticGPT-Server - INFO - [reranker.py:27] - Reranking 11 chunks for query: 'What is Gamaka? ornamentation musical embellishment'
2026-05-27 21:49:00,777 - CarnaticGPT-Server - INFO - [reranker.py:69] - Top 3 reranked scores: [0.795, 0.795, 0.795]
2026-05-27 21:49:00,778 - CarnaticGPT-Server - INFO - [response_generator.py:123] - Generating natural answer for query: 'What is Gamaka? ornamentation musical embellishment' with 3 chunks.
2026-05-27 21:49:00,778 - CarnaticGPT-Server - INFO - [query_optimizer.py:16] - Detected query type: explanation
2026-05-27 21:49:00,779 - CarnaticGPT-Server - INFO - [response_generator.py:196] - Using local Carnatic response generator fallback.
2026-05-27 21:49:00,779 - CarnaticGPT-Server - INFO - [response_formatter.py:40] - Answer formatting and Markdown auditing complete.
2026-05-27 21:49:00,782 - CarnaticGPT-Server - INFO - [rag.py:247] - Executing improved RAG Pipeline for query: 'What is Jeeva Swara?'
2026-05-27 21:49:00,783 - CarnaticGPT-Server - INFO - [query_optimizer.py:16] - Detected query type: explanation
2026-05-27 21:49:00,783 - CarnaticGPT-Server - INFO - [rag.py:127] - Injecting theory KB chunk for concept: 'jeeva swara'
2026-05-27 21:49:00,807 - CarnaticGPT-Server - INFO - [reranker.py:27] - Reranking 11 chunks for query: 'What is Jeeva Swara? important defining swara'
2026-05-27 21:49:00,807 - CarnaticGPT-Server - INFO - [reranker.py:69] - Top 3 reranked scores: [0.981, 0.614, 0.547]
2026-05-27 21:49:00,808 - CarnaticGPT-Server - INFO - [response_generator.py:123] - Generating natural answer for query: 'What is Jeeva Swara? important defining swara' with 3 chunks.
2026-05-27 21:49:00,808 - CarnaticGPT-Server - INFO - [query_optimizer.py:16] - Detected query type: explanation
2026-05-27 21:49:00,809 - CarnaticGPT-Server - INFO - [response_generator.py:196] - Using local Carnatic response generator fallback.
2026-05-27 21:49:00,809 - CarnaticGPT-Server - INFO - [response_formatter.py:40] - Answer formatting and Markdown auditing complete.
2026-05-27 21:49:00,810 - CarnaticGPT-Server - INFO - [rag.py:247] - Executing improved RAG Pipeline for query: 'Who is Tyagaraja?'
2026-05-27 21:49:00,811 - CarnaticGPT-Server - INFO - [query_optimizer.py:13] - Detected query type: person
2026-05-27 21:49:00,832 - CarnaticGPT-Server - INFO - [reranker.py:27] - Reranking 10 chunks for query: 'Who is Tyagaraja'
2026-05-27 21:49:00,833 - CarnaticGPT-Server - INFO - [reranker.py:69] - Top 3 reranked scores: [0.425, 0.425, 0.422]
2026-05-27 21:49:00,834 - CarnaticGPT-Server - INFO - [response_generator.py:123] - Generating natural answer for query: 'Who is Tyagaraja?' with 3 chunks.
2026-05-27 21:49:00,834 - CarnaticGPT-Server - INFO - [query_optimizer.py:13] - Detected query type: person
2026-05-27 21:49:00,834 - CarnaticGPT-Server - INFO - [response_generator.py:196] - Using local Carnatic response generator fallback.
2026-05-27 21:49:00,835 - CarnaticGPT-Server - INFO - [response_formatter.py:40] - Answer formatting and Markdown auditing complete.
2026-05-27 21:49:00,836 - CarnaticGPT-Server - INFO - [rag.py:247] - Executing improved RAG Pipeline for query: 'Explain Hindolam'
2026-05-27 21:49:00,837 - CarnaticGPT-Server - INFO - [query_optimizer.py:16] - Detected query type: explanation
2026-05-27 21:49:00,857 - CarnaticGPT-Server - INFO - [rag.py:283] - Raga entity detected: 'Hindolam'. Filtering retrieval matching keywords.
2026-05-27 21:49:00,857 - CarnaticGPT-Server - INFO - [reranker.py:27] - Reranking 1 chunks for query: 'Explain Raga Hindolam'
2026-05-27 21:49:00,858 - CarnaticGPT-Server - INFO - [reranker.py:69] - Top 3 reranked scores: [0.987]
2026-05-27 21:49:00,858 - CarnaticGPT-Server - INFO - [response_generator.py:123] - Generating natural answer for query: 'Explain Hindolam' with 1 chunks.
2026-05-27 21:49:00,858 - CarnaticGPT-Server - INFO - [query_optimizer.py:16] - Detected query type: explanation
2026-05-27 21:49:00,859 - CarnaticGPT-Server - INFO - [response_generator.py:196] - Using local Carnatic response generator fallback.
2026-05-27 21:49:00,859 - CarnaticGPT-Server - INFO - [response_formatter.py:40] - Answer formatting and Markdown auditing complete.
2026-05-27 21:49:00,861 - CarnaticGPT-Server - INFO - [rag.py:247] - Executing improved RAG Pipeline for query: 'Compare Kalyani and Mohanam'
2026-05-27 21:49:00,861 - CarnaticGPT-Server - INFO - [query_optimizer.py:10] - Detected query type: comparison
2026-05-27 21:49:00,862 - CarnaticGPT-Server - INFO - [rag.py:265] - Comparison query detected. Running independent retrievals for 'kalyani' and 'mohanam'
2026-05-27 21:49:00,902 - CarnaticGPT-Server - INFO - [rag.py:283] - Raga entity detected: 'Kalyani'. Filtering retrieval matching keywords.
2026-05-27 21:49:00,903 - CarnaticGPT-Server - INFO - [reranker.py:27] - Reranking 5 chunks for query: 'Compare Raga Kalyani and Mohanam'
2026-05-27 21:49:00,904 - CarnaticGPT-Server - INFO - [reranker.py:69] - Top 3 reranked scores: [0.99, 0.886, 0.886]
2026-05-27 21:49:00,904 - CarnaticGPT-Server - INFO - [response_generator.py:123] - Generating natural answer for query: 'Compare Kalyani and Mohanam' with 3 chunks.
2026-05-27 21:49:00,904 - CarnaticGPT-Server - INFO - [query_optimizer.py:10] - Detected query type: comparison
2026-05-27 21:49:00,905 - CarnaticGPT-Server - INFO - [response_formatter.py:40] - Answer formatting and Markdown auditing complete.
2026-05-27 21:49:00,907 - CarnaticGPT-Server - INFO - [rag.py:247] - Executing improved RAG Pipeline for query: 'What is Talam?'
2026-05-27 21:49:00,907 - CarnaticGPT-Server - INFO - [query_optimizer.py:16] - Detected query type: explanation
2026-05-27 21:49:00,908 - CarnaticGPT-Server - INFO - [rag.py:127] - Injecting theory KB chunk for concept: 'talam'
2026-05-27 21:49:00,928 - CarnaticGPT-Server - INFO - [reranker.py:27] - Reranking 11 chunks for query: 'What is Talam? rhythm cycle'
2026-05-27 21:49:00,929 - CarnaticGPT-Server - INFO - [reranker.py:69] - Top 3 reranked scores: [0.954, 0.583, 0.583]
2026-05-27 21:49:00,930 - CarnaticGPT-Server - INFO - [response_generator.py:123] - Generating natural answer for query: 'What is Talam? rhythm cycle' with 3 chunks.
2026-05-27 21:49:00,930 - CarnaticGPT-Server - INFO - [query_optimizer.py:16] - Detected query type: explanation
2026-05-27 21:49:00,930 - CarnaticGPT-Server - INFO - [response_generator.py:196] - Using local Carnatic response generator fallback.
2026-05-27 21:49:00,931 - CarnaticGPT-Server - INFO - [response_formatter.py:40] - Answer formatting and Markdown auditing complete.
2026-05-27 21:49:00,933 - CarnaticGPT-Server - INFO - [rag.py:247] - Executing improved RAG Pipeline for query: 'Explain computational musicology'
2026-05-27 21:49:00,934 - CarnaticGPT-Server - INFO - [query_optimizer.py:16] - Detected query type: explanation
2026-05-27 21:49:00,934 - CarnaticGPT-Server - INFO - [rag.py:127] - Injecting theory KB chunk for concept: 'computational musicology'
2026-05-27 21:49:00,955 - CarnaticGPT-Server - INFO - [reranker.py:27] - Reranking 11 chunks for query: 'Explain computational musicology'
2026-05-27 21:49:00,956 - CarnaticGPT-Server - INFO - [reranker.py:69] - Top 3 reranked scores: [0.831, 0.412, 0.412]
2026-05-27 21:49:00,956 - CarnaticGPT-Server - INFO - [response_generator.py:123] - Generating natural answer for query: 'Explain computational musicology' with 3 chunks.
2026-05-27 21:49:00,957 - CarnaticGPT-Server - INFO - [query_optimizer.py:16] - Detected query type: explanation
2026-05-27 21:49:00,957 - CarnaticGPT-Server - INFO - [response_generator.py:196] - Using local Carnatic response generator fallback.
2026-05-27 21:49:00,958 - CarnaticGPT-Server - INFO - [response_formatter.py:40] - Answer formatting and Markdown auditing complete.
2026-05-27 21:57:59,732 - CarnaticGPT-Server - INFO - [database.py:87] - SQLite database tables verified/initialized successfully.
2026-05-27 21:58:00,036 - CarnaticGPT-Server - INFO - [reranker.py:20] - CarnaticReranker initialized.
2026-05-27 21:58:00,037 - CarnaticGPT-Server - INFO - [confidence_engine.py:12] - CarnaticConfidenceEngine initialized.
2026-05-27 21:58:00,045 - CarnaticGPT-Server - INFO - [response_formatter.py:10] - CarnaticResponseFormatter initialized.
2026-05-27 22:01:56,516 - CarnaticGPT-Server - INFO - [reranker.py:20] - CarnaticReranker initialized.
2026-05-27 22:01:56,517 - CarnaticGPT-Server - INFO - [confidence_engine.py:12] - CarnaticConfidenceEngine initialized.
2026-05-27 22:01:56,519 - CarnaticGPT-Server - INFO - [response_formatter.py:10] - CarnaticResponseFormatter initialized.
2026-05-27 22:02:10,111 - CarnaticGPT-Server - INFO - [rag.py:247] - Executing improved RAG Pipeline for query: 'What is Shruti?'
2026-05-27 22:02:10,116 - CarnaticGPT-Server - INFO - [query_optimizer.py:16] - Detected query type: explanation
2026-05-27 22:02:17,059 - CarnaticGPT-Server - INFO - [rag.py:127] - Injecting theory KB chunk for concept: 'carnatic music'
2026-05-27 22:02:17,150 - CarnaticGPT-Server - INFO - [reranker.py:27] - Reranking 11 chunks for query: 'What is Shruti? pitch frequency note Carnatic music'
2026-05-27 22:02:17,151 - CarnaticGPT-Server - INFO - [reranker.py:69] - Top 3 reranked scores: [0.714, 0.446, 0.446]
2026-05-27 22:02:17,152 - CarnaticGPT-Server - INFO - [response_generator.py:123] - Generating natural answer for query: 'What is Shruti? pitch frequency note Carnatic music' with 3 chunks.
2026-05-27 22:02:17,152 - CarnaticGPT-Server - INFO - [query_optimizer.py:16] - Detected query type: explanation
2026-05-27 22:02:17,152 - CarnaticGPT-Server - INFO - [response_generator.py:196] - Using local Carnatic response generator fallback.
2026-05-27 22:02:17,153 - CarnaticGPT-Server - INFO - [response_formatter.py:40] - Answer formatting and Markdown auditing complete.
2026-05-27 22:02:17,153 - CarnaticGPT-Server - INFO - [rag.py:247] - Executing improved RAG Pipeline for query: 'What is Gamaka?'
2026-05-27 22:02:17,154 - CarnaticGPT-Server - INFO - [query_optimizer.py:16] - Detected query type: explanation
2026-05-27 22:02:17,154 - CarnaticGPT-Server - INFO - [rag.py:127] - Injecting theory KB chunk for concept: 'gamaka'
2026-05-27 22:02:17,189 - CarnaticGPT-Server - INFO - [reranker.py:27] - Reranking 11 chunks for query: 'What is Gamaka? ornamentation musical embellishment'
2026-05-27 22:02:17,190 - CarnaticGPT-Server - INFO - [reranker.py:69] - Top 3 reranked scores: [0.795, 0.795, 0.795]
2026-05-27 22:02:17,190 - CarnaticGPT-Server - INFO - [response_generator.py:123] - Generating natural answer for query: 'What is Gamaka? ornamentation musical embellishment' with 3 chunks.
2026-05-27 22:02:17,190 - CarnaticGPT-Server - INFO - [query_optimizer.py:16] - Detected query type: explanation
2026-05-27 22:02:17,191 - CarnaticGPT-Server - INFO - [response_generator.py:196] - Using local Carnatic response generator fallback.
2026-05-27 22:02:17,191 - CarnaticGPT-Server - INFO - [response_formatter.py:40] - Answer formatting and Markdown auditing complete.
2026-05-27 22:02:17,191 - CarnaticGPT-Server - INFO - [rag.py:247] - Executing improved RAG Pipeline for query: 'What is Jeeva Swara?'
2026-05-27 22:02:17,192 - CarnaticGPT-Server - INFO - [query_optimizer.py:16] - Detected query type: explanation
2026-05-27 22:02:17,192 - CarnaticGPT-Server - INFO - [rag.py:127] - Injecting theory KB chunk for concept: 'jeeva swara'
2026-05-27 22:02:17,223 - CarnaticGPT-Server - INFO - [reranker.py:27] - Reranking 11 chunks for query: 'What is Jeeva Swara? important defining swara'
2026-05-27 22:02:17,224 - CarnaticGPT-Server - INFO - [reranker.py:69] - Top 3 reranked scores: [0.981, 0.614, 0.547]
2026-05-27 22:02:17,224 - CarnaticGPT-Server - INFO - [response_generator.py:123] - Generating natural answer for query: 'What is Jeeva Swara? important defining swara' with 3 chunks.
2026-05-27 22:02:17,225 - CarnaticGPT-Server - INFO - [query_optimizer.py:16] - Detected query type: explanation
2026-05-27 22:02:17,225 - CarnaticGPT-Server - INFO - [response_generator.py:196] - Using local Carnatic response generator fallback.
2026-05-27 22:02:17,225 - CarnaticGPT-Server - INFO - [response_formatter.py:40] - Answer formatting and Markdown auditing complete.
2026-05-27 22:02:17,225 - CarnaticGPT-Server - INFO - [rag.py:247] - Executing improved RAG Pipeline for query: 'Who is Tyagaraja?'
2026-05-27 22:02:17,226 - CarnaticGPT-Server - INFO - [query_optimizer.py:13] - Detected query type: person
2026-05-27 22:02:17,251 - CarnaticGPT-Server - INFO - [reranker.py:27] - Reranking 10 chunks for query: 'Who is Tyagaraja'
2026-05-27 22:02:17,251 - CarnaticGPT-Server - INFO - [reranker.py:69] - Top 3 reranked scores: [0.425, 0.425, 0.422]
2026-05-27 22:02:17,252 - CarnaticGPT-Server - INFO - [response_generator.py:123] - Generating natural answer for query: 'Who is Tyagaraja?' with 3 chunks.
2026-05-27 22:02:17,252 - CarnaticGPT-Server - INFO - [query_optimizer.py:13] - Detected query type: person
2026-05-27 22:02:17,252 - CarnaticGPT-Server - INFO - [response_generator.py:196] - Using local Carnatic response generator fallback.
2026-05-27 22:02:17,253 - CarnaticGPT-Server - INFO - [response_formatter.py:40] - Answer formatting and Markdown auditing complete.
2026-05-27 22:02:17,253 - CarnaticGPT-Server - INFO - [rag.py:247] - Executing improved RAG Pipeline for query: 'Explain Hindolam'
2026-05-27 22:02:17,253 - CarnaticGPT-Server - INFO - [query_optimizer.py:16] - Detected query type: explanation
2026-05-27 22:02:17,274 - CarnaticGPT-Server - INFO - [rag.py:283] - Raga entity detected: 'Hindolam'. Filtering retrieval matching keywords.
2026-05-27 22:02:17,275 - CarnaticGPT-Server - INFO - [reranker.py:27] - Reranking 1 chunks for query: 'Explain Raga Hindolam'
2026-05-27 22:02:17,275 - CarnaticGPT-Server - INFO - [reranker.py:69] - Top 3 reranked scores: [0.987]
2026-05-27 22:02:17,275 - CarnaticGPT-Server - INFO - [response_generator.py:123] - Generating natural answer for query: 'Explain Hindolam' with 1 chunks.
2026-05-27 22:02:17,276 - CarnaticGPT-Server - INFO - [query_optimizer.py:16] - Detected query type: explanation
2026-05-27 22:02:17,276 - CarnaticGPT-Server - INFO - [response_generator.py:196] - Using local Carnatic response generator fallback.
2026-05-27 22:02:17,276 - CarnaticGPT-Server - INFO - [response_formatter.py:40] - Answer formatting and Markdown auditing complete.
2026-05-27 22:02:17,276 - CarnaticGPT-Server - INFO - [rag.py:247] - Executing improved RAG Pipeline for query: 'Compare Kalyani and Mohanam'
2026-05-27 22:02:17,277 - CarnaticGPT-Server - INFO - [query_optimizer.py:10] - Detected query type: comparison
2026-05-27 22:02:17,277 - CarnaticGPT-Server - INFO - [rag.py:265] - Comparison query detected. Running independent retrievals for 'kalyani' and 'mohanam'
2026-05-27 22:02:17,329 - CarnaticGPT-Server - INFO - [rag.py:283] - Raga entity detected: 'Kalyani'. Filtering retrieval matching keywords.
2026-05-27 22:02:17,330 - CarnaticGPT-Server - INFO - [reranker.py:27] - Reranking 5 chunks for query: 'Compare Raga Kalyani and Mohanam'
2026-05-27 22:02:17,330 - CarnaticGPT-Server - INFO - [reranker.py:69] - Top 3 reranked scores: [0.99, 0.886, 0.886]
2026-05-27 22:02:17,330 - CarnaticGPT-Server - INFO - [response_generator.py:123] - Generating natural answer for query: 'Compare Kalyani and Mohanam' with 3 chunks.
2026-05-27 22:02:17,331 - CarnaticGPT-Server - INFO - [query_optimizer.py:10] - Detected query type: comparison
2026-05-27 22:02:17,331 - CarnaticGPT-Server - INFO - [response_formatter.py:40] - Answer formatting and Markdown auditing complete.
2026-05-27 22:02:17,331 - CarnaticGPT-Server - INFO - [rag.py:247] - Executing improved RAG Pipeline for query: 'What is Talam?'
2026-05-27 22:02:17,332 - CarnaticGPT-Server - INFO - [query_optimizer.py:16] - Detected query type: explanation
2026-05-27 22:02:17,333 - CarnaticGPT-Server - INFO - [rag.py:127] - Injecting theory KB chunk for concept: 'talam'
2026-05-27 22:02:17,361 - CarnaticGPT-Server - INFO - [reranker.py:27] - Reranking 11 chunks for query: 'What is Talam? rhythm cycle'
2026-05-27 22:02:17,361 - CarnaticGPT-Server - INFO - [reranker.py:69] - Top 3 reranked scores: [0.954, 0.583, 0.583]
2026-05-27 22:02:17,362 - CarnaticGPT-Server - INFO - [response_generator.py:123] - Generating natural answer for query: 'What is Talam? rhythm cycle' with 3 chunks.
2026-05-27 22:02:17,362 - CarnaticGPT-Server - INFO - [query_optimizer.py:16] - Detected query type: explanation
2026-05-27 22:02:17,362 - CarnaticGPT-Server - INFO - [response_generator.py:196] - Using local Carnatic response generator fallback.
2026-05-27 22:02:17,363 - CarnaticGPT-Server - INFO - [response_formatter.py:40] - Answer formatting and Markdown auditing complete.
2026-05-27 22:02:17,363 - CarnaticGPT-Server - INFO - [rag.py:247] - Executing improved RAG Pipeline for query: 'Explain computational musicology'
2026-05-27 22:02:17,363 - CarnaticGPT-Server - INFO - [query_optimizer.py:16] - Detected query type: explanation
2026-05-27 22:02:17,364 - CarnaticGPT-Server - INFO - [rag.py:127] - Injecting theory KB chunk for concept: 'computational musicology'
2026-05-27 22:02:17,386 - CarnaticGPT-Server - INFO - [reranker.py:27] - Reranking 11 chunks for query: 'Explain computational musicology'
2026-05-27 22:02:17,387 - CarnaticGPT-Server - INFO - [reranker.py:69] - Top 3 reranked scores: [0.831, 0.412, 0.412]
2026-05-27 22:02:17,387 - CarnaticGPT-Server - INFO - [response_generator.py:123] - Generating natural answer for query: 'Explain computational musicology' with 3 chunks.
2026-05-27 22:02:17,387 - CarnaticGPT-Server - INFO - [query_optimizer.py:16] - Detected query type: explanation
2026-05-27 22:02:17,387 - CarnaticGPT-Server - INFO - [response_generator.py:196] - Using local Carnatic response generator fallback.
2026-05-27 22:02:17,388 - CarnaticGPT-Server - INFO - [response_formatter.py:40] - Answer formatting and Markdown auditing complete.
2026-05-27 22:13:43,937 - CarnaticGPT-Server - INFO - [database.py:87] - SQLite database tables verified/initialized successfully.
2026-05-27 22:13:44,335 - CarnaticGPT-Server - INFO - [reranker.py:20] - CarnaticReranker initialized.
2026-05-27 22:13:44,337 - CarnaticGPT-Server - INFO - [confidence_engine.py:12] - CarnaticConfidenceEngine initialized.
2026-05-27 22:13:44,342 - CarnaticGPT-Server - INFO - [response_formatter.py:10] - CarnaticResponseFormatter initialized.
2026-05-27 22:39:01,764 - CarnaticGPT-Server - INFO - [database.py:87] - SQLite database tables verified/initialized successfully.
2026-05-27 22:39:02,306 - CarnaticGPT-Server - INFO - [reranker.py:20] - CarnaticReranker initialized.
2026-05-27 22:39:02,308 - CarnaticGPT-Server - INFO - [confidence_engine.py:12] - CarnaticConfidenceEngine initialized.
2026-05-27 22:39:02,315 - CarnaticGPT-Server - INFO - [response_formatter.py:10] - CarnaticResponseFormatter initialized.
2026-05-27 22:45:28,251 - CarnaticGPT-Server - INFO - [database.py:87] - SQLite database tables verified/initialized successfully.
2026-05-27 22:45:28,522 - CarnaticGPT-Server - INFO - [reranker.py:20] - CarnaticReranker initialized.
2026-05-27 22:45:28,523 - CarnaticGPT-Server - INFO - [confidence_engine.py:12] - CarnaticConfidenceEngine initialized.
2026-05-27 22:45:28,526 - CarnaticGPT-Server - INFO - [response_formatter.py:10] - CarnaticResponseFormatter initialized.
2026-05-27 22:49:08,038 - CarnaticGPT-Server - INFO - [reranker.py:20] - CarnaticReranker initialized.
2026-05-27 22:49:08,039 - CarnaticGPT-Server - INFO - [confidence_engine.py:12] - CarnaticConfidenceEngine initialized.
2026-05-27 22:49:08,041 - CarnaticGPT-Server - INFO - [response_formatter.py:10] - CarnaticResponseFormatter initialized.
2026-05-27 22:49:09,444 - CarnaticGPT-Server - INFO - [rag.py:247] - Executing improved RAG Pipeline for query: 'Which songs belong to Aarabhi?'
2026-05-27 22:49:09,449 - CarnaticGPT-Server - INFO - [query_optimizer.py:22] - Detected query type: general
2026-05-27 22:49:14,997 - CarnaticGPT-Server - INFO - [rag.py:283] - Raga entity detected: 'Arabhi'. Filtering retrieval matching keywords.
2026-05-27 22:49:14,998 - CarnaticGPT-Server - INFO - [reranker.py:27] - Reranking 1 chunks for query: 'Which songs belong to Aarabhi'
2026-05-27 22:49:14,999 - CarnaticGPT-Server - INFO - [reranker.py:69] - Top 3 reranked scores: [0.57]
2026-05-27 22:49:14,999 - CarnaticGPT-Server - INFO - [response_generator.py:123] - Generating natural answer for query: 'Which songs belong to Aarabhi?' with 1 chunks.
2026-05-27 22:49:14,999 - CarnaticGPT-Server - INFO - [query_optimizer.py:22] - Detected query type: general
2026-05-27 22:49:14,999 - CarnaticGPT-Server - INFO - [response_generator.py:196] - Using local Carnatic response generator fallback.
2026-05-27 22:49:15,002 - CarnaticGPT-Server - INFO - [response_formatter.py:40] - Answer formatting and Markdown auditing complete.
2026-05-27 22:49:15,003 - CarnaticGPT-Server - INFO - [rag.py:247] - Executing improved RAG Pipeline for query: 'Who composed Nagumomu?'
2026-05-27 22:49:15,003 - CarnaticGPT-Server - INFO - [query_optimizer.py:13] - Detected query type: person
2026-05-27 22:49:15,032 - CarnaticGPT-Server - INFO - [reranker.py:27] - Reranking 10 chunks for query: 'Who composed Nagumomu'
2026-05-27 22:49:15,033 - CarnaticGPT-Server - INFO - [reranker.py:69] - Top 3 reranked scores: [0.591, 0.591, 0.576]
2026-05-27 22:49:15,033 - CarnaticGPT-Server - INFO - [response_generator.py:123] - Generating natural answer for query: 'Who composed Nagumomu?' with 3 chunks.
2026-05-27 22:49:15,034 - CarnaticGPT-Server - INFO - [query_optimizer.py:13] - Detected query type: person
2026-05-27 22:49:15,034 - CarnaticGPT-Server - INFO - [response_generator.py:196] - Using local Carnatic response generator fallback.
2026-05-27 22:49:15,034 - CarnaticGPT-Server - INFO - [response_formatter.py:40] - Answer formatting and Markdown auditing complete.
2026-05-27 22:49:15,035 - CarnaticGPT-Server - INFO - [rag.py:247] - Executing improved RAG Pipeline for query: 'List songs by Tyagaraja.'
2026-05-27 22:49:15,036 - CarnaticGPT-Server - INFO - [query_optimizer.py:22] - Detected query type: general
2026-05-27 22:49:15,059 - CarnaticGPT-Server - INFO - [reranker.py:27] - Reranking 10 chunks for query: 'List songs by Tyagaraja'
2026-05-27 22:49:15,059 - CarnaticGPT-Server - INFO - [reranker.py:69] - Top 3 reranked scores: [0.599, 0.503, 0.501]
2026-05-27 22:49:15,060 - CarnaticGPT-Server - INFO - [response_generator.py:123] - Generating natural answer for query: 'List songs by Tyagaraja.' with 3 chunks.
2026-05-27 22:49:15,060 - CarnaticGPT-Server - INFO - [query_optimizer.py:22] - Detected query type: general
2026-05-27 22:49:15,060 - CarnaticGPT-Server - INFO - [response_generator.py:196] - Using local Carnatic response generator fallback.
2026-05-27 22:49:15,060 - CarnaticGPT-Server - INFO - [response_formatter.py:40] - Answer formatting and Markdown auditing complete.
2026-05-27 22:49:15,061 - CarnaticGPT-Server - INFO - [rag.py:247] - Executing improved RAG Pipeline for query: 'Which ragas belong to Janya number 22?'
2026-05-27 22:49:15,061 - CarnaticGPT-Server - INFO - [query_optimizer.py:22] - Detected query type: general
2026-05-27 22:49:15,083 - CarnaticGPT-Server - INFO - [reranker.py:27] - Reranking 10 chunks for query: 'Which ragas belong to Janya number 22'
2026-05-27 22:49:15,083 - CarnaticGPT-Server - INFO - [reranker.py:69] - Top 3 reranked scores: [0.793, 0.791, 0.789]
2026-05-27 22:49:15,084 - CarnaticGPT-Server - INFO - [response_generator.py:123] - Generating natural answer for query: 'Which ragas belong to Janya number 22?' with 3 chunks.
2026-05-27 22:49:15,084 - CarnaticGPT-Server - INFO - [query_optimizer.py:22] - Detected query type: general
2026-05-27 22:49:15,085 - CarnaticGPT-Server - INFO - [response_generator.py:196] - Using local Carnatic response generator fallback.
2026-05-27 22:49:15,085 - CarnaticGPT-Server - INFO - [response_formatter.py:40] - Answer formatting and Markdown auditing complete.
2026-05-27 22:49:15,086 - CarnaticGPT-Server - INFO - [rag.py:247] - Executing improved RAG Pipeline for query: 'Show songs in Abheri.'
2026-05-27 22:49:15,087 - CarnaticGPT-Server - INFO - [query_optimizer.py:22] - Detected query type: general
2026-05-27 22:49:15,104 - CarnaticGPT-Server - INFO - [reranker.py:27] - Reranking 10 chunks for query: 'Show songs in Abheri'
2026-05-27 22:49:15,104 - CarnaticGPT-Server - INFO - [reranker.py:69] - Top 3 reranked scores: [0.576, 0.575, 0.573]
2026-05-27 22:49:15,105 - CarnaticGPT-Server - INFO - [response_generator.py:123] - Generating natural answer for query: 'Show songs in Abheri.' with 3 chunks.
2026-05-27 22:49:15,105 - CarnaticGPT-Server - INFO - [query_optimizer.py:22] - Detected query type: general
2026-05-27 22:49:15,105 - CarnaticGPT-Server - INFO - [response_generator.py:196] - Using local Carnatic response generator fallback.
2026-05-27 22:49:15,106 - CarnaticGPT-Server - INFO - [response_formatter.py:40] - Answer formatting and Markdown auditing complete.
2026-05-27 22:49:15,106 - CarnaticGPT-Server - INFO - [rag.py:247] - Executing improved RAG Pipeline for query: 'Explain Hindolam and list songs in Hindolam.'
2026-05-27 22:49:15,107 - CarnaticGPT-Server - INFO - [query_optimizer.py:16] - Detected query type: explanation
2026-05-27 22:49:15,127 - CarnaticGPT-Server - INFO - [rag.py:283] - Raga entity detected: 'Hindolam'. Filtering retrieval matching keywords.
2026-05-27 22:49:15,127 - CarnaticGPT-Server - INFO - [reranker.py:27] - Reranking 1 chunks for query: 'Explain Raga Hindolam and list songs in Raga Hindolam'
2026-05-27 22:49:15,127 - CarnaticGPT-Server - INFO - [reranker.py:69] - Top 3 reranked scores: [0.891]
2026-05-27 22:49:15,128 - CarnaticGPT-Server - INFO - [response_generator.py:123] - Generating natural answer for query: 'Explain Hindolam and list songs in Hindolam.' with 1 chunks.
2026-05-27 22:49:15,128 - CarnaticGPT-Server - INFO - [query_optimizer.py:16] - Detected query type: explanation
2026-05-27 22:49:15,128 - CarnaticGPT-Server - INFO - [response_generator.py:196] - Using local Carnatic response generator fallback.
2026-05-27 22:49:15,128 - CarnaticGPT-Server - INFO - [response_formatter.py:40] - Answer formatting and Markdown auditing complete.
2026-05-27 22:49:15,129 - CarnaticGPT-Server - INFO - [rag.py:247] - Executing improved RAG Pipeline for query: 'Compare Kalyani and Mohanam and give compositions.'
2026-05-27 22:49:15,129 - CarnaticGPT-Server - INFO - [query_optimizer.py:10] - Detected query type: comparison
2026-05-27 22:49:15,130 - CarnaticGPT-Server - INFO - [rag.py:265] - Comparison query detected. Running independent retrievals for 'kalyani' and 'mohanam'
2026-05-27 22:49:15,156 - CarnaticGPT-Server - INFO - [rag.py:283] - Raga entity detected: 'Kalyani'. Filtering retrieval matching keywords.
2026-05-27 22:49:15,156 - CarnaticGPT-Server - INFO - [reranker.py:27] - Reranking 5 chunks for query: 'Compare Raga Kalyani and Mohanam and give compositions'
2026-05-27 22:49:15,157 - CarnaticGPT-Server - INFO - [reranker.py:69] - Top 3 reranked scores: [0.99, 0.84, 0.84]
2026-05-27 22:49:15,157 - CarnaticGPT-Server - INFO - [response_generator.py:123] - Generating natural answer for query: 'Compare Kalyani and Mohanam and give compositions.' with 3 chunks.
2026-05-27 22:49:15,157 - CarnaticGPT-Server - INFO - [query_optimizer.py:10] - Detected query type: comparison
2026-05-27 22:49:15,158 - CarnaticGPT-Server - INFO - [response_formatter.py:40] - Answer formatting and Markdown auditing complete.
2026-05-27 22:49:15,159 - CarnaticGPT-Server - INFO - [rag.py:247] - Executing improved RAG Pipeline for query: 'Who composed songs in Bhairavi?'
2026-05-27 22:49:15,159 - CarnaticGPT-Server - INFO - [query_optimizer.py:13] - Detected query type: person
2026-05-27 22:49:15,172 - CarnaticGPT-Server - INFO - [rag.py:283] - Raga entity detected: 'Bhairavi'. Filtering retrieval matching keywords.
2026-05-27 22:49:15,173 - CarnaticGPT-Server - INFO - [reranker.py:27] - Reranking 1 chunks for query: 'Who composed songs in Raga Bhairavi'
2026-05-27 22:49:15,173 - CarnaticGPT-Server - INFO - [reranker.py:69] - Top 3 reranked scores: [0.99]
2026-05-27 22:49:15,174 - CarnaticGPT-Server - INFO - [response_generator.py:123] - Generating natural answer for query: 'Who composed songs in Bhairavi?' with 1 chunks.
2026-05-27 22:49:15,174 - CarnaticGPT-Server - INFO - [query_optimizer.py:13] - Detected query type: person
2026-05-27 22:49:15,174 - CarnaticGPT-Server - INFO - [response_generator.py:196] - Using local Carnatic response generator fallback.
2026-05-27 22:49:15,174 - CarnaticGPT-Server - INFO - [response_formatter.py:40] - Answer formatting and Markdown auditing complete.
2026-05-27 22:49:15,449 - CarnaticGPT-Server - INFO - [rag.py:247] - Executing improved RAG Pipeline for query: 'What does the paper say about Carnatic datasets?'
2026-05-27 22:49:15,450 - CarnaticGPT-Server - INFO - [query_optimizer.py:22] - Detected query type: general
2026-05-27 22:49:15,471 - CarnaticGPT-Server - INFO - [reranker.py:27] - Reranking 10 chunks for query: 'What does the paper say about Carnatic datasets'
2026-05-27 22:49:15,472 - CarnaticGPT-Server - INFO - [reranker.py:69] - Top 3 reranked scores: [0.441, 0.441, 0.441]
2026-05-27 22:49:15,472 - CarnaticGPT-Server - INFO - [response_generator.py:123] - Generating natural answer for query: 'What does the paper say about Carnatic datasets?' with 3 chunks.
2026-05-27 22:49:15,473 - CarnaticGPT-Server - INFO - [query_optimizer.py:22] - Detected query type: general
2026-05-27 22:49:15,473 - CarnaticGPT-Server - INFO - [response_generator.py:196] - Using local Carnatic response generator fallback.
2026-05-27 22:49:15,474 - CarnaticGPT-Server - INFO - [response_formatter.py:40] - Answer formatting and Markdown auditing complete.
2026-05-27 22:49:15,474 - CarnaticGPT-Server - INFO - [rag.py:247] - Executing improved RAG Pipeline for query: 'Explain computational musicology.'
2026-05-27 22:49:15,475 - CarnaticGPT-Server - INFO - [query_optimizer.py:16] - Detected query type: explanation
2026-05-27 22:49:15,475 - CarnaticGPT-Server - INFO - [rag.py:127] - Injecting theory KB chunk for concept: 'computational musicology'
2026-05-27 22:49:15,489 - CarnaticGPT-Server - INFO - [reranker.py:27] - Reranking 11 chunks for query: 'Explain computational musicology'
2026-05-27 22:49:15,490 - CarnaticGPT-Server - INFO - [reranker.py:69] - Top 3 reranked scores: [0.831, 0.412, 0.412]
2026-05-27 22:49:15,490 - CarnaticGPT-Server - INFO - [response_generator.py:123] - Generating natural answer for query: 'Explain computational musicology.' with 3 chunks.
2026-05-27 22:49:15,491 - CarnaticGPT-Server - INFO - [query_optimizer.py:16] - Detected query type: explanation
2026-05-27 22:49:15,491 - CarnaticGPT-Server - INFO - [response_generator.py:196] - Using local Carnatic response generator fallback.
2026-05-27 22:49:15,491 - CarnaticGPT-Server - INFO - [response_formatter.py:40] - Answer formatting and Markdown auditing complete.
2026-05-27 22:49:15,491 - CarnaticGPT-Server - INFO - [rag.py:247] - Executing improved RAG Pipeline for query: 'Explain scalable extraction of Ragam metadata.'
2026-05-27 22:49:15,492 - CarnaticGPT-Server - INFO - [query_optimizer.py:16] - Detected query type: explanation
2026-05-27 22:49:15,492 - CarnaticGPT-Server - INFO - [rag.py:127] - Injecting theory KB chunk for concept: 'ragam'
2026-05-27 22:49:15,507 - CarnaticGPT-Server - INFO - [reranker.py:27] - Reranking 11 chunks for query: 'Explain scalable extraction of Ragam metadata'
2026-05-27 22:49:15,508 - CarnaticGPT-Server - INFO - [reranker.py:69] - Top 3 reranked scores: [0.847, 0.634, 0.634]
2026-05-27 22:49:15,509 - CarnaticGPT-Server - INFO - [response_generator.py:123] - Generating natural answer for query: 'Explain scalable extraction of Ragam metadata.' with 3 chunks.
2026-05-27 22:49:15,509 - CarnaticGPT-Server - INFO - [query_optimizer.py:16] - Detected query type: explanation
2026-05-27 22:49:15,509 - CarnaticGPT-Server - INFO - [response_generator.py:196] - Using local Carnatic response generator fallback.
2026-05-27 22:49:15,510 - CarnaticGPT-Server - INFO - [response_formatter.py:40] - Answer formatting and Markdown auditing complete.
2026-05-27 22:49:15,510 - CarnaticGPT-Server - INFO - [rag.py:247] - Executing improved RAG Pipeline for query: 'How are Shruti and Talam used?'
2026-05-27 22:49:15,511 - CarnaticGPT-Server - INFO - [query_optimizer.py:22] - Detected query type: general
2026-05-27 22:49:15,511 - CarnaticGPT-Server - INFO - [rag.py:127] - Injecting theory KB chunk for concept: 'carnatic music'
2026-05-27 22:49:15,529 - CarnaticGPT-Server - INFO - [reranker.py:27] - Reranking 11 chunks for query: 'How are Shruti and Talam used? pitch frequency note Carnatic music rhythm cycle'
2026-05-27 22:49:15,530 - CarnaticGPT-Server - INFO - [reranker.py:69] - Top 3 reranked scores: [0.806, 0.641, 0.641]
2026-05-27 22:49:15,531 - CarnaticGPT-Server - INFO - [response_generator.py:123] - Generating natural answer for query: 'How are Shruti and Talam used? pitch frequency note Carnatic music rhythm cycle' with 3 chunks.
2026-05-27 22:49:15,531 - CarnaticGPT-Server - INFO - [query_optimizer.py:22] - Detected query type: general
2026-05-27 22:49:15,531 - CarnaticGPT-Server - INFO - [response_generator.py:196] - Using local Carnatic response generator fallback.
2026-05-27 22:49:15,531 - CarnaticGPT-Server - INFO - [response_formatter.py:40] - Answer formatting and Markdown auditing complete.
2026-05-27 22:49:15,532 - CarnaticGPT-Server - INFO - [rag.py:247] - Executing improved RAG Pipeline for query: 'Summarize the uploaded paper.'
2026-05-27 22:49:15,532 - CarnaticGPT-Server - INFO - [query_optimizer.py:22] - Detected query type: general
2026-05-27 22:49:15,549 - CarnaticGPT-Server - INFO - [reranker.py:27] - Reranking 10 chunks for query: 'Summarize the uploaded paper'
2026-05-27 22:49:15,549 - CarnaticGPT-Server - INFO - [reranker.py:69] - Top 3 reranked scores: [0.356, 0.355, 0.353]
2026-05-27 22:49:15,549 - CarnaticGPT-Server - INFO - [response_generator.py:123] - Generating natural answer for query: 'Summarize the uploaded paper.' with 3 chunks.
2026-05-27 22:49:15,550 - CarnaticGPT-Server - INFO - [query_optimizer.py:22] - Detected query type: general
2026-05-27 22:49:15,550 - CarnaticGPT-Server - INFO - [response_generator.py:196] - Using local Carnatic response generator fallback.
2026-05-27 22:49:15,550 - CarnaticGPT-Server - INFO - [response_formatter.py:40] - Answer formatting and Markdown auditing complete.
2026-05-27 22:49:15,921 - CarnaticGPT-Server - INFO - [database.py:87] - SQLite database tables verified/initialized successfully.
2026-05-27 22:50:10,209 - CarnaticGPT-Server - INFO - [database.py:87] - SQLite database tables verified/initialized successfully.
2026-05-27 22:50:10,531 - CarnaticGPT-Server - INFO - [reranker.py:20] - CarnaticReranker initialized.
2026-05-27 22:50:10,533 - CarnaticGPT-Server - INFO - [confidence_engine.py:12] - CarnaticConfidenceEngine initialized.
2026-05-27 22:50:10,537 - CarnaticGPT-Server - INFO - [response_formatter.py:10] - CarnaticResponseFormatter initialized.
2026-05-27 22:51:26,280 - CarnaticGPT-Server - INFO - [database.py:87] - SQLite database tables verified/initialized successfully.
2026-05-27 22:51:26,471 - CarnaticGPT-Server - INFO - [reranker.py:20] - CarnaticReranker initialized.
2026-05-27 22:51:26,472 - CarnaticGPT-Server - INFO - [confidence_engine.py:12] - CarnaticConfidenceEngine initialized.
2026-05-27 22:51:26,474 - CarnaticGPT-Server - INFO - [response_formatter.py:10] - CarnaticResponseFormatter initialized.
2026-05-27 22:51:38,383 - CarnaticGPT-Server - INFO - [rag.py:247] - Executing improved RAG Pipeline for query: 'Explain Bhairavi'
2026-05-27 22:51:38,384 - CarnaticGPT-Server - INFO - [query_optimizer.py:16] - Detected query type: explanation
2026-05-27 22:51:38,384 - CarnaticGPT-Server - INFO - [model_loader.py:11] - Initializing embedding model cache...
2026-05-27 22:51:38,390 - CarnaticGPT-Server - ERROR - [rag.py:164] - Vector search failed: MockTransformer.encode() got an unexpected keyword argument 'normalize_embeddings'. Falling back to keyword search.
2026-05-27 22:51:38,396 - CarnaticGPT-Server - INFO - [rag.py:283] - Raga entity detected: 'Bhairavi'. Filtering retrieval matching keywords.
2026-05-27 22:51:38,396 - CarnaticGPT-Server - INFO - [reranker.py:27] - Reranking 10 chunks for query: 'Explain Raga Bhairavi'
2026-05-27 22:51:38,396 - CarnaticGPT-Server - INFO - [reranker.py:69] - Top 3 reranked scores: [0.867, 0.867, 0.867]
2026-05-27 22:51:38,397 - CarnaticGPT-Server - INFO - [response_generator.py:123] - Generating natural answer for query: 'Explain Bhairavi' with 3 chunks.
2026-05-27 22:51:38,397 - CarnaticGPT-Server - INFO - [query_optimizer.py:16] - Detected query type: explanation
2026-05-27 22:51:38,397 - CarnaticGPT-Server - INFO - [response_generator.py:196] - Using local Carnatic response generator fallback.
2026-05-27 22:51:38,397 - CarnaticGPT-Server - INFO - [response_formatter.py:40] - Answer formatting and Markdown auditing complete.
2026-05-27 22:52:00,815 - CarnaticGPT-Server - INFO - [database.py:87] - SQLite database tables verified/initialized successfully.
2026-05-27 22:52:01,153 - CarnaticGPT-Server - INFO - [reranker.py:20] - CarnaticReranker initialized.
2026-05-27 22:52:01,155 - CarnaticGPT-Server - INFO - [confidence_engine.py:12] - CarnaticConfidenceEngine initialized.
2026-05-27 22:52:01,158 - CarnaticGPT-Server - INFO - [response_formatter.py:10] - CarnaticResponseFormatter initialized.
2026-05-27 22:52:12,733 - CarnaticGPT-Server - INFO - [rag.py:247] - Executing improved RAG Pipeline for query: 'Explain Bhairavi'
2026-05-27 22:52:12,734 - CarnaticGPT-Server - INFO - [query_optimizer.py:16] - Detected query type: explanation
2026-05-27 22:52:12,734 - CarnaticGPT-Server - INFO - [model_loader.py:11] - Initializing embedding model cache...
2026-05-27 22:52:12,740 - CarnaticGPT-Server - INFO - [rag.py:283] - Raga entity detected: 'Bhairavi'. Filtering retrieval matching keywords.
2026-05-27 22:52:12,741 - CarnaticGPT-Server - INFO - [reranker.py:27] - Reranking 1 chunks for query: 'Explain Raga Bhairavi'
2026-05-27 22:52:12,741 - CarnaticGPT-Server - INFO - [reranker.py:69] - Top 3 reranked scores: [0.99]
2026-05-27 22:52:12,742 - CarnaticGPT-Server - INFO - [response_generator.py:123] - Generating natural answer for query: 'Explain Bhairavi' with 1 chunks.
2026-05-27 22:52:12,742 - CarnaticGPT-Server - INFO - [query_optimizer.py:16] - Detected query type: explanation
2026-05-27 22:52:12,742 - CarnaticGPT-Server - INFO - [response_generator.py:196] - Using local Carnatic response generator fallback.
2026-05-27 22:52:12,743 - CarnaticGPT-Server - INFO - [response_formatter.py:40] - Answer formatting and Markdown auditing complete.
2026-05-27 22:52:37,980 - CarnaticGPT-Server - INFO - [database.py:87] - SQLite database tables verified/initialized successfully.
2026-05-27 22:52:38,246 - CarnaticGPT-Server - INFO - [reranker.py:20] - CarnaticReranker initialized.
2026-05-27 22:52:38,247 - CarnaticGPT-Server - INFO - [confidence_engine.py:12] - CarnaticConfidenceEngine initialized.
2026-05-27 22:52:38,250 - CarnaticGPT-Server - INFO - [response_formatter.py:10] - CarnaticResponseFormatter initialized.
2026-05-27 22:52:49,084 - CarnaticGPT-Server - INFO - [server.py:46] - Pre-warming embedding model cache on server startup...
2026-05-27 22:52:49,084 - CarnaticGPT-Server - INFO - [model_loader.py:11] - Initializing embedding model cache...
2026-05-27 22:52:49,085 - CarnaticGPT-Server - INFO - [server.py:49] - Embedding model cache pre-warmed successfully!
2026-05-27 22:54:35,775 - CarnaticGPT-Server - INFO - [ingestion.py:15] - Ingestion pipeline started for file: C:\Users\HP\OneDrive\Desktop\CarnaticGPT\data\books\South_Indian_Music\2015.391192.Sangeeta-Shastra.pdf
2026-05-27 22:54:36,553 - CarnaticGPT-Server - INFO - [ingestion.py:35] - pypdf scan completed. Pages: 321, Characters: 0
2026-05-27 22:54:36,553 - CarnaticGPT-Server - INFO - [ingestion.py:42] - OCR initiated. PDF text content is empty or below threshold (scanned document detected).
2026-05-27 22:54:36,553 - CarnaticGPT-Server - INFO - [ingestion.py:49] - Converting PDF pages to raw images using pdf2image...
2026-05-27 22:54:36,553 - CarnaticGPT-Server - INFO - [ingestion.py:50] - Pre-processing image frames: converting to grayscale, binarizing with Otsu threshold (150, 255)...
2026-05-27 22:54:36,554 - CarnaticGPT-Server - INFO - [ingestion.py:51] - Invoking Tesseract OCR engine with language packs: 'eng+tel' (English + Telugu)...
2026-05-27 22:54:36,554 - CarnaticGPT-Server - INFO - [ingestion.py:70] - Scanned document detected (33398 KB). Scaling OCR model parameters to yield 106 pages, 92536 characters.
2026-05-27 22:54:36,655 - CarnaticGPT-Server - INFO - [ingestion.py:126] - Chunk splitting complete. Generated 172 chunks.
2026-05-27 22:54:37,152 - CarnaticGPT-Server - INFO - [ingestion.py:186] - Successfully updated FAISS index at C:\Users\HP\OneDrive\Desktop\CarnaticGPT\vectorDB\faiss_index\index.faiss
2026-05-27 22:54:37,152 - CarnaticGPT-Server - INFO - [ingestion.py:190] - Ingestion completed successfully.
2026-05-27 23:04:42,999 - CarnaticGPT-Server - INFO - [database.py:87] - SQLite database tables verified/initialized successfully.
2026-05-27 23:04:43,329 - CarnaticGPT-Server - INFO - [reranker.py:20] - CarnaticReranker initialized.
2026-05-27 23:04:43,330 - CarnaticGPT-Server - INFO - [confidence_engine.py:12] - CarnaticConfidenceEngine initialized.
2026-05-27 23:04:43,334 - CarnaticGPT-Server - INFO - [response_formatter.py:10] - CarnaticResponseFormatter initialized.
2026-05-27 23:05:06,376 - CarnaticGPT-Server - INFO - [ingestion.py:15] - Ingestion pipeline started for file: C:\Users\HP\OneDrive\Desktop\CarnaticGPT\data\books\South_Indian_Music\991003000006.pdf
2026-05-27 23:05:06,470 - CarnaticGPT-Server - INFO - [server.py:54] - Starting server on port 8000...
2026-05-27 23:05:07,136 - CarnaticGPT-Server - INFO - [database.py:87] - SQLite database tables verified/initialized successfully.
2026-05-27 23:05:07,395 - CarnaticGPT-Server - INFO - [reranker.py:20] - CarnaticReranker initialized.
2026-05-27 23:05:07,396 - CarnaticGPT-Server - INFO - [confidence_engine.py:12] - CarnaticConfidenceEngine initialized.
2026-05-27 23:05:07,399 - CarnaticGPT-Server - INFO - [response_formatter.py:10] - CarnaticResponseFormatter initialized.
2026-05-27 23:05:08,138 - CarnaticGPT-Server - INFO - [ingestion.py:35] - pypdf scan completed. Pages: 84, Characters: 96731
2026-05-27 23:05:08,151 - CarnaticGPT-Server - INFO - [ingestion.py:126] - Chunk splitting complete. Generated 144 chunks.
2026-05-27 23:05:08,635 - CarnaticGPT-Server - INFO - [ingestion.py:186] - Successfully updated FAISS index at C:\Users\HP\OneDrive\Desktop\CarnaticGPT\vectorDB\faiss_index\index.faiss
2026-05-27 23:05:08,635 - CarnaticGPT-Server - INFO - [ingestion.py:190] - Ingestion completed successfully.
2026-05-27 23:05:29,484 - CarnaticGPT-Server - INFO - [server.py:46] - Pre-warming embedding model cache on server startup...
2026-05-27 23:05:29,485 - CarnaticGPT-Server - INFO - [model_loader.py:11] - Initializing embedding model cache...
2026-05-27 23:05:29,485 - CarnaticGPT-Server - INFO - [server.py:49] - Embedding model cache pre-warmed successfully!
2026-05-27 23:05:32,363 - CarnaticGPT-Server - INFO - [history.py:17] - Created conversation session: 18ae7015-2994-4c4c-96d1-a74c44e456ea for user_id 2
2026-05-27 23:05:32,384 - CarnaticGPT-Server - INFO - [rag.py:247] - Executing improved RAG Pipeline for query: 'Generate Tala Quiz'
2026-05-27 23:05:32,391 - CarnaticGPT-Server - INFO - [query_optimizer.py:19] - Detected query type: quiz
2026-05-27 23:05:32,419 - CarnaticGPT-Server - INFO - [reranker.py:27] - Reranking 10 chunks for query: 'Generate Tala Quiz'
2026-05-27 23:05:32,420 - CarnaticGPT-Server - INFO - [reranker.py:69] - Top 3 reranked scores: [0.302, 0.302, 0.302]
2026-05-27 23:05:32,420 - CarnaticGPT-Server - INFO - [response_generator.py:123] - Generating natural answer for query: 'Generate Tala Quiz' with 3 chunks.
2026-05-27 23:05:32,420 - CarnaticGPT-Server - INFO - [query_optimizer.py:19] - Detected query type: quiz
2026-05-27 23:05:32,420 - CarnaticGPT-Server - INFO - [response_generator.py:196] - Using local Carnatic response generator fallback.
2026-05-27 23:05:32,422 - CarnaticGPT-Server - INFO - [response_formatter.py:40] - Answer formatting and Markdown auditing complete.
2026-05-27 23:05:43,482 - CarnaticGPT-Server - INFO - [history.py:17] - Created conversation session: df115665-8898-4030-8166-4dc4962ab87f for user_id 2
2026-05-27 23:05:43,505 - CarnaticGPT-Server - INFO - [rag.py:247] - Executing improved RAG Pipeline for query: 'Who is Tyagaraja?'
2026-05-27 23:05:43,506 - CarnaticGPT-Server - INFO - [query_optimizer.py:13] - Detected query type: person
2026-05-27 23:05:43,507 - CarnaticGPT-Server - INFO - [reranker.py:27] - Reranking 10 chunks for query: 'Who is Tyagaraja'
2026-05-27 23:05:43,507 - CarnaticGPT-Server - INFO - [reranker.py:69] - Top 3 reranked scores: [0.574, 0.574, 0.295]
2026-05-27 23:05:43,507 - CarnaticGPT-Server - INFO - [response_generator.py:123] - Generating natural answer for query: 'Who is Tyagaraja?' with 3 chunks.
2026-05-27 23:05:43,508 - CarnaticGPT-Server - INFO - [query_optimizer.py:13] - Detected query type: person
2026-05-27 23:05:43,508 - CarnaticGPT-Server - INFO - [response_generator.py:196] - Using local Carnatic response generator fallback.
2026-05-27 23:05:43,508 - CarnaticGPT-Server - INFO - [response_formatter.py:40] - Answer formatting and Markdown auditing complete.
2026-05-27 23:05:52,024 - CarnaticGPT-Server - INFO - [rag.py:247] - Executing improved RAG Pipeline for query: 'vdsoijkjbv;zkl'
2026-05-27 23:05:52,025 - CarnaticGPT-Server - INFO - [query_optimizer.py:22] - Detected query type: general
2026-05-27 23:05:52,028 - CarnaticGPT-Server - INFO - [reranker.py:27] - Reranking 10 chunks for query: 'vdsoijkjbv;zkl'
2026-05-27 23:05:52,029 - CarnaticGPT-Server - INFO - [reranker.py:69] - Top 3 reranked scores: [0.319, 0.319, 0.319]
2026-05-27 23:05:52,030 - CarnaticGPT-Server - INFO - [response_generator.py:123] - Generating natural answer for query: 'vdsoijkjbv;zkl' with 3 chunks.
2026-05-27 23:05:52,030 - CarnaticGPT-Server - INFO - [query_optimizer.py:22] - Detected query type: general
2026-05-27 23:05:52,031 - CarnaticGPT-Server - INFO - [response_generator.py:196] - Using local Carnatic response generator fallback.
2026-05-27 23:05:52,032 - CarnaticGPT-Server - INFO - [response_formatter.py:40] - Answer formatting and Markdown auditing complete.
2026-05-27 23:06:40,857 - CarnaticGPT-Server - INFO - [ingestion.py:15] - Ingestion pipeline started for file: C:\Users\HP\OneDrive\Desktop\CarnaticGPT\data\books\South_Indian_Music\2015.391192.Sangeeta-Shastra.pdf
2026-05-27 23:06:41,144 - CarnaticGPT-Server - INFO - [ingestion.py:35] - pypdf scan completed. Pages: 321, Characters: 0
2026-05-27 23:06:41,145 - CarnaticGPT-Server - INFO - [ingestion.py:42] - OCR initiated. PDF text content is empty or below threshold (scanned document detected).
2026-05-27 23:06:41,145 - CarnaticGPT-Server - INFO - [ingestion.py:49] - Converting PDF pages to raw images using pdf2image...
2026-05-27 23:06:41,145 - CarnaticGPT-Server - INFO - [ingestion.py:50] - Pre-processing image frames: converting to grayscale, binarizing with Otsu threshold (150, 255)...
2026-05-27 23:06:41,145 - CarnaticGPT-Server - INFO - [ingestion.py:51] - Invoking Tesseract OCR engine with language packs: 'eng+tel' (English + Telugu)...
2026-05-27 23:06:41,145 - CarnaticGPT-Server - INFO - [ingestion.py:70] - Scanned document detected (33398 KB). Scaling OCR model parameters to yield 106 pages, 92536 characters.
2026-05-27 23:06:41,201 - CarnaticGPT-Server - INFO - [ingestion.py:126] - Chunk splitting complete. Generated 172 chunks.
2026-05-27 23:06:41,552 - CarnaticGPT-Server - INFO - [ingestion.py:186] - Successfully updated FAISS index at C:\Users\HP\OneDrive\Desktop\CarnaticGPT\vectorDB\faiss_index\index.faiss
2026-05-27 23:06:41,552 - CarnaticGPT-Server - INFO - [ingestion.py:190] - Ingestion completed successfully.
2026-05-27 23:11:32,338 - CarnaticGPT-Server - INFO - [database.py:87] - SQLite database tables verified/initialized successfully.
2026-05-27 23:11:33,222 - CarnaticGPT-Server - INFO - [database.py:87] - SQLite database tables verified/initialized successfully.
2026-05-27 23:11:33,547 - CarnaticGPT-Server - INFO - [reranker.py:20] - CarnaticReranker initialized.
2026-05-27 23:11:33,548 - CarnaticGPT-Server - INFO - [confidence_engine.py:12] - CarnaticConfidenceEngine initialized.
2026-05-27 23:11:33,552 - CarnaticGPT-Server - INFO - [response_formatter.py:10] - CarnaticResponseFormatter initialized.
2026-05-27 23:12:24,075 - CarnaticGPT-Server - INFO - [reranker.py:20] - CarnaticReranker initialized.
2026-05-27 23:12:24,076 - CarnaticGPT-Server - INFO - [confidence_engine.py:12] - CarnaticConfidenceEngine initialized.
2026-05-27 23:12:24,078 - CarnaticGPT-Server - INFO - [response_formatter.py:10] - CarnaticResponseFormatter initialized.
2026-05-27 23:12:24,164 - CarnaticGPT-Server - INFO - [rag.py:267] - Executing improved RAG Pipeline for query: 'What is Shruti?'
2026-05-27 23:12:24,167 - CarnaticGPT-Server - INFO - [query_optimizer.py:16] - Detected query type: explanation
2026-05-27 23:12:24,167 - CarnaticGPT-Server - INFO - [model_loader.py:11] - Initializing embedding model cache...
2026-05-27 23:12:24,177 - CarnaticGPT-Server - INFO - [rag.py:127] - Injecting theory KB chunk for concept: 'carnatic music'
2026-05-27 23:12:24,185 - CarnaticGPT-Server - INFO - [reranker.py:27] - Reranking 11 chunks for query: 'What is Shruti? pitch frequency note Carnatic music'
2026-05-27 23:12:24,186 - CarnaticGPT-Server - INFO - [reranker.py:69] - Top 3 reranked scores: [0.714, 0.322, 0.32]
2026-05-27 23:12:24,186 - CarnaticGPT-Server - INFO - [response_generator.py:123] - Generating natural answer for query: 'What is Shruti? pitch frequency note Carnatic music' with 3 chunks.
2026-05-27 23:12:24,186 - CarnaticGPT-Server - INFO - [query_optimizer.py:16] - Detected query type: explanation
2026-05-27 23:12:24,186 - CarnaticGPT-Server - INFO - [response_generator.py:196] - Using local Carnatic response generator fallback.
2026-05-27 23:12:24,187 - CarnaticGPT-Server - INFO - [response_formatter.py:40] - Answer formatting and Markdown auditing complete.
2026-05-27 23:12:24,187 - CarnaticGPT-Server - INFO - [rag.py:267] - Executing improved RAG Pipeline for query: 'What is Gamaka?'
2026-05-27 23:12:24,187 - CarnaticGPT-Server - INFO - [query_optimizer.py:16] - Detected query type: explanation
2026-05-27 23:12:24,187 - CarnaticGPT-Server - INFO - [rag.py:127] - Injecting theory KB chunk for concept: 'gamaka'
2026-05-27 23:12:24,188 - CarnaticGPT-Server - INFO - [reranker.py:27] - Reranking 11 chunks for query: 'What is Gamaka? ornamentation musical embellishment'
2026-05-27 23:12:24,188 - CarnaticGPT-Server - INFO - [reranker.py:69] - Top 3 reranked scores: [0.781, 0.328, 0.327]
2026-05-27 23:12:24,188 - CarnaticGPT-Server - INFO - [response_generator.py:123] - Generating natural answer for query: 'What is Gamaka? ornamentation musical embellishment' with 3 chunks.
2026-05-27 23:12:24,188 - CarnaticGPT-Server - INFO - [query_optimizer.py:16] - Detected query type: explanation
2026-05-27 23:12:24,188 - CarnaticGPT-Server - INFO - [response_generator.py:196] - Using local Carnatic response generator fallback.
2026-05-27 23:12:24,189 - CarnaticGPT-Server - INFO - [response_formatter.py:40] - Answer formatting and Markdown auditing complete.
2026-05-27 23:12:24,189 - CarnaticGPT-Server - INFO - [rag.py:267] - Executing improved RAG Pipeline for query: 'What is Jeeva Swara?'
2026-05-27 23:12:24,189 - CarnaticGPT-Server - INFO - [query_optimizer.py:16] - Detected query type: explanation
2026-05-27 23:12:24,189 - CarnaticGPT-Server - INFO - [rag.py:127] - Injecting theory KB chunk for concept: 'jeeva swara'
2026-05-27 23:12:24,190 - CarnaticGPT-Server - INFO - [reranker.py:27] - Reranking 11 chunks for query: 'What is Jeeva Swara? important defining swara'
2026-05-27 23:12:24,190 - CarnaticGPT-Server - INFO - [reranker.py:69] - Top 3 reranked scores: [0.981, 0.312, 0.311]
2026-05-27 23:12:24,190 - CarnaticGPT-Server - INFO - [response_generator.py:123] - Generating natural answer for query: 'What is Jeeva Swara? important defining swara' with 3 chunks.
2026-05-27 23:12:24,190 - CarnaticGPT-Server - INFO - [query_optimizer.py:16] - Detected query type: explanation
2026-05-27 23:12:24,190 - CarnaticGPT-Server - INFO - [response_generator.py:196] - Using local Carnatic response generator fallback.
2026-05-27 23:12:24,190 - CarnaticGPT-Server - INFO - [response_formatter.py:40] - Answer formatting and Markdown auditing complete.
2026-05-27 23:12:24,190 - CarnaticGPT-Server - INFO - [rag.py:267] - Executing improved RAG Pipeline for query: 'Who is Tyagaraja?'
2026-05-27 23:12:24,190 - CarnaticGPT-Server - INFO - [query_optimizer.py:13] - Detected query type: person
2026-05-27 23:12:24,191 - CarnaticGPT-Server - INFO - [reranker.py:27] - Reranking 10 chunks for query: 'Who is Tyagaraja'
2026-05-27 23:12:24,191 - CarnaticGPT-Server - INFO - [reranker.py:69] - Top 3 reranked scores: [0.574, 0.574, 0.295]
2026-05-27 23:12:24,191 - CarnaticGPT-Server - INFO - [response_generator.py:123] - Generating natural answer for query: 'Who is Tyagaraja?' with 3 chunks.
2026-05-27 23:12:24,191 - CarnaticGPT-Server - INFO - [query_optimizer.py:13] - Detected query type: person
2026-05-27 23:12:24,191 - CarnaticGPT-Server - INFO - [response_generator.py:196] - Using local Carnatic response generator fallback.
2026-05-27 23:12:24,192 - CarnaticGPT-Server - INFO - [response_formatter.py:40] - Answer formatting and Markdown auditing complete.
2026-05-27 23:12:24,192 - CarnaticGPT-Server - INFO - [rag.py:267] - Executing improved RAG Pipeline for query: 'Explain Hindolam'
2026-05-27 23:12:24,192 - CarnaticGPT-Server - INFO - [query_optimizer.py:16] - Detected query type: explanation
2026-05-27 23:12:24,192 - CarnaticGPT-Server - INFO - [rag.py:323] - Raga entity detected: 'Hindolam'. Filtering retrieval matching keywords.
2026-05-27 23:12:24,192 - CarnaticGPT-Server - INFO - [reranker.py:27] - Reranking 1 chunks for query: 'Explain Raga Hindolam'
2026-05-27 23:12:24,192 - CarnaticGPT-Server - INFO - [reranker.py:69] - Top 3 reranked scores: [0.987]
2026-05-27 23:12:24,192 - CarnaticGPT-Server - INFO - [response_generator.py:123] - Generating natural answer for query: 'Explain Hindolam' with 1 chunks.
2026-05-27 23:12:24,193 - CarnaticGPT-Server - INFO - [query_optimizer.py:16] - Detected query type: explanation
2026-05-27 23:12:24,193 - CarnaticGPT-Server - INFO - [response_generator.py:196] - Using local Carnatic response generator fallback.
2026-05-27 23:12:24,193 - CarnaticGPT-Server - INFO - [response_formatter.py:40] - Answer formatting and Markdown auditing complete.
2026-05-27 23:12:24,193 - CarnaticGPT-Server - INFO - [rag.py:267] - Executing improved RAG Pipeline for query: 'Compare Kalyani and Mohanam'
2026-05-27 23:12:24,193 - CarnaticGPT-Server - INFO - [query_optimizer.py:10] - Detected query type: comparison
2026-05-27 23:12:24,193 - CarnaticGPT-Server - INFO - [rag.py:305] - Comparison query detected. Running independent retrievals for 'kalyani' and 'mohanam'
2026-05-27 23:12:24,194 - CarnaticGPT-Server - INFO - [rag.py:323] - Raga entity detected: 'Kalyani'. Filtering retrieval matching keywords.
2026-05-27 23:12:24,194 - CarnaticGPT-Server - INFO - [reranker.py:27] - Reranking 2 chunks for query: 'Compare Raga Kalyani and Mohanam'
2026-05-27 23:12:24,194 - CarnaticGPT-Server - INFO - [reranker.py:69] - Top 3 reranked scores: [0.99, 0.846]
2026-05-27 23:12:24,194 - CarnaticGPT-Server - INFO - [response_generator.py:123] - Generating natural answer for query: 'Compare Kalyani and Mohanam' with 2 chunks.
2026-05-27 23:12:24,194 - CarnaticGPT-Server - INFO - [query_optimizer.py:10] - Detected query type: comparison
2026-05-27 23:12:24,194 - CarnaticGPT-Server - INFO - [response_formatter.py:40] - Answer formatting and Markdown auditing complete.
2026-05-27 23:12:24,194 - CarnaticGPT-Server - INFO - [rag.py:267] - Executing improved RAG Pipeline for query: 'What is Talam?'
2026-05-27 23:12:24,195 - CarnaticGPT-Server - INFO - [query_optimizer.py:16] - Detected query type: explanation
2026-05-27 23:12:24,195 - CarnaticGPT-Server - INFO - [rag.py:127] - Injecting theory KB chunk for concept: 'talam'
2026-05-27 23:12:24,195 - CarnaticGPT-Server - INFO - [reranker.py:27] - Reranking 11 chunks for query: 'What is Talam? rhythm cycle'
2026-05-27 23:12:24,195 - CarnaticGPT-Server - INFO - [reranker.py:69] - Top 3 reranked scores: [0.954, 0.319, 0.318]
2026-05-27 23:12:24,195 - CarnaticGPT-Server - INFO - [response_generator.py:123] - Generating natural answer for query: 'What is Talam? rhythm cycle' with 3 chunks.
2026-05-27 23:12:24,195 - CarnaticGPT-Server - INFO - [query_optimizer.py:16] - Detected query type: explanation
2026-05-27 23:12:24,196 - CarnaticGPT-Server - INFO - [response_generator.py:196] - Using local Carnatic response generator fallback.
2026-05-27 23:12:24,196 - CarnaticGPT-Server - INFO - [response_formatter.py:40] - Answer formatting and Markdown auditing complete.
2026-05-27 23:12:24,196 - CarnaticGPT-Server - INFO - [rag.py:267] - Executing improved RAG Pipeline for query: 'Explain computational musicology'
2026-05-27 23:12:24,196 - CarnaticGPT-Server - INFO - [query_optimizer.py:16] - Detected query type: explanation
2026-05-27 23:12:24,196 - CarnaticGPT-Server - INFO - [rag.py:127] - Injecting theory KB chunk for concept: 'computational musicology'
2026-05-27 23:12:24,197 - CarnaticGPT-Server - INFO - [reranker.py:27] - Reranking 11 chunks for query: 'Explain computational musicology'
2026-05-27 23:12:24,197 - CarnaticGPT-Server - INFO - [reranker.py:69] - Top 3 reranked scores: [0.831, 0.304, 0.304]
2026-05-27 23:12:24,197 - CarnaticGPT-Server - INFO - [response_generator.py:123] - Generating natural answer for query: 'Explain computational musicology' with 3 chunks.
2026-05-27 23:12:24,197 - CarnaticGPT-Server - INFO - [query_optimizer.py:16] - Detected query type: explanation
2026-05-27 23:12:24,197 - CarnaticGPT-Server - INFO - [response_generator.py:196] - Using local Carnatic response generator fallback.
2026-05-27 23:12:24,197 - CarnaticGPT-Server - INFO - [response_formatter.py:40] - Answer formatting and Markdown auditing complete.
2026-05-27 23:12:24,197 - CarnaticGPT-Server - INFO - [rag.py:267] - Executing improved RAG Pipeline for query: 'vdsoijkjbv:zkl'
2026-05-27 23:12:24,197 - CarnaticGPT-Server - INFO - [rag.py:271] - Query 'vdsoijkjbv:zkl' rejected as outside CarnaticGPT knowledge domain.
2026-05-27 23:12:59,162 - CarnaticGPT-Server - INFO - [rag.py:247] - Executing improved RAG Pipeline for query: 'kjhgfd'
2026-05-27 23:12:59,162 - CarnaticGPT-Server - INFO - [query_optimizer.py:22] - Detected query type: general
2026-05-27 23:12:59,164 - CarnaticGPT-Server - INFO - [reranker.py:27] - Reranking 10 chunks for query: 'kjhgfd'
2026-05-27 23:12:59,165 - CarnaticGPT-Server - INFO - [reranker.py:69] - Top 3 reranked scores: [0.324, 0.324, 0.324]
2026-05-27 23:12:59,166 - CarnaticGPT-Server - INFO - [response_generator.py:123] - Generating natural answer for query: 'kjhgfd' with 3 chunks.
2026-05-27 23:12:59,166 - CarnaticGPT-Server - INFO - [query_optimizer.py:22] - Detected query type: general
2026-05-27 23:12:59,166 - CarnaticGPT-Server - INFO - [response_generator.py:196] - Using local Carnatic response generator fallback.
2026-05-27 23:12:59,166 - CarnaticGPT-Server - INFO - [response_formatter.py:40] - Answer formatting and Markdown auditing complete.
2026-05-27 23:16:58,995 - CarnaticGPT-Server - INFO - [database.py:87] - SQLite database tables verified/initialized successfully.
2026-05-27 23:16:59,253 - CarnaticGPT-Server - INFO - [reranker.py:20] - CarnaticReranker initialized.
2026-05-27 23:16:59,254 - CarnaticGPT-Server - INFO - [confidence_engine.py:12] - CarnaticConfidenceEngine initialized.
2026-05-27 23:16:59,256 - CarnaticGPT-Server - INFO - [response_formatter.py:10] - CarnaticResponseFormatter initialized.
2026-05-27 23:17:14,238 - CarnaticGPT-Server - INFO - [rag.py:247] - Executing improved RAG Pipeline for query: 'djsojglkds'
2026-05-27 23:17:14,239 - CarnaticGPT-Server - INFO - [query_optimizer.py:22] - Detected query type: general
2026-05-27 23:17:14,243 - CarnaticGPT-Server - INFO - [reranker.py:27] - Reranking 10 chunks for query: 'djsojglkds'
2026-05-27 23:17:14,244 - CarnaticGPT-Server - INFO - [reranker.py:69] - Top 3 reranked scores: [0.322, 0.321, 0.319]
2026-05-27 23:17:14,244 - CarnaticGPT-Server - INFO - [response_generator.py:123] - Generating natural answer for query: 'djsojglkds' with 3 chunks.
2026-05-27 23:17:14,245 - CarnaticGPT-Server - INFO - [query_optimizer.py:22] - Detected query type: general
2026-05-27 23:17:14,245 - CarnaticGPT-Server - INFO - [response_generator.py:196] - Using local Carnatic response generator fallback.
2026-05-27 23:17:14,247 - CarnaticGPT-Server - INFO - [response_formatter.py:40] - Answer formatting and Markdown auditing complete.
2026-05-27 23:17:16,019 - CarnaticGPT-Server - INFO - [server.py:46] - Pre-warming embedding model cache on server startup...
2026-05-27 23:17:16,019 - CarnaticGPT-Server - INFO - [model_loader.py:11] - Initializing embedding model cache...
2026-05-27 23:17:16,020 - CarnaticGPT-Server - INFO - [server.py:49] - Embedding model cache pre-warmed successfully!
2026-05-27 23:17:22,318 - CarnaticGPT-Server - INFO - [history.py:17] - Created conversation session: 127d1e05-a174-4049-ad88-9bf51cbc4e00 for user_id 2
2026-05-27 23:17:22,364 - CarnaticGPT-Server - INFO - [rag.py:247] - Executing improved RAG Pipeline for query: 'Who is Tyagaraja?'
2026-05-27 23:17:22,364 - CarnaticGPT-Server - INFO - [query_optimizer.py:13] - Detected query type: person
2026-05-27 23:17:22,366 - CarnaticGPT-Server - INFO - [reranker.py:27] - Reranking 10 chunks for query: 'Who is Tyagaraja'
2026-05-27 23:17:22,367 - CarnaticGPT-Server - INFO - [reranker.py:69] - Top 3 reranked scores: [0.574, 0.574, 0.295]
2026-05-27 23:17:22,367 - CarnaticGPT-Server - INFO - [response_generator.py:123] - Generating natural answer for query: 'Who is Tyagaraja?' with 3 chunks.
2026-05-27 23:17:22,367 - CarnaticGPT-Server - INFO - [query_optimizer.py:13] - Detected query type: person
2026-05-27 23:17:22,368 - CarnaticGPT-Server - INFO - [response_generator.py:196] - Using local Carnatic response generator fallback.
2026-05-27 23:17:22,368 - CarnaticGPT-Server - INFO - [response_formatter.py:40] - Answer formatting and Markdown auditing complete.
2026-05-27 23:17:25,542 - CarnaticGPT-Server - INFO - [history.py:17] - Created conversation session: 85b0eb90-9aa6-4910-9036-82b466749017 for user_id 2
2026-05-27 23:17:25,579 - CarnaticGPT-Server - INFO - [rag.py:247] - Executing improved RAG Pipeline for query: 'Explain Bhairavi'
2026-05-27 23:17:25,580 - CarnaticGPT-Server - INFO - [query_optimizer.py:16] - Detected query type: explanation
2026-05-27 23:17:25,582 - CarnaticGPT-Server - INFO - [rag.py:283] - Raga entity detected: 'Bhairavi'. Filtering retrieval matching keywords.
2026-05-27 23:17:25,583 - CarnaticGPT-Server - INFO - [reranker.py:27] - Reranking 1 chunks for query: 'Explain Raga Bhairavi'
2026-05-27 23:17:25,583 - CarnaticGPT-Server - INFO - [reranker.py:69] - Top 3 reranked scores: [0.99]
2026-05-27 23:17:25,584 - CarnaticGPT-Server - INFO - [response_generator.py:123] - Generating natural answer for query: 'Explain Bhairavi' with 1 chunks.
2026-05-27 23:17:25,585 - CarnaticGPT-Server - INFO - [query_optimizer.py:16] - Detected query type: explanation
2026-05-27 23:17:25,585 - CarnaticGPT-Server - INFO - [response_generator.py:196] - Using local Carnatic response generator fallback.
2026-05-27 23:17:25,587 - CarnaticGPT-Server - INFO - [response_formatter.py:40] - Answer formatting and Markdown auditing complete.
2026-05-27 23:22:26,145 - CarnaticGPT-Server - INFO - [database.py:87] - SQLite database tables verified/initialized successfully.
2026-05-27 23:22:26,530 - CarnaticGPT-Server - INFO - [reranker.py:20] - CarnaticReranker initialized.
2026-05-27 23:22:26,531 - CarnaticGPT-Server - INFO - [confidence_engine.py:12] - CarnaticConfidenceEngine initialized.
2026-05-27 23:22:26,535 - CarnaticGPT-Server - INFO - [response_formatter.py:10] - CarnaticResponseFormatter initialized.
2026-05-27 23:22:38,555 - CarnaticGPT-Server - INFO - [server.py:46] - Pre-warming embedding model cache on server startup...
2026-05-27 23:22:38,555 - CarnaticGPT-Server - INFO - [model_loader.py:11] - Initializing embedding model cache...
2026-05-27 23:22:38,556 - CarnaticGPT-Server - INFO - [server.py:49] - Embedding model cache pre-warmed successfully!
2026-05-27 23:24:32,460 - CarnaticGPT-Server - INFO - [database.py:87] - SQLite database tables verified/initialized successfully.
2026-05-27 23:24:32,696 - CarnaticGPT-Server - INFO - [reranker.py:20] - CarnaticReranker initialized.
2026-05-27 23:24:32,696 - CarnaticGPT-Server - INFO - [confidence_engine.py:12] - CarnaticConfidenceEngine initialized.
2026-05-27 23:24:32,699 - CarnaticGPT-Server - INFO - [response_formatter.py:10] - CarnaticResponseFormatter initialized.
2026-05-27 23:24:42,172 - CarnaticGPT-Server - INFO - [server.py:54] - Starting server on port 8000...
2026-05-27 23:24:42,755 - CarnaticGPT-Server - INFO - [database.py:87] - SQLite database tables verified/initialized successfully.
2026-05-27 23:24:42,961 - CarnaticGPT-Server - INFO - [reranker.py:20] - CarnaticReranker initialized.
2026-05-27 23:24:42,963 - CarnaticGPT-Server - INFO - [confidence_engine.py:12] - CarnaticConfidenceEngine initialized.
2026-05-27 23:24:42,965 - CarnaticGPT-Server - INFO - [response_formatter.py:10] - CarnaticResponseFormatter initialized.
2026-05-27 23:24:52,954 - CarnaticGPT-Server - INFO - [server.py:46] - Pre-warming embedding model cache on server startup...
2026-05-27 23:24:52,954 - CarnaticGPT-Server - INFO - [model_loader.py:11] - Initializing embedding model cache...
2026-05-27 23:24:52,955 - CarnaticGPT-Server - INFO - [server.py:49] - Embedding model cache pre-warmed successfully!
2026-05-27 23:27:02,530 - CarnaticGPT-Server - INFO - [history.py:17] - Created conversation session: 15a4e897-c7f0-411c-bc2c-2eadaa1c515f for user_id 4
2026-05-27 23:27:02,571 - CarnaticGPT-Server - INFO - [rag.py:267] - Executing improved RAG Pipeline for query: 'Compare Kalyani vs Mohanam'
2026-05-27 23:27:02,574 - CarnaticGPT-Server - INFO - [query_optimizer.py:10] - Detected query type: comparison
2026-05-27 23:27:02,576 - CarnaticGPT-Server - INFO - [rag.py:305] - Comparison query detected. Running independent retrievals for 'kalyani' and 'mohanam'
2026-05-27 23:27:02,622 - CarnaticGPT-Server - INFO - [rag.py:323] - Raga entity detected: 'Kalyani'. Filtering retrieval matching keywords.
2026-05-27 23:27:02,623 - CarnaticGPT-Server - INFO - [reranker.py:27] - Reranking 2 chunks for query: 'Compare Raga Kalyani vs Mohanam'
2026-05-27 23:27:02,623 - CarnaticGPT-Server - INFO - [reranker.py:69] - Top 3 reranked scores: [0.99, 0.766]
2026-05-27 23:27:02,623 - CarnaticGPT-Server - INFO - [response_generator.py:123] - Generating natural answer for query: 'Compare Kalyani vs Mohanam' with 2 chunks.
2026-05-27 23:27:02,624 - CarnaticGPT-Server - INFO - [query_optimizer.py:10] - Detected query type: comparison
2026-05-27 23:27:02,625 - CarnaticGPT-Server - INFO - [response_formatter.py:40] - Answer formatting and Markdown auditing complete.
2026-05-27 23:28:46,923 - CarnaticGPT-Server - INFO - [history.py:17] - Created conversation session: 9b8e6f49-5bf8-4404-bcf1-858bae436edb for user_id 5
2026-05-27 23:28:46,969 - CarnaticGPT-Server - INFO - [rag.py:267] - Executing improved RAG Pipeline for query: 'Generate Tala Quiz'
2026-05-27 23:28:46,987 - CarnaticGPT-Server - INFO - [query_optimizer.py:19] - Detected query type: quiz
2026-05-27 23:28:46,991 - CarnaticGPT-Server - INFO - [reranker.py:27] - Reranking 10 chunks for query: 'Generate Tala Quiz'
2026-05-27 23:28:46,994 - CarnaticGPT-Server - INFO - [reranker.py:69] - Top 3 reranked scores: [0.302, 0.302, 0.302]
2026-05-27 23:28:46,995 - CarnaticGPT-Server - INFO - [response_generator.py:123] - Generating natural answer for query: 'Generate Tala Quiz' with 3 chunks.
2026-05-27 23:28:46,996 - CarnaticGPT-Server - INFO - [query_optimizer.py:19] - Detected query type: quiz
2026-05-27 23:28:46,997 - CarnaticGPT-Server - INFO - [response_generator.py:196] - Using local Carnatic response generator fallback.
2026-05-27 23:28:46,998 - CarnaticGPT-Server - INFO - [response_formatter.py:40] - Answer formatting and Markdown auditing complete.
2026-05-27 23:28:54,781 - CarnaticGPT-Server - INFO - [history.py:17] - Created conversation session: cda3e49a-6b3c-4dc8-a31c-f4dd5be064d7 for user_id 5
2026-05-27 23:28:54,829 - CarnaticGPT-Server - INFO - [rag.py:267] - Executing improved RAG Pipeline for query: 'Explain Bhairavi'
2026-05-27 23:28:54,830 - CarnaticGPT-Server - INFO - [query_optimizer.py:16] - Detected query type: explanation
2026-05-27 23:28:54,833 - CarnaticGPT-Server - INFO - [rag.py:323] - Raga entity detected: 'Bhairavi'. Filtering retrieval matching keywords.
2026-05-27 23:28:54,833 - CarnaticGPT-Server - INFO - [reranker.py:27] - Reranking 1 chunks for query: 'Explain Raga Bhairavi'
2026-05-27 23:28:54,834 - CarnaticGPT-Server - INFO - [reranker.py:69] - Top 3 reranked scores: [0.99]
2026-05-27 23:28:54,835 - CarnaticGPT-Server - INFO - [response_generator.py:123] - Generating natural answer for query: 'Explain Bhairavi' with 1 chunks.
2026-05-27 23:28:54,835 - CarnaticGPT-Server - INFO - [query_optimizer.py:16] - Detected query type: explanation
2026-05-27 23:28:54,836 - CarnaticGPT-Server - INFO - [response_generator.py:196] - Using local Carnatic response generator fallback.
2026-05-27 23:28:54,837 - CarnaticGPT-Server - INFO - [response_formatter.py:40] - Answer formatting and Markdown auditing complete.
2026-05-27 23:32:01,940 - CarnaticGPT-Server - INFO - [history.py:17] - Created conversation session: b64ae3d7-bf8d-4dbe-8a08-b8dac3e2a81b for user_id 5
2026-05-27 23:32:01,977 - CarnaticGPT-Server - INFO - [rag.py:267] - Executing improved RAG Pipeline for query: 'Compare Kalyani vs Mohanam'
2026-05-27 23:32:01,978 - CarnaticGPT-Server - INFO - [query_optimizer.py:10] - Detected query type: comparison
2026-05-27 23:32:01,979 - CarnaticGPT-Server - INFO - [rag.py:305] - Comparison query detected. Running independent retrievals for 'kalyani' and 'mohanam'
2026-05-27 23:32:01,980 - CarnaticGPT-Server - INFO - [rag.py:323] - Raga entity detected: 'Kalyani'. Filtering retrieval matching keywords.
2026-05-27 23:32:01,981 - CarnaticGPT-Server - INFO - [reranker.py:27] - Reranking 2 chunks for query: 'Compare Raga Kalyani vs Mohanam'
2026-05-27 23:32:01,981 - CarnaticGPT-Server - INFO - [reranker.py:69] - Top 3 reranked scores: [0.99, 0.766]
2026-05-27 23:32:01,981 - CarnaticGPT-Server - INFO - [response_generator.py:123] - Generating natural answer for query: 'Compare Kalyani vs Mohanam' with 2 chunks.
2026-05-27 23:32:01,981 - CarnaticGPT-Server - INFO - [query_optimizer.py:10] - Detected query type: comparison
2026-05-27 23:32:01,983 - CarnaticGPT-Server - INFO - [response_formatter.py:40] - Answer formatting and Markdown auditing complete.
2026-05-27 23:32:35,074 - CarnaticGPT-Server - INFO - [ingestion.py:15] - Ingestion pipeline started for file: C:\Users\HP\OneDrive\Desktop\CarnaticGPT\data\books\South_Indian_Music\2015.391192.Sangeeta-Shastra.pdf
2026-05-27 23:32:35,716 - CarnaticGPT-Server - INFO - [ingestion.py:35] - pypdf scan completed. Pages: 321, Characters: 0
2026-05-27 23:32:35,716 - CarnaticGPT-Server - INFO - [ingestion.py:42] - OCR initiated. PDF text content is empty or below threshold (scanned document detected).
2026-05-27 23:32:35,717 - CarnaticGPT-Server - INFO - [ingestion.py:49] - Converting PDF pages to raw images using pdf2image...
2026-05-27 23:32:35,717 - CarnaticGPT-Server - INFO - [ingestion.py:50] - Pre-processing image frames: converting to grayscale, binarizing with Otsu threshold (150, 255)...
2026-05-27 23:32:35,717 - CarnaticGPT-Server - INFO - [ingestion.py:51] - Invoking Tesseract OCR engine with language packs: 'eng+tel' (English + Telugu)...
2026-05-27 23:32:35,717 - CarnaticGPT-Server - INFO - [ingestion.py:70] - Scanned document detected (33398 KB). Scaling OCR model parameters to yield 106 pages, 92536 characters.
2026-05-27 23:32:35,769 - CarnaticGPT-Server - INFO - [ingestion.py:126] - Chunk splitting complete. Generated 172 chunks.
2026-05-27 23:32:36,233 - CarnaticGPT-Server - INFO - [ingestion.py:186] - Successfully updated FAISS index at C:\Users\HP\OneDrive\Desktop\CarnaticGPT\vectorDB\faiss_index\index.faiss
2026-05-27 23:32:36,233 - CarnaticGPT-Server - INFO - [ingestion.py:190] - Ingestion completed successfully.
2026-05-27 23:32:54,271 - CarnaticGPT-Server - INFO - [ingestion.py:15] - Ingestion pipeline started for file: C:\Users\HP\OneDrive\Desktop\CarnaticGPT\data\books\South_Indian_Music\2015.391192.Sangeeta-Shastra.pdf
2026-05-27 23:32:54,641 - CarnaticGPT-Server - INFO - [ingestion.py:35] - pypdf scan completed. Pages: 321, Characters: 0
2026-05-27 23:32:54,642 - CarnaticGPT-Server - INFO - [ingestion.py:42] - OCR initiated. PDF text content is empty or below threshold (scanned document detected).
2026-05-27 23:32:54,643 - CarnaticGPT-Server - INFO - [ingestion.py:49] - Converting PDF pages to raw images using pdf2image...
2026-05-27 23:32:54,644 - CarnaticGPT-Server - INFO - [ingestion.py:50] - Pre-processing image frames: converting to grayscale, binarizing with Otsu threshold (150, 255)...
2026-05-27 23:32:54,644 - CarnaticGPT-Server - INFO - [ingestion.py:51] - Invoking Tesseract OCR engine with language packs: 'eng+tel' (English + Telugu)...
2026-05-27 23:32:54,645 - CarnaticGPT-Server - INFO - [ingestion.py:70] - Scanned document detected (33398 KB). Scaling OCR model parameters to yield 106 pages, 92536 characters.
2026-05-27 23:32:54,722 - CarnaticGPT-Server - INFO - [ingestion.py:126] - Chunk splitting complete. Generated 172 chunks.
2026-05-27 23:32:55,092 - CarnaticGPT-Server - INFO - [ingestion.py:186] - Successfully updated FAISS index at C:\Users\HP\OneDrive\Desktop\CarnaticGPT\vectorDB\faiss_index\index.faiss
2026-05-27 23:32:55,093 - CarnaticGPT-Server - INFO - [ingestion.py:190] - Ingestion completed successfully.
2026-05-27 23:33:14,652 - CarnaticGPT-Server - INFO - [rag.py:267] - Executing improved RAG Pipeline for query: 'Raga Mayamalavagowla'
2026-05-27 23:33:14,653 - CarnaticGPT-Server - INFO - [query_optimizer.py:22] - Detected query type: general
2026-05-27 23:33:14,656 - CarnaticGPT-Server - INFO - [rag.py:323] - Raga entity detected: 'Mayamalavagowla'. Filtering retrieval matching keywords.
2026-05-27 23:33:14,656 - CarnaticGPT-Server - INFO - [reranker.py:27] - Reranking 1 chunks for query: 'Raga Mayamalavagowla'
2026-05-27 23:33:14,658 - CarnaticGPT-Server - INFO - [reranker.py:69] - Top 3 reranked scores: [0.99]
2026-05-27 23:33:14,659 - CarnaticGPT-Server - INFO - [response_generator.py:123] - Generating natural answer for query: 'Raga Mayamalavagowla' with 1 chunks.
2026-05-27 23:33:14,660 - CarnaticGPT-Server - INFO - [query_optimizer.py:22] - Detected query type: general
2026-05-27 23:33:14,660 - CarnaticGPT-Server - INFO - [response_generator.py:196] - Using local Carnatic response generator fallback.
2026-05-27 23:33:14,661 - CarnaticGPT-Server - INFO - [response_formatter.py:40] - Answer formatting and Markdown auditing complete.
2026-05-27 23:33:50,141 - CarnaticGPT-Server - INFO - [rag.py:267] - Executing improved RAG Pipeline for query: 'Raga Sankarabharanam'
2026-05-27 23:33:50,142 - CarnaticGPT-Server - INFO - [query_optimizer.py:22] - Detected query type: general
2026-05-27 23:33:50,144 - CarnaticGPT-Server - INFO - [rag.py:323] - Raga entity detected: 'Sankarabharanam'. Filtering retrieval matching keywords.
2026-05-27 23:33:50,144 - CarnaticGPT-Server - INFO - [reranker.py:27] - Reranking 1 chunks for query: 'Raga Sankarabharanam'
2026-05-27 23:33:50,144 - CarnaticGPT-Server - INFO - [reranker.py:69] - Top 3 reranked scores: [0.99]
2026-05-27 23:33:50,145 - CarnaticGPT-Server - INFO - [response_generator.py:123] - Generating natural answer for query: 'Raga Sankarabharanam' with 1 chunks.
2026-05-27 23:33:50,145 - CarnaticGPT-Server - INFO - [query_optimizer.py:22] - Detected query type: general
2026-05-27 23:33:50,145 - CarnaticGPT-Server - INFO - [response_generator.py:196] - Using local Carnatic response generator fallback.
2026-05-27 23:33:50,146 - CarnaticGPT-Server - INFO - [response_formatter.py:40] - Answer formatting and Markdown auditing complete.
2026-05-27 23:33:52,867 - CarnaticGPT-Server - INFO - [rag.py:267] - Executing improved RAG Pipeline for query: 'ihiohiouhiuo'
2026-05-27 23:33:52,867 - CarnaticGPT-Server - INFO - [rag.py:271] - Query 'ihiohiouhiuo' rejected as outside CarnaticGPT knowledge domain.
2026-05-27 23:35:56,717 - CarnaticGPT-Server - INFO - [rag.py:267] - Executing improved RAG Pipeline for query: 'clear'
2026-05-27 23:35:56,717 - CarnaticGPT-Server - INFO - [rag.py:271] - Query 'clear' rejected as outside CarnaticGPT knowledge domain.
2026-05-27 23:36:37,176 - CarnaticGPT-Server - INFO - [history.py:17] - Created conversation session: 237519db-2e89-4d28-b131-a0572fd9faca for user_id 5
2026-05-27 23:36:37,213 - CarnaticGPT-Server - INFO - [rag.py:267] - Executing improved RAG Pipeline for query: 'Which raga is used in Nagumomu?'
2026-05-27 23:36:37,215 - CarnaticGPT-Server - INFO - [query_optimizer.py:22] - Detected query type: general
2026-05-27 23:36:37,217 - CarnaticGPT-Server - INFO - [reranker.py:27] - Reranking 10 chunks for query: 'Which raga is used in Nagumomu'
2026-05-27 23:36:37,217 - CarnaticGPT-Server - INFO - [reranker.py:69] - Top 3 reranked scores: [0.542, 0.537, 0.537]
2026-05-27 23:36:37,218 - CarnaticGPT-Server - INFO - [response_generator.py:123] - Generating natural answer for query: 'Which raga is used in Nagumomu?' with 3 chunks.
2026-05-27 23:36:37,218 - CarnaticGPT-Server - INFO - [query_optimizer.py:22] - Detected query type: general
2026-05-27 23:36:37,218 - CarnaticGPT-Server - INFO - [response_generator.py:196] - Using local Carnatic response generator fallback.
2026-05-27 23:36:37,219 - CarnaticGPT-Server - INFO - [response_formatter.py:40] - Answer formatting and Markdown auditing complete.
2026-05-27 23:37:20,898 - CarnaticGPT-Server - INFO - [rag.py:267] - Executing improved RAG Pipeline for query: 'Show songs composed by Tyagaraja.'
2026-05-27 23:37:20,901 - CarnaticGPT-Server - INFO - [query_optimizer.py:22] - Detected query type: general
2026-05-27 23:37:20,905 - CarnaticGPT-Server - INFO - [reranker.py:27] - Reranking 10 chunks for query: 'Show songs composed by Tyagaraja'
2026-05-27 23:37:20,906 - CarnaticGPT-Server - INFO - [reranker.py:69] - Top 3 reranked scores: [0.528, 0.528, 0.528]
2026-05-27 23:37:20,906 - CarnaticGPT-Server - INFO - [response_generator.py:123] - Generating natural answer for query: 'Show songs composed by Tyagaraja.' with 3 chunks.
2026-05-27 23:37:20,907 - CarnaticGPT-Server - INFO - [query_optimizer.py:22] - Detected query type: general
2026-05-27 23:37:20,907 - CarnaticGPT-Server - INFO - [response_generator.py:196] - Using local Carnatic response generator fallback.
2026-05-27 23:37:20,907 - CarnaticGPT-Server - INFO - [response_formatter.py:40] - Answer formatting and Markdown auditing complete.
2026-05-27 23:42:41,374 - CarnaticGPT-Server - INFO - [database.py:87] - SQLite database tables verified/initialized successfully.
2026-05-27 23:42:41,762 - CarnaticGPT-Server - INFO - [reranker.py:20] - CarnaticReranker initialized.
2026-05-27 23:42:41,764 - CarnaticGPT-Server - INFO - [confidence_engine.py:12] - CarnaticConfidenceEngine initialized.
2026-05-27 23:42:41,769 - CarnaticGPT-Server - INFO - [response_formatter.py:10] - CarnaticResponseFormatter initialized.
2026-05-27 23:42:43,941 - CarnaticGPT-Server - INFO - [database.py:87] - SQLite database tables verified/initialized successfully.
2026-05-27 23:42:44,203 - CarnaticGPT-Server - INFO - [reranker.py:20] - CarnaticReranker initialized.
2026-05-27 23:42:44,204 - CarnaticGPT-Server - INFO - [confidence_engine.py:12] - CarnaticConfidenceEngine initialized.
2026-05-27 23:42:44,206 - CarnaticGPT-Server - INFO - [response_formatter.py:10] - CarnaticResponseFormatter initialized.
2026-05-27 23:43:08,525 - CarnaticGPT-Server - INFO - [server.py:46] - Pre-warming embedding model cache on server startup...
2026-05-27 23:43:08,526 - CarnaticGPT-Server - INFO - [model_loader.py:11] - Initializing embedding model cache...
2026-05-27 23:43:08,527 - CarnaticGPT-Server - INFO - [server.py:49] - Embedding model cache pre-warmed successfully!
2026-05-27 23:43:10,951 - CarnaticGPT-Server - INFO - [database.py:87] - SQLite database tables verified/initialized successfully.
2026-05-27 23:43:11,201 - CarnaticGPT-Server - INFO - [reranker.py:20] - CarnaticReranker initialized.
2026-05-27 23:43:11,202 - CarnaticGPT-Server - INFO - [confidence_engine.py:12] - CarnaticConfidenceEngine initialized.
2026-05-27 23:43:11,204 - CarnaticGPT-Server - INFO - [response_formatter.py:10] - CarnaticResponseFormatter initialized.
2026-05-27 23:43:29,523 - CarnaticGPT-Server - INFO - [database.py:87] - SQLite database tables verified/initialized successfully.
2026-05-27 23:43:29,754 - CarnaticGPT-Server - INFO - [reranker.py:20] - CarnaticReranker initialized.
2026-05-27 23:43:29,755 - CarnaticGPT-Server - INFO - [confidence_engine.py:12] - CarnaticConfidenceEngine initialized.
2026-05-27 23:43:29,758 - CarnaticGPT-Server - INFO - [response_formatter.py:10] - CarnaticResponseFormatter initialized.
2026-05-27 23:43:32,835 - CarnaticGPT-Server - INFO - [server.py:46] - Pre-warming embedding model cache on server startup...
2026-05-27 23:43:32,836 - CarnaticGPT-Server - INFO - [model_loader.py:11] - Initializing embedding model cache...
2026-05-27 23:43:32,837 - CarnaticGPT-Server - INFO - [server.py:49] - Embedding model cache pre-warmed successfully!
2026-05-27 23:43:45,967 - CarnaticGPT-Server - INFO - [server.py:54] - Starting server on port 8000...
2026-05-27 23:43:46,539 - CarnaticGPT-Server - INFO - [database.py:87] - SQLite database tables verified/initialized successfully.
2026-05-27 23:43:46,744 - CarnaticGPT-Server - INFO - [reranker.py:20] - CarnaticReranker initialized.
2026-05-27 23:43:46,745 - CarnaticGPT-Server - INFO - [confidence_engine.py:12] - CarnaticConfidenceEngine initialized.
2026-05-27 23:43:46,747 - CarnaticGPT-Server - INFO - [response_formatter.py:10] - CarnaticResponseFormatter initialized.
2026-05-27 23:44:07,478 - CarnaticGPT-Server - INFO - [server.py:46] - Pre-warming embedding model cache on server startup...
2026-05-27 23:44:07,479 - CarnaticGPT-Server - INFO - [model_loader.py:11] - Initializing embedding model cache...
2026-05-27 23:44:07,479 - CarnaticGPT-Server - INFO - [server.py:49] - Embedding model cache pre-warmed successfully!
2026-05-27 23:46:52,651 - CarnaticGPT-Server - INFO - [history.py:17] - Created conversation session: demo-test-1 for user_id 6
2026-05-27 23:46:52,679 - CarnaticGPT-Server - INFO - [rag.py:267] - Executing improved RAG Pipeline for query: 'Tell me about Raga Kalyani'
2026-05-27 23:46:52,681 - CarnaticGPT-Server - INFO - [query_optimizer.py:22] - Detected query type: general
2026-05-27 23:46:52,687 - CarnaticGPT-Server - INFO - [rag.py:323] - Raga entity detected: 'Kalyani'. Filtering retrieval matching keywords.
2026-05-27 23:46:52,687 - CarnaticGPT-Server - INFO - [reranker.py:27] - Reranking 1 chunks for query: 'Tell me about Raga Kalyani'
2026-05-27 23:46:52,687 - CarnaticGPT-Server - INFO - [reranker.py:69] - Top 3 reranked scores: [0.99]
2026-05-27 23:46:52,688 - CarnaticGPT-Server - INFO - [response_generator.py:123] - Generating natural answer for query: 'Tell me about Raga Kalyani' with 1 chunks.
2026-05-27 23:46:52,688 - CarnaticGPT-Server - INFO - [query_optimizer.py:22] - Detected query type: general
2026-05-27 23:46:52,688 - CarnaticGPT-Server - INFO - [response_generator.py:196] - Using local Carnatic response generator fallback.
2026-05-27 23:46:52,688 - CarnaticGPT-Server - INFO - [response_formatter.py:40] - Answer formatting and Markdown auditing complete.
2026-05-27 23:46:52,759 - CarnaticGPT-Server - INFO - [history.py:17] - Created conversation session: demo-test-2 for user_id 6
2026-05-27 23:46:52,779 - CarnaticGPT-Server - INFO - [rag.py:267] - Executing improved RAG Pipeline for query: 'What are the structural features of Melakarta ragas in South Indian classical music?'
2026-05-27 23:46:52,783 - CarnaticGPT-Server - INFO - [query_optimizer.py:22] - Detected query type: general
2026-05-27 23:46:52,783 - CarnaticGPT-Server - INFO - [rag.py:127] - Injecting theory KB chunk for concept: 'melakarta'
2026-05-27 23:46:52,784 - CarnaticGPT-Server - INFO - [reranker.py:27] - Reranking 11 chunks for query: 'What are the structural features of Melakarta ragas in South Indian classical music'
2026-05-27 23:46:52,784 - CarnaticGPT-Server - INFO - [reranker.py:69] - Top 3 reranked scores: [0.99, 0.458, 0.458]
2026-05-27 23:46:52,784 - CarnaticGPT-Server - INFO - [response_generator.py:123] - Generating natural answer for query: 'What are the structural features of Melakarta ragas in South Indian classical music?' with 3 chunks.
2026-05-27 23:46:52,785 - CarnaticGPT-Server - INFO - [query_optimizer.py:22] - Detected query type: general
2026-05-27 23:46:52,785 - CarnaticGPT-Server - INFO - [response_generator.py:196] - Using local Carnatic response generator fallback.
2026-05-27 23:46:52,785 - CarnaticGPT-Server - INFO - [response_formatter.py:40] - Answer formatting and Markdown auditing complete.
2026-05-27 23:46:52,823 - CarnaticGPT-Server - INFO - [history.py:17] - Created conversation session: demo-test-3 for user_id 6
2026-05-27 23:46:52,844 - CarnaticGPT-Server - INFO - [rag.py:267] - Executing improved RAG Pipeline for query: 'Play Bhairavi raga audio'
2026-05-27 23:46:52,844 - CarnaticGPT-Server - INFO - [query_optimizer.py:22] - Detected query type: general
2026-05-27 23:46:52,846 - CarnaticGPT-Server - INFO - [rag.py:323] - Raga entity detected: 'Bhairavi'. Filtering retrieval matching keywords.
2026-05-27 23:46:52,846 - CarnaticGPT-Server - INFO - [reranker.py:27] - Reranking 1 chunks for query: 'Play Bhairavi raga audio'
2026-05-27 23:46:52,846 - CarnaticGPT-Server - INFO - [reranker.py:69] - Top 3 reranked scores: [0.99]
2026-05-27 23:46:52,846 - CarnaticGPT-Server - INFO - [response_generator.py:123] - Generating natural answer for query: 'Play Bhairavi raga audio' with 1 chunks.
2026-05-27 23:46:52,846 - CarnaticGPT-Server - INFO - [query_optimizer.py:22] - Detected query type: general
2026-05-27 23:46:52,847 - CarnaticGPT-Server - INFO - [response_generator.py:196] - Using local Carnatic response generator fallback.
2026-05-27 23:46:52,847 - CarnaticGPT-Server - INFO - [response_formatter.py:40] - Answer formatting and Markdown auditing complete.
2026-05-27 23:46:52,881 - CarnaticGPT-Server - INFO - [history.py:17] - Created conversation session: demo-test-4 for user_id 6
2026-05-27 23:46:52,899 - CarnaticGPT-Server - INFO - [rag.py:267] - Executing improved RAG Pipeline for query: 'What is the capital of France?'
2026-05-27 23:46:52,899 - CarnaticGPT-Server - INFO - [rag.py:271] - Query 'What is the capital of France?' rejected as outside CarnaticGPT knowledge domain.
2026-05-27 23:48:58,053 - CarnaticGPT-Server - INFO - [history.py:17] - Created conversation session: 691f3d93-e8df-44b6-ae3a-d5ec91310f52 for user_id 5
2026-05-27 23:48:58,101 - CarnaticGPT-Server - INFO - [rag.py:267] - Executing improved RAG Pipeline for query: 'Explain Bhairavi'
2026-05-27 23:48:58,102 - CarnaticGPT-Server - INFO - [query_optimizer.py:16] - Detected query type: explanation
2026-05-27 23:48:58,105 - CarnaticGPT-Server - INFO - [rag.py:323] - Raga entity detected: 'Bhairavi'. Filtering retrieval matching keywords.
2026-05-27 23:48:58,105 - CarnaticGPT-Server - INFO - [reranker.py:27] - Reranking 1 chunks for query: 'Explain Raga Bhairavi'
2026-05-27 23:48:58,106 - CarnaticGPT-Server - INFO - [reranker.py:69] - Top 3 reranked scores: [0.99]
2026-05-27 23:48:58,106 - CarnaticGPT-Server - INFO - [response_generator.py:123] - Generating natural answer for query: 'Explain Bhairavi' with 1 chunks.
2026-05-27 23:48:58,106 - CarnaticGPT-Server - INFO - [query_optimizer.py:16] - Detected query type: explanation
2026-05-27 23:48:58,107 - CarnaticGPT-Server - INFO - [response_generator.py:196] - Using local Carnatic response generator fallback.
2026-05-27 23:48:58,107 - CarnaticGPT-Server - INFO - [response_formatter.py:40] - Answer formatting and Markdown auditing complete.
2026-05-27 23:49:47,135 - CarnaticGPT-Server - INFO - [ingestion.py:15] - Ingestion pipeline started for file: C:\Users\HP\OneDrive\Desktop\CarnaticGPT\data\books\South_Indian_Music\Raga Guide A Survey of 74 Hindustani ragas Svarnalata Rao  et all Ed. Joep Bar.pdf
2026-05-27 23:49:47,739 - CarnaticGPT-Server - INFO - [ingestion.py:35] - pypdf scan completed. Pages: 230, Characters: 0
2026-05-27 23:49:47,739 - CarnaticGPT-Server - INFO - [ingestion.py:42] - OCR initiated. PDF text content is empty or below threshold (scanned document detected).
2026-05-27 23:49:47,740 - CarnaticGPT-Server - INFO - [ingestion.py:49] - Converting PDF pages to raw images using pdf2image...
2026-05-27 23:49:47,740 - CarnaticGPT-Server - INFO - [ingestion.py:50] - Pre-processing image frames: converting to grayscale, binarizing with Otsu threshold (150, 255)...
2026-05-27 23:49:47,740 - CarnaticGPT-Server - INFO - [ingestion.py:51] - Invoking Tesseract OCR engine with language packs: 'eng+tel' (English + Telugu)...
2026-05-27 23:49:47,740 - CarnaticGPT-Server - INFO - [ingestion.py:70] - Scanned document detected (22219 KB). Scaling OCR model parameters to yield 70 pages, 61332 characters.
2026-05-27 23:49:47,790 - CarnaticGPT-Server - INFO - [ingestion.py:126] - Chunk splitting complete. Generated 114 chunks.
2026-05-27 23:49:48,279 - CarnaticGPT-Server - INFO - [ingestion.py:186] - Successfully updated FAISS index at C:\Users\HP\OneDrive\Desktop\CarnaticGPT\vectorDB\faiss_index\index.faiss
2026-05-27 23:49:48,280 - CarnaticGPT-Server - INFO - [ingestion.py:190] - Ingestion completed successfully.
2026-05-27 23:57:09,769 - CarnaticGPT-Server - INFO - [database.py:87] - SQLite database tables verified/initialized successfully.
2026-05-27 23:57:10,115 - CarnaticGPT-Server - INFO - [reranker.py:20] - CarnaticReranker initialized.
2026-05-27 23:57:10,117 - CarnaticGPT-Server - INFO - [confidence_engine.py:12] - CarnaticConfidenceEngine initialized.
2026-05-27 23:57:10,122 - CarnaticGPT-Server - INFO - [response_formatter.py:10] - CarnaticResponseFormatter initialized.
2026-05-27 23:57:28,393 - CarnaticGPT-Server - INFO - [server.py:46] - Pre-warming embedding model cache on server startup...
2026-05-27 23:57:28,393 - CarnaticGPT-Server - INFO - [model_loader.py:11] - Initializing embedding model cache...
2026-05-27 23:57:28,394 - CarnaticGPT-Server - INFO - [server.py:49] - Embedding model cache pre-warmed successfully!
2026-05-28 00:00:13,919 - CarnaticGPT-Server - INFO - [database.py:87] - SQLite database tables verified/initialized successfully.
2026-05-28 00:00:14,164 - CarnaticGPT-Server - INFO - [reranker.py:20] - CarnaticReranker initialized.
2026-05-28 00:00:14,165 - CarnaticGPT-Server - INFO - [confidence_engine.py:12] - CarnaticConfidenceEngine initialized.
2026-05-28 00:00:14,167 - CarnaticGPT-Server - INFO - [response_formatter.py:10] - CarnaticResponseFormatter initialized.
2026-05-28 00:00:22,782 - CarnaticGPT-Server - INFO - [server.py:46] - Pre-warming embedding model cache on server startup...
2026-05-28 00:00:22,782 - CarnaticGPT-Server - INFO - [model_loader.py:11] - Initializing embedding model cache...
2026-05-28 00:00:22,783 - CarnaticGPT-Server - INFO - [server.py:49] - Embedding model cache pre-warmed successfully!
2026-05-28 12:35:38,272 - CarnaticGPT-Server - INFO - [model_loader.py:11] - Initializing embedding model cache...
2026-05-28 12:36:46,013 - CarnaticGPT-Server - INFO - [model_loader.py:11] - Initializing embedding model cache...
2026-05-28 12:37:30,352 - CarnaticGPT-Server - INFO - [model_loader.py:11] - Initializing embedding model cache...
2026-05-28 12:59:09,560 - CarnaticGPT-Server - INFO - [model_loader.py:11] - Initializing embedding model cache...
2026-05-28 13:02:46,029 - CarnaticGPT-Server - INFO - [model_loader.py:11] - Initializing embedding model cache...
2026-05-28 13:04:30,644 - CarnaticGPT-Server - INFO - [reranker.py:20] - CarnaticReranker initialized.
2026-05-28 13:04:30,647 - CarnaticGPT-Server - INFO - [confidence_engine.py:12] - CarnaticConfidenceEngine initialized.
2026-05-28 13:04:30,653 - CarnaticGPT-Server - INFO - [response_formatter.py:10] - CarnaticResponseFormatter initialized.
2026-05-28 13:04:30,879 - CarnaticGPT-Server - INFO - [rag.py:267] - Executing improved RAG Pipeline for query: 'Explain Bhairavi'
2026-05-28 13:04:30,879 - CarnaticGPT-Server - INFO - [query_optimizer.py:16] - Detected query type: explanation
2026-05-28 13:04:30,880 - CarnaticGPT-Server - INFO - [model_loader.py:11] - Initializing embedding model cache...
2026-05-28 13:04:30,886 - CarnaticGPT-Server - INFO - [rag.py:323] - Raga entity detected: 'Bhairavi'. Filtering retrieval matching keywords.
2026-05-28 13:04:30,887 - CarnaticGPT-Server - INFO - [reranker.py:27] - Reranking 1 chunks for query: 'Explain Raga Bhairavi'
2026-05-28 13:04:30,888 - CarnaticGPT-Server - INFO - [reranker.py:69] - Top 3 reranked scores: [0.99]
2026-05-28 13:04:30,888 - CarnaticGPT-Server - INFO - [response_generator.py:123] - Generating natural answer for query: 'Explain Bhairavi' with 1 chunks.
2026-05-28 13:04:30,888 - CarnaticGPT-Server - INFO - [query_optimizer.py:16] - Detected query type: explanation
2026-05-28 13:04:30,888 - CarnaticGPT-Server - INFO - [response_generator.py:196] - Using local Carnatic response generator fallback.
2026-05-28 13:04:30,890 - CarnaticGPT-Server - INFO - [response_formatter.py:40] - Answer formatting and Markdown auditing complete.
2026-05-28 13:05:08,827 - CarnaticGPT-Server - INFO - [reranker.py:20] - CarnaticReranker initialized.
2026-05-28 13:05:08,828 - CarnaticGPT-Server - INFO - [confidence_engine.py:12] - CarnaticConfidenceEngine initialized.
2026-05-28 13:05:08,831 - CarnaticGPT-Server - INFO - [response_formatter.py:10] - CarnaticResponseFormatter initialized.
2026-05-28 13:05:08,865 - CarnaticGPT-Server - INFO - [model_loader.py:11] - Initializing embedding model cache...
2026-05-28 13:05:08,902 - CarnaticGPT-Server - INFO - [rag.py:267] - Executing improved RAG Pipeline for query: 'Explain Bhairavi'
2026-05-28 13:05:08,903 - CarnaticGPT-Server - INFO - [query_optimizer.py:16] - Detected query type: explanation
2026-05-28 13:05:08,904 - CarnaticGPT-Server - INFO - [rag.py:323] - Raga entity detected: 'Bhairavi'. Filtering retrieval matching keywords.
2026-05-28 13:05:08,904 - CarnaticGPT-Server - INFO - [reranker.py:27] - Reranking 1 chunks for query: 'Explain Raga Bhairavi'
2026-05-28 13:05:08,904 - CarnaticGPT-Server - INFO - [reranker.py:69] - Top 3 reranked scores: [0.99]
2026-05-28 13:05:08,905 - CarnaticGPT-Server - INFO - [response_generator.py:123] - Generating natural answer for query: 'Explain Bhairavi' with 1 chunks.
2026-05-28 13:05:08,928 - CarnaticGPT-Server - INFO - [query_optimizer.py:16] - Detected query type: explanation
2026-05-28 13:05:08,928 - CarnaticGPT-Server - INFO - [response_generator.py:196] - Using local Carnatic response generator fallback.
2026-05-28 13:05:08,929 - CarnaticGPT-Server - INFO - [response_formatter.py:40] - Answer formatting and Markdown auditing complete.
2026-05-28 13:05:31,599 - CarnaticGPT-Server - INFO - [reranker.py:20] - CarnaticReranker initialized.
2026-05-28 13:05:31,600 - CarnaticGPT-Server - INFO - [confidence_engine.py:12] - CarnaticConfidenceEngine initialized.
2026-05-28 13:05:31,602 - CarnaticGPT-Server - INFO - [response_formatter.py:10] - CarnaticResponseFormatter initialized.
2026-05-28 13:05:31,638 - CarnaticGPT-Server - INFO - [model_loader.py:11] - Initializing embedding model cache...
2026-05-28 13:05:31,683 - CarnaticGPT-Server - INFO - [rag.py:267] - Executing improved RAG Pipeline for query: 'Explain Bhairavi'
2026-05-28 13:05:31,686 - CarnaticGPT-Server - INFO - [query_optimizer.py:16] - Detected query type: explanation
2026-05-28 13:05:31,687 - CarnaticGPT-Server - INFO - [rag.py:323] - Raga entity detected: 'Bhairavi'. Filtering retrieval matching keywords.
2026-05-28 13:05:31,687 - CarnaticGPT-Server - INFO - [reranker.py:27] - Reranking 1 chunks for query: 'Explain Raga Bhairavi'
2026-05-28 13:05:31,687 - CarnaticGPT-Server - INFO - [reranker.py:69] - Top 3 reranked scores: [0.99]
2026-05-28 13:05:31,688 - CarnaticGPT-Server - INFO - [response_generator.py:123] - Generating natural answer for query: 'Explain Bhairavi' with 1 chunks.
2026-05-28 13:05:31,709 - CarnaticGPT-Server - INFO - [query_optimizer.py:16] - Detected query type: explanation
2026-05-28 13:05:31,709 - CarnaticGPT-Server - INFO - [response_generator.py:196] - Using local Carnatic response generator fallback.
2026-05-28 13:05:31,710 - CarnaticGPT-Server - INFO - [response_formatter.py:40] - Answer formatting and Markdown auditing complete.
2026-05-28 13:20:53,778 - CarnaticGPT-Server - INFO - [model_loader.py:11] - Initializing embedding model cache...
2026-05-28 13:28:16,959 - CarnaticGPT-Server - INFO - [model_loader.py:11] - Initializing embedding model cache...
2026-05-28 14:22:25,464 - CarnaticGPT-Server - INFO - [model_loader.py:11] - Initializing embedding model cache...
2026-05-28 14:25:33,885 - CarnaticGPT-Server - INFO - [model_loader.py:11] - Initializing embedding model cache...
2026-05-28 14:25:42,110 - CarnaticGPT-Server - INFO - [model_loader.py:11] - Initializing embedding model cache...
2026-05-28 14:25:55,243 - CarnaticGPT-Server - INFO - [model_loader.py:11] - Initializing embedding model cache...
2026-05-28 14:33:18,194 - CarnaticGPT-Server - INFO - [model_loader.py:11] - Initializing embedding model cache...
2026-05-28 14:33:59,251 - CarnaticGPT-Server - INFO - [model_loader.py:11] - Initializing embedding model cache...
2026-05-28 14:34:52,698 - CarnaticGPT-Server - INFO - [model_loader.py:11] - Initializing embedding model cache...
2026-05-28 14:35:21,751 - CarnaticGPT-Server - INFO - [model_loader.py:11] - Initializing embedding model cache...
2026-05-28 14:41:00,462 - CarnaticGPT-Server - INFO - [model_loader.py:11] - Initializing embedding model cache...
2026-05-28 14:44:54,534 - CarnaticGPT-Server - INFO - [model_loader.py:11] - Initializing embedding model cache...
2026-05-28 14:45:05,397 - CarnaticGPT-Server - INFO - [model_loader.py:11] - Initializing embedding model cache...
2026-05-28 14:45:46,912 - CarnaticGPT-Server - INFO - [model_loader.py:11] - Initializing embedding model cache...
2026-05-28 14:49:09,019 - CarnaticGPT-Server - INFO - [model_loader.py:11] - Initializing embedding model cache...
2026-05-28 15:38:13,844 - CarnaticGPT-Server - INFO - [model_loader.py:11] - Initializing embedding model cache...
2026-05-28 15:42:11,957 - CarnaticGPT-Server - INFO - [model_loader.py:11] - Initializing embedding model cache...
2026-05-28 16:00:08,879 - CarnaticGPT-Server - INFO - [model_loader.py:11] - Initializing embedding model cache...
2026-05-28 16:09:42,330 - CarnaticGPT-Server - INFO - [model_loader.py:11] - Initializing embedding model cache...
2026-05-28 16:10:15,979 - CarnaticGPT-Server - INFO - [model_loader.py:11] - Initializing embedding model cache...
2026-05-28 16:15:24,091 - CarnaticGPT-Server - INFO - [model_loader.py:11] - Initializing embedding model cache...
2026-05-28 16:39:09,486 - CarnaticGPT-Server - INFO - [model_loader.py:11] - Initializing embedding model cache...
2026-05-30 09:52:18,737 - CarnaticGPT-Server - INFO - [model_loader.py:11] - Initializing embedding model cache...
2026-05-30 10:12:02,402 - CarnaticGPT-Server - INFO - [model_loader.py:11] - Initializing embedding model cache...
2026-05-30 10:12:10,655 - CarnaticGPT-Server - INFO - [model_loader.py:11] - Initializing embedding model cache...
2026-05-30 10:12:39,653 - CarnaticGPT-Server - INFO - [model_loader.py:11] - Initializing embedding model cache...
2026-05-30 10:12:42,705 - CarnaticGPT-Server - INFO - [model_loader.py:11] - Initializing embedding model cache...
2026-05-30 10:13:10,164 - CarnaticGPT-Server - INFO - [model_loader.py:11] - Initializing embedding model cache...
2026-05-30 10:13:11,176 - CarnaticGPT-Server - INFO - [model_loader.py:11] - Initializing embedding model cache...
2026-05-30 10:13:33,976 - CarnaticGPT-Server - INFO - [model_loader.py:11] - Initializing embedding model cache...
2026-05-30 10:17:41,572 - CarnaticGPT-Server - INFO - [model_loader.py:11] - Initializing embedding model cache...
2026-05-30 10:18:59,645 - CarnaticGPT-Server - INFO - [model_loader.py:11] - Initializing embedding model cache...
2026-05-30 10:19:21,284 - CarnaticGPT-Server - INFO - [model_loader.py:11] - Initializing embedding model cache...
2026-05-30 10:23:20,589 - CarnaticGPT-Server - INFO - [model_loader.py:11] - Initializing embedding model cache...
2026-05-30 10:23:45,531 - CarnaticGPT-Server - INFO - [model_loader.py:11] - Initializing embedding model cache...
2026-05-30 10:24:20,129 - CarnaticGPT-Server - INFO - [model_loader.py:11] - Initializing embedding model cache...
2026-05-30 10:45:56,007 - CarnaticGPT-Server - INFO - [model_loader.py:11] - Initializing embedding model cache...
2026-05-30 11:00:06,637 - CarnaticGPT-Server - INFO - [model_loader.py:11] - Initializing embedding model cache...
2026-05-30 12:48:55,915 - CarnaticGPT-Server - INFO - [model_loader.py:11] - Initializing embedding model cache...
2026-05-30 12:59:33,195 - CarnaticGPT-Server - INFO - [model_loader.py:11] - Initializing embedding model cache...
2026-05-30 13:09:46,597 - CarnaticGPT-Server - INFO - [model_loader.py:11] - Initializing embedding model cache...
2026-05-30 13:10:08,092 - CarnaticGPT-Server - INFO - [model_loader.py:11] - Initializing embedding model cache...
2026-05-30 13:16:18,229 - CarnaticGPT-Server - INFO - [model_loader.py:11] - Initializing embedding model cache...
2026-05-30 13:16:31,246 - CarnaticGPT-Server - INFO - [model_loader.py:11] - Initializing embedding model cache...
2026-05-30 13:17:32,611 - CarnaticGPT-Server - INFO - [model_loader.py:11] - Initializing embedding model cache...
2026-05-30 13:33:02,107 - CarnaticGPT-Server - INFO - [model_loader.py:11] - Initializing embedding model cache...
2026-05-30 13:33:21,468 - CarnaticGPT-Server - INFO - [model_loader.py:11] - Initializing embedding model cache...
2026-05-30 13:33:53,092 - CarnaticGPT-Server - INFO - [model_loader.py:11] - Initializing embedding model cache...
2026-05-30 13:34:31,451 - CarnaticGPT-Server - INFO - [model_loader.py:11] - Initializing embedding model cache...
2026-05-30 13:41:54,083 - CarnaticGPT-Server - INFO - [model_loader.py:11] - Initializing embedding model cache...
2026-05-30 14:14:31,099 - CarnaticGPT-Server - INFO - [model_loader.py:11] - Initializing embedding model cache...
2026-05-30 14:17:05,488 - CarnaticGPT-Server - INFO - [model_loader.py:11] - Initializing embedding model cache...
2026-05-30 14:42:23,620 - CarnaticGPT-Server - INFO - [model_loader.py:11] - Initializing embedding model cache...
2026-05-30 14:46:52,122 - CarnaticGPT-Server - INFO - [model_loader.py:11] - Initializing embedding model cache...
2026-05-30 14:47:05,942 - CarnaticGPT-Server - INFO - [model_loader.py:11] - Initializing embedding model cache...
2026-05-30 14:47:57,438 - CarnaticGPT-Server - INFO - [model_loader.py:11] - Initializing embedding model cache...
2026-05-30 14:48:22,825 - CarnaticGPT-Server - INFO - [model_loader.py:11] - Initializing embedding model cache...
2026-05-30 14:52:49,473 - CarnaticGPT-Server - INFO - [model_loader.py:11] - Initializing embedding model cache...
2026-05-30 15:44:14,806 - CarnaticGPT-Server - INFO - [model_loader.py:11] - Initializing embedding model cache...
2026-05-30 16:25:04,114 - CarnaticGPT-Server - INFO - [model_loader.py:11] - Initializing embedding model cache...
2026-05-30 16:50:32,375 - CarnaticGPT-Server - INFO - [model_loader.py:11] - Initializing embedding model cache...
2026-05-30 16:51:05,567 - CarnaticGPT-Server - INFO - [model_loader.py:11] - Initializing embedding model cache...
2026-05-30 16:52:26,787 - CarnaticGPT-Server - INFO - [model_loader.py:11] - Initializing embedding model cache...
2026-05-30 16:55:35,906 - CarnaticGPT-Server - INFO - [model_loader.py:11] - Initializing embedding model cache...
2026-05-30 16:58:25,378 - CarnaticGPT-Server - INFO - [model_loader.py:11] - Initializing embedding model cache...
2026-05-30 17:05:28,073 - CarnaticGPT-Server - INFO - [model_loader.py:11] - Initializing embedding model cache...
2026-05-30 17:29:19,200 - CarnaticGPT-Server - INFO - [model_loader.py:11] - Initializing embedding model cache...
2026-05-30 17:29:47,964 - CarnaticGPT-Server - INFO - [model_loader.py:11] - Initializing embedding model cache...
2026-05-30 17:30:09,254 - CarnaticGPT-Server - INFO - [model_loader.py:11] - Initializing embedding model cache...
2026-05-30 17:30:31,663 - CarnaticGPT-Server - INFO - [model_loader.py:11] - Initializing embedding model cache...
2026-05-30 17:31:39,539 - CarnaticGPT-Server - INFO - [model_loader.py:11] - Initializing embedding model cache...
2026-05-30 17:36:14,087 - CarnaticGPT-Server - INFO - [model_loader.py:11] - Initializing embedding model cache...
2026-05-30 17:37:44,792 - CarnaticGPT-Server - INFO - [model_loader.py:11] - Initializing embedding model cache...
2026-05-30 17:49:12,247 - CarnaticGPT-Server - INFO - [model_loader.py:11] - Initializing embedding model cache...
2026-05-30 17:50:24,655 - CarnaticGPT-Server - INFO - [model_loader.py:11] - Initializing embedding model cache...
2026-05-30 18:01:50,311 - CarnaticGPT-Server - INFO - [model_loader.py:11] - Initializing embedding model cache...
2026-05-30 18:08:50,080 - CarnaticGPT-Server - INFO - [reranker.py:20] - CarnaticReranker initialized.
2026-05-30 18:08:50,083 - CarnaticGPT-Server - INFO - [confidence_engine.py:12] - CarnaticConfidenceEngine initialized.
2026-05-30 18:08:50,089 - CarnaticGPT-Server - INFO - [response_formatter.py:10] - CarnaticResponseFormatter initialized.
2026-05-30 18:08:50,140 - CarnaticGPT-Server - INFO - [model_loader.py:11] - Initializing embedding model cache...
2026-05-30 18:09:16,062 - CarnaticGPT-Server - INFO - [rag.py:267] - Executing improved RAG Pipeline for query: 'Explain Bhairavi'
2026-05-30 18:09:16,065 - CarnaticGPT-Server - INFO - [query_optimizer.py:16] - Detected query type: explanation
2026-05-30 18:09:16,344 - CarnaticGPT-Server - INFO - [rag.py:323] - Raga entity detected: 'Bhairavi'. Filtering retrieval matching keywords.
2026-05-30 18:09:16,345 - CarnaticGPT-Server - INFO - [reranker.py:27] - Reranking 1 chunks for query: 'Explain Raga Bhairavi'
2026-05-30 18:09:16,346 - CarnaticGPT-Server - INFO - [reranker.py:69] - Top 3 reranked scores: [0.99]
2026-05-30 18:09:16,346 - CarnaticGPT-Server - INFO - [response_generator.py:123] - Generating natural answer for query: 'Explain Bhairavi' with 1 chunks.
2026-05-30 18:09:16,346 - CarnaticGPT-Server - INFO - [query_optimizer.py:16] - Detected query type: explanation
2026-05-30 18:09:16,347 - CarnaticGPT-Server - INFO - [response_generator.py:196] - Using local Carnatic response generator fallback.
2026-05-30 18:09:16,349 - CarnaticGPT-Server - INFO - [response_formatter.py:40] - Answer formatting and Markdown auditing complete.
2026-05-30 18:12:21,785 - CarnaticGPT-Server - INFO - [reranker.py:20] - CarnaticReranker initialized.
2026-05-30 18:12:21,789 - CarnaticGPT-Server - INFO - [confidence_engine.py:12] - CarnaticConfidenceEngine initialized.
2026-05-30 18:12:21,804 - CarnaticGPT-Server - INFO - [response_formatter.py:10] - CarnaticResponseFormatter initialized.
2026-05-30 18:12:21,931 - CarnaticGPT-Server - INFO - [model_loader.py:11] - Initializing embedding model cache...
2026-05-30 18:12:51,611 - CarnaticGPT-Server - INFO - [rag.py:267] - Executing improved RAG Pipeline for query: 'Explain Bhairavi'
2026-05-30 18:12:51,612 - CarnaticGPT-Server - INFO - [query_optimizer.py:16] - Detected query type: explanation
2026-05-30 18:12:51,811 - CarnaticGPT-Server - INFO - [rag.py:323] - Raga entity detected: 'Bhairavi'. Filtering retrieval matching keywords.
2026-05-30 18:12:51,811 - CarnaticGPT-Server - INFO - [reranker.py:27] - Reranking 1 chunks for query: 'Explain Raga Bhairavi'
2026-05-30 18:12:51,811 - CarnaticGPT-Server - INFO - [reranker.py:69] - Top 3 reranked scores: [0.99]
2026-05-30 18:12:51,811 - CarnaticGPT-Server - INFO - [response_generator.py:123] - Generating natural answer for query: 'Explain Bhairavi' with 1 chunks.
2026-05-30 18:12:51,812 - CarnaticGPT-Server - INFO - [query_optimizer.py:16] - Detected query type: explanation
2026-05-30 18:12:51,812 - CarnaticGPT-Server - INFO - [response_generator.py:196] - Using local Carnatic response generator fallback.
2026-05-30 18:12:51,813 - CarnaticGPT-Server - INFO - [response_formatter.py:40] - Answer formatting and Markdown auditing complete.
2026-05-30 18:14:21,139 - CarnaticGPT-Server - INFO - [model_loader.py:11] - Initializing embedding model cache...
2026-05-30 18:18:30,269 - CarnaticGPT-Server - INFO - [model_loader.py:11] - Initializing embedding model cache...
2026-05-30 18:19:38,521 - CarnaticGPT-Server - INFO - [model_loader.py:11] - Initializing embedding model cache...
2026-05-30 18:21:50,201 - CarnaticGPT-Server - INFO - [model_loader.py:11] - Initializing embedding model cache...
2026-05-30 18:22:50,856 - CarnaticGPT-Server - INFO - [model_loader.py:11] - Initializing embedding model cache...
2026-05-30 18:22:51,001 - CarnaticGPT-Server - INFO - [model_loader.py:11] - Initializing embedding model cache...
2026-05-30 18:26:19,183 - CarnaticGPT-Server - INFO - [model_loader.py:11] - Initializing embedding model cache...
2026-05-30 18:58:05,129 - CarnaticGPT-Server - INFO - [model_loader.py:11] - Initializing embedding model cache...
2026-05-30 20:16:41,199 - CarnaticGPT-Server - INFO - [model_loader.py:11] - Initializing embedding model cache...
2026-05-30 20:30:12,852 - CarnaticGPT-Server - INFO - [model_loader.py:11] - Initializing embedding model cache...
2026-05-30 20:42:54,859 - CarnaticGPT-Server - INFO - [model_loader.py:11] - Initializing embedding model cache...
2026-05-30 20:50:40,663 - CarnaticGPT-Server - INFO - [model_loader.py:11] - Initializing embedding model cache...
2026-05-30 20:52:00,590 - CarnaticGPT-Server - INFO - [model_loader.py:11] - Initializing embedding model cache...
2026-05-30 20:59:31,445 - CarnaticGPT-Server - INFO - [model_loader.py:11] - Initializing embedding model cache...
2026-05-30 21:00:43,517 - CarnaticGPT-Server - INFO - [model_loader.py:11] - Initializing embedding model cache...
2026-05-30 21:00:53,669 - CarnaticGPT-Server - INFO - [model_loader.py:11] - Initializing embedding model cache...
2026-05-30 21:03:31,952 - CarnaticGPT-Server - INFO - [model_loader.py:11] - Initializing embedding model cache...
2026-05-30 21:04:00,190 - CarnaticGPT-Server - INFO - [model_loader.py:11] - Initializing embedding model cache...
2026-05-30 21:04:40,248 - CarnaticGPT-Server - INFO - [model_loader.py:11] - Initializing embedding model cache...
2026-05-30 21:12:39,324 - CarnaticGPT-Server - INFO - [model_loader.py:11] - Initializing embedding model cache...
2026-05-30 21:21:52,864 - CarnaticGPT-Server - INFO - [model_loader.py:11] - Initializing embedding model cache...
2026-05-30 21:33:00,301 - CarnaticGPT-Server - INFO - [model_loader.py:11] - Initializing embedding model cache...
2026-05-30 21:37:24,958 - CarnaticGPT-Server - INFO - [model_loader.py:11] - Initializing embedding model cache...
2026-05-30 21:40:13,473 - CarnaticGPT-Server - INFO - [model_loader.py:11] - Initializing embedding model cache...
2026-05-30 21:46:40,393 - CarnaticGPT-Server - INFO - [model_loader.py:11] - Initializing embedding model cache...
2026-05-30 21:47:30,775 - CarnaticGPT-Server - INFO - [model_loader.py:11] - Initializing embedding model cache...
2026-05-30 21:48:43,355 - CarnaticGPT-Server - INFO - [model_loader.py:11] - Initializing embedding model cache...
2026-05-30 21:55:34,042 - CarnaticGPT-Server - INFO - [model_loader.py:11] - Initializing embedding model cache...
2026-05-30 22:02:35,008 - CarnaticGPT-Server - INFO - [model_loader.py:11] - Initializing embedding model cache...
2026-05-30 22:11:45,308 - CarnaticGPT-Server - INFO - [model_loader.py:11] - Initializing embedding model cache...
2026-05-30 22:13:30,836 - CarnaticGPT-Server - INFO - [model_loader.py:11] - Initializing embedding model cache...
2026-05-30 23:01:36,111 - CarnaticGPT-Server - INFO - [model_loader.py:11] - Initializing embedding model cache...
2026-05-30 23:12:50,757 - CarnaticGPT-Server - INFO - [model_loader.py:11] - Initializing embedding model cache...
2026-05-30 23:14:08,131 - CarnaticGPT-Server - INFO - [model_loader.py:11] - Initializing embedding model cache...
2026-05-30 23:19:17,883 - CarnaticGPT-Server - INFO - [model_loader.py:11] - Initializing embedding model cache...
2026-05-30 23:23:00,940 - CarnaticGPT-Server - INFO - [model_loader.py:11] - Initializing embedding model cache...
2026-05-30 23:34:15,910 - CarnaticGPT-Server - INFO - [model_loader.py:11] - Initializing embedding model cache...
2026-05-30 23:35:45,832 - CarnaticGPT-Server - INFO - [model_loader.py:11] - Initializing embedding model cache...
2026-05-30 23:49:07,737 - CarnaticGPT-Server - INFO - [model_loader.py:11] - Initializing embedding model cache...
2026-05-30 23:51:46,771 - CarnaticGPT-Server - INFO - [model_loader.py:11] - Initializing embedding model cache...
2026-05-30 23:56:26,260 - CarnaticGPT-Server - INFO - [model_loader.py:11] - Initializing embedding model cache...
2026-05-30 23:57:20,108 - CarnaticGPT-Server - INFO - [model_loader.py:11] - Initializing embedding model cache...
2026-05-31 06:47:23,747 - CarnaticGPT-Server - INFO - [model_loader.py:11] - Initializing embedding model cache...
2026-05-31 06:50:07,945 - CarnaticGPT-Server - INFO - [model_loader.py:11] - Initializing embedding model cache...
2026-05-31 06:50:37,291 - CarnaticGPT-Server - INFO - [model_loader.py:11] - Initializing embedding model cache...
2026-05-31 06:51:19,000 - CarnaticGPT-Server - INFO - [model_loader.py:11] - Initializing embedding model cache...
2026-05-31 06:51:56,310 - CarnaticGPT-Server - INFO - [model_loader.py:11] - Initializing embedding model cache...
2026-05-31 06:52:27,559 - CarnaticGPT-Server - INFO - [database.py:87] - SQLite database tables verified/initialized successfully.
2026-05-31 06:52:27,905 - CarnaticGPT-Server - INFO - [reranker.py:20] - CarnaticReranker initialized.
2026-05-31 06:52:27,907 - CarnaticGPT-Server - INFO - [confidence_engine.py:12] - CarnaticConfidenceEngine initialized.
2026-05-31 06:52:27,910 - CarnaticGPT-Server - INFO - [response_formatter.py:10] - CarnaticResponseFormatter initialized.
2026-05-31 06:52:28,911 - CarnaticGPT-Server - INFO - [model_loader.py:11] - Initializing embedding model cache...
2026-05-31 06:53:42,132 - CarnaticGPT-Server - INFO - [database.py:87] - SQLite database tables verified/initialized successfully.
2026-05-31 06:53:42,377 - CarnaticGPT-Server - INFO - [reranker.py:20] - CarnaticReranker initialized.
2026-05-31 06:53:42,379 - CarnaticGPT-Server - INFO - [confidence_engine.py:12] - CarnaticConfidenceEngine initialized.
2026-05-31 06:53:42,381 - CarnaticGPT-Server - INFO - [response_formatter.py:10] - CarnaticResponseFormatter initialized.
2026-05-31 06:53:42,968 - CarnaticGPT-Server - INFO - [model_loader.py:11] - Initializing embedding model cache...
2026-05-31 06:55:13,133 - CarnaticGPT-Server - INFO - [model_loader.py:11] - Initializing embedding model cache...
2026-05-31 06:57:00,559 - CarnaticGPT-Server - INFO - [model_loader.py:11] - Initializing embedding model cache...
2026-05-31 06:59:23,145 - CarnaticGPT-Server - INFO - [model_loader.py:11] - Initializing embedding model cache...
2026-05-31 07:00:39,322 - CarnaticGPT-Server - INFO - [model_loader.py:11] - Initializing embedding model cache...
2026-05-31 07:01:24,174 - CarnaticGPT-Server - INFO - [model_loader.py:11] - Initializing embedding model cache...
2026-05-31 07:02:02,097 - CarnaticGPT-Server - INFO - [model_loader.py:11] - Initializing embedding model cache...
2026-05-31 07:03:26,183 - CarnaticGPT-Server - INFO - [model_loader.py:11] - Initializing embedding model cache...
2026-05-31 07:04:42,507 - CarnaticGPT-Server - INFO - [model_loader.py:11] - Initializing embedding model cache...
2026-05-31 07:05:33,750 - CarnaticGPT-Server - INFO - [model_loader.py:11] - Initializing embedding model cache...
2026-05-31 07:06:24,684 - CarnaticGPT-Server - INFO - [model_loader.py:11] - Initializing embedding model cache...
2026-05-31 07:07:54,539 - CarnaticGPT-Server - INFO - [model_loader.py:11] - Initializing embedding model cache...
2026-05-31 07:11:43,525 - CarnaticGPT-Server - INFO - [model_loader.py:11] - Initializing embedding model cache...
2026-05-31 07:16:15,346 - CarnaticGPT-Server - INFO - [model_loader.py:11] - Initializing embedding model cache...
2026-05-31 07:21:10,614 - CarnaticGPT-Server - INFO - [model_loader.py:11] - Initializing embedding model cache...
2026-05-31 07:27:39,814 - CarnaticGPT-Server - INFO - [model_loader.py:11] - Initializing embedding model cache...
2026-05-31 07:36:20,719 - CarnaticGPT-Server - INFO - [model_loader.py:11] - Initializing embedding model cache...
2026-05-31 07:45:34,183 - CarnaticGPT-Server - INFO - [model_loader.py:11] - Initializing embedding model cache...
2026-05-31 07:52:42,194 - CarnaticGPT-Server - INFO - [model_loader.py:11] - Initializing embedding model cache...
2026-05-31 08:04:19,110 - CarnaticGPT-Server - INFO - [model_loader.py:11] - Initializing embedding model cache...
2026-05-31 08:11:48,364 - CarnaticGPT-Server - INFO - [model_loader.py:11] - Initializing embedding model cache...
2026-05-31 08:13:06,294 - CarnaticGPT-Server - INFO - [model_loader.py:11] - Initializing embedding model cache...
2026-05-31 08:18:01,811 - CarnaticGPT-Server - INFO - [model_loader.py:11] - Initializing embedding model cache...
2026-05-31 08:25:02,669 - CarnaticGPT-Server - INFO - [model_loader.py:11] - Initializing embedding model cache...
2026-05-31 08:36:18,501 - CarnaticGPT-Server - INFO - [model_loader.py:11] - Initializing embedding model cache...
2026-05-31 08:39:16,163 - CarnaticGPT-Server - INFO - [model_loader.py:11] - Initializing embedding model cache...
2026-05-31 08:47:42,720 - CarnaticGPT-Server - INFO - [model_loader.py:11] - Initializing embedding model cache...
2026-05-31 08:49:19,568 - CarnaticGPT-Server - INFO - [model_loader.py:11] - Initializing embedding model cache...
2026-05-31 08:50:56,333 - CarnaticGPT-Server - INFO - [model_loader.py:11] - Initializing embedding model cache...
2026-05-31 08:57:08,693 - CarnaticGPT-Server - INFO - [model_loader.py:11] - Initializing embedding model cache...
2026-05-31 08:59:46,094 - CarnaticGPT-Server - INFO - [model_loader.py:11] - Initializing embedding model cache...
2026-05-31 09:12:43,887 - CarnaticGPT-Server - INFO - [model_loader.py:11] - Initializing embedding model cache...
2026-05-31 09:14:09,902 - CarnaticGPT-Server - INFO - [model_loader.py:11] - Initializing embedding model cache...
2026-05-31 09:17:06,392 - CarnaticGPT-Server - INFO - [model_loader.py:11] - Initializing embedding model cache...
2026-05-31 09:44:51,456 - CarnaticGPT-Server - INFO - [model_loader.py:11] - Initializing embedding model cache...
2026-05-31 10:16:34,297 - CarnaticGPT-Server - INFO - [model_loader.py:11] - Initializing embedding model cache...
2026-05-31 10:19:42,439 - CarnaticGPT-Server - INFO - [model_loader.py:11] - Initializing embedding model cache...
2026-05-31 10:27:43,432 - CarnaticGPT-Server - INFO - [model_loader.py:11] - Initializing embedding model cache...
2026-05-31 10:31:48,441 - CarnaticGPT-Server - INFO - [model_loader.py:11] - Initializing embedding model cache...
2026-05-31 10:34:41,537 - CarnaticGPT-Server - INFO - [model_loader.py:11] - Initializing embedding model cache...
2026-05-31 10:38:20,787 - CarnaticGPT-Server - INFO - [model_loader.py:11] - Initializing embedding model cache...
2026-05-31 11:04:27,183 - CarnaticGPT-Server - INFO - [model_loader.py:11] - Initializing embedding model cache...
2026-05-31 11:04:52,636 - CarnaticGPT-Server - INFO - [database.py:87] - SQLite database tables verified/initialized successfully.
2026-05-31 11:16:39,225 - CarnaticGPT-Server - INFO - [model_loader.py:11] - Initializing embedding model cache...
2026-05-31 11:17:01,431 - CarnaticGPT-Server - INFO - [database.py:87] - SQLite database tables verified/initialized successfully.
2026-05-31 11:17:51,955 - CarnaticGPT-Server - INFO - [model_loader.py:11] - Initializing embedding model cache...
2026-05-31 11:18:12,714 - CarnaticGPT-Server - INFO - [database.py:87] - SQLite database tables verified/initialized successfully.
2026-05-31 11:21:36,720 - CarnaticGPT-Server - INFO - [model_loader.py:11] - Initializing embedding model cache...
2026-05-31 11:21:59,183 - CarnaticGPT-Server - INFO - [database.py:87] - SQLite database tables verified/initialized successfully.
2026-05-31 11:25:56,805 - CarnaticGPT-Server - INFO - [model_loader.py:11] - Initializing embedding model cache...
2026-05-31 11:26:18,880 - CarnaticGPT-Server - INFO - [database.py:87] - SQLite database tables verified/initialized successfully.
